order_id,customer_id,customer_city,customer_state,order_status,order_purchase_timestamp,order_date,order_year_month,order_hour,order_delivered_customer_date,order_estimated_delivery_date,delivery_days,is_on_time,order_revenue,payment_method,csat_review_score
syn_ord_11abe23e0603,syn_cst_a2e81324f4,sao paulo,SP,delivered,2026-09-30 22:24:12,2026-09-30,2026-09,22,2026-10-04 22:24:12,2026-10-12 22:24:12,4.0,1.0,65.12,credit_card,5.0
syn_ord_1cd113b4d170,syn_cst_874dfc8967,curitiba,PR,delivered,2026-09-30 22:24:12,2026-09-30,2026-09,22,2026-10-04 22:24:12,2026-10-12 22:24:12,4.0,1.0,78.07,debit_card,5.0
syn_ord_8df3faec89d3,syn_cst_c7afee5038,campinas,SP,delivered,2026-09-30 22:24:07,2026-09-30,2026-09,22,2026-10-04 22:24:07,2026-10-12 22:24:07,4.0,1.0,319.83,voucher,5.0
syn_ord_c6ef91e9f152,syn_cst_3735bf726d,belo horizonte,MG,delivered,2026-09-30 22:24:03,2026-09-30,2026-09,22,2026-10-04 22:24:03,2026-10-12 22:24:03,4.0,1.0,240.77,credit_card,5.0
syn_ord_54fc27fd9a34,syn_cst_e3a89f919c,salvador,BA,delivered,2026-09-30 22:24:03,2026-09-30,2026-09,22,2026-10-04 22:24:03,2026-10-12 22:24:03,4.0,1.0,135.09,boleto,4.0
syn_ord_fa7456add569,syn_cst_3081fa47b5,recife,PE,delivered,2026-09-30 22:24:03,2026-09-30,2026-09,22,2026-10-03 22:24:03,2026-10-12 22:24:03,3.0,1.0,68.98,voucher,4.0
syn_ord_3423ee1f3eea,syn_cst_4c418fa789,curitiba,PR,delivered,2026-09-30 22:23:59,2026-09-30,2026-09,22,2026-10-02 22:23:59,2026-10-12 22:23:59,2.0,1.0,106.89,credit_card,5.0
syn_ord_0c457ee45986,syn_cst_4b9f77a886,rio de janeiro,RJ,canceled,2026-09-30 22:23:58,2026-09-30,2026-09,22,,2026-10-12 22:23:58,,,147.45,debit_card,1.0
syn_ord_2ad8708c4d06,syn_cst_20c8b43927,salvador,BA,canceled,2026-09-30 22:23:58,2026-09-30,2026-09,22,,2026-10-12 22:23:58,,,158.86,credit_card,3.0
syn_ord_bb3ec51dd9f0,syn_cst_958c66f0d7,belo horizonte,MG,canceled,2026-09-30 22:23:58,2026-09-30,2026-09,22,,2026-10-12 22:23:58,,,144.86,voucher,2.0
syn_ord_f92d414d8ab4,syn_cst_2b9a569356,recife,PE,canceled,2026-09-30 22:23:58,2026-09-30,2026-09,22,,2026-10-12 22:23:58,,,171.12,boleto,2.0
syn_ord_e337a6919929,syn_cst_01ec8cb898,brasilia,DF,canceled,2026-09-30 22:23:58,2026-09-30,2026-09,22,,2026-10-12 22:23:58,,,115.47,boleto,1.0
syn_ord_08a1e20f9b5e,syn_cst_cb2d2922a1,curitiba,PR,canceled,2026-09-30 22:23:58,2026-09-30,2026-09,22,,2026-10-12 22:23:58,,,80.6,boleto,3.0
syn_ord_3fcefc9ff0f3,syn_cst_b2b76b0755,sao paulo,SP,canceled,2026-09-30 22:23:58,2026-09-30,2026-09,22,,2026-10-12 22:23:58,,,54.85,credit_card,1.0
syn_ord_e494fe2d4eb7,syn_cst_c41280caa9,rio de janeiro,RJ,canceled,2026-09-30 22:23:58,2026-09-30,2026-09,22,,2026-10-12 22:23:58,,,179.72,boleto,2.0
syn_ord_86ea6da4388b,syn_cst_d9466b8713,belo horizonte,MG,canceled,2026-09-30 22:23:58,2026-09-30,2026-09,22,,2026-10-12 22:23:58,,,60.36,debit_card,1.0
syn_ord_41a0519178f0,syn_cst_461da31304,recife,PE,canceled,2026-09-30 22:23:58,2026-09-30,2026-09,22,,2026-10-12 22:23:58,,,94.94,credit_card,2.0
syn_ord_3ba6acb27b4b,syn_cst_570c37010d,brasilia,DF,canceled,2026-09-30 22:23:58,2026-09-30,2026-09,22,,2026-10-12 22:23:58,,,198.61,voucher,2.0
syn_ord_aea1a1d56890,syn_cst_e80dd6a8d6,porto alegre,RS,canceled,2026-09-30 22:23:58,2026-09-30,2026-09,22,,2026-10-12 22:23:58,,,158.21,voucher,1.0
syn_ord_d3ac5c31a9b1,syn_cst_c77f7b0bb1,fortaleza,CE,canceled,2026-09-30 22:23:58,2026-09-30,2026-09,22,,2026-10-12 22:23:58,,,90.9,boleto,1.0
syn_ord_d755915e167f,syn_cst_3b8fffe211,porto alegre,RS,canceled,2026-09-30 22:23:58,2026-09-30,2026-09,22,,2026-10-12 22:23:58,,,125.91,boleto,1.0
syn_ord_b32fc9885a34,syn_cst_6b6b82355d,sao paulo,SP,canceled,2026-09-30 22:23:58,2026-09-30,2026-09,22,,2026-10-12 22:23:58,,,167.08,credit_card,1.0
syn_ord_73e6b8200173,syn_cst_69a6c40636,curitiba,PR,canceled,2026-09-30 22:23:58,2026-09-30,2026-09,22,,2026-10-12 22:23:58,,,50.7,boleto,3.0
syn_ord_65f92b05ba94,syn_cst_094ec74028,porto alegre,RS,canceled,2026-09-30 22:23:58,2026-09-30,2026-09,22,,2026-10-12 22:23:58,,,139.0,credit_card,1.0
syn_ord_2ef487474fb9,syn_cst_9ef4d8d376,rio de janeiro,RJ,canceled,2026-09-30 22:23:58,2026-09-30,2026-09,22,,2026-10-12 22:23:58,,,112.99,debit_card,3.0
syn_ord_e2700d1e381c,syn_cst_25377c366c,salvador,BA,canceled,2026-09-30 22:23:58,2026-09-30,2026-09,22,,2026-10-12 22:23:58,,,129.5,boleto,1.0
syn_ord_6b4a2948fece,syn_cst_cda15ad6dc,campinas,SP,canceled,2026-09-30 22:23:58,2026-09-30,2026-09,22,,2026-10-12 22:23:58,,,200.37,credit_card,1.0
syn_ord_c22ddf08499f,syn_cst_683ce7cfee,porto alegre,RS,canceled,2026-09-30 22:23:58,2026-09-30,2026-09,22,,2026-10-12 22:23:58,,,119.66,debit_card,3.0
syn_ord_fd69e19d8b5f,syn_cst_0433a12195,curitiba,PR,canceled,2026-09-30 22:23:58,2026-09-30,2026-09,22,,2026-10-12 22:23:58,,,211.71,debit_card,2.0
syn_ord_73f348a06992,syn_cst_0fdc1b9dcc,brasilia,DF,canceled,2026-09-30 22:23:58,2026-09-30,2026-09,22,,2026-10-12 22:23:58,,,58.19,credit_card,2.0
syn_ord_6d853ea0d7c3,syn_cst_1638ddd2a8,sao paulo,SP,canceled,2026-09-30 22:23:58,2026-09-30,2026-09,22,,2026-10-12 22:23:58,,,197.35,debit_card,1.0
syn_ord_19a3b9627785,syn_cst_73d98ff057,porto alegre,RS,canceled,2026-09-30 22:23:58,2026-09-30,2026-09,22,,2026-10-12 22:23:58,,,114.69,boleto,1.0
syn_ord_e466bdf9bf3f,syn_cst_970859623e,brasilia,DF,approved,2026-09-30 22:23:55,2026-09-30,2026-09,22,,2026-10-12 22:23:55,,,177.03,debit_card,5.0
syn_ord_7aad11ee0d0f,syn_cst_42c860b6f4,fortaleza,CE,delivered,2026-09-30 22:23:55,2026-09-30,2026-09,22,2026-10-04 22:23:55,2026-10-12 22:23:55,4.0,1.0,242.83,voucher,5.0
syn_ord_dbd2b220242f,syn_cst_ffba966f1f,campinas,SP,delivered,2026-09-30 22:23:55,2026-09-30,2026-09,22,2026-10-06 22:23:55,2026-10-12 22:23:55,6.0,1.0,287.6,debit_card,4.0
syn_ord_97e200e07bb6,syn_cst_e5b3c6c770,sao paulo,SP,delivered,2026-09-30 22:23:51,2026-09-30,2026-09,22,2026-10-04 22:23:51,2026-10-12 22:23:51,4.0,1.0,58.47,boleto,3.0
syn_ord_2b7e1164d51f,syn_cst_407ed4656c,sao paulo,SP,delivered,2026-09-30 22:23:46,2026-09-30,2026-09,22,2026-10-04 22:23:46,2026-10-12 22:23:46,4.0,1.0,59.58,boleto,5.0
syn_ord_1ac5fab058d3,syn_cst_44d3f7ca8c,campinas,SP,delivered,2026-09-30 22:23:42,2026-09-30,2026-09,22,2026-10-05 22:23:42,2026-10-12 22:23:42,5.0,1.0,284.92,credit_card,4.0
syn_ord_4c93707d605f,syn_cst_5e393dd5d3,belo horizonte,MG,delivered,2026-09-30 22:23:42,2026-09-30,2026-09,22,2026-10-04 22:23:42,2026-10-12 22:23:42,4.0,1.0,206.57,debit_card,1.0
syn_ord_d03c39f08437,syn_cst_e897255d1b,belo horizonte,MG,delivered,2026-09-30 22:17:26,2026-09-30,2026-09,22,2026-10-05 22:17:26,2026-10-12 22:17:26,5.0,1.0,128.16,debit_card,4.0
syn_ord_6ff57568b209,syn_cst_816a82ab0b,salvador,BA,delivered,2026-09-30 22:17:26,2026-09-30,2026-09,22,2026-10-04 22:17:26,2026-10-12 22:17:26,4.0,1.0,254.53,boleto,5.0
syn_ord_7bfbde5755c0,syn_cst_1cde8f6647,fortaleza,CE,delivered,2026-09-30 22:17:26,2026-09-30,2026-09,22,2026-10-02 22:17:26,2026-10-12 22:17:26,2.0,1.0,275.95,voucher,5.0
syn_ord_7b572d25f416,syn_cst_3ab390341b,recife,PE,shipped,2026-09-30 22:17:26,2026-09-30,2026-09,22,,2026-10-12 22:17:26,,,150.4,voucher,2.0
syn_ord_cc7e40eeb69d,syn_cst_5e59960fbe,recife,PE,shipped,2026-09-30 22:17:26,2026-09-30,2026-09,22,,2026-10-12 22:17:26,,,98.34,voucher,5.0
syn_ord_b3249daa2bcb,syn_cst_fbe7362859,porto alegre,RS,shipped,2026-09-30 22:17:26,2026-09-30,2026-09,22,,2026-10-12 22:17:26,,,279.11,voucher,5.0
syn_ord_cb3ad9998fa2,syn_cst_bb6384d57e,belo horizonte,MG,approved,2026-09-30 22:17:26,2026-09-30,2026-09,22,,2026-10-12 22:17:26,,,119.43,credit_card,5.0
syn_ord_34e0b8124cb8,syn_cst_512ae04904,campinas,SP,delivered,2026-09-30 22:17:26,2026-09-30,2026-09,22,2026-10-06 22:17:26,2026-10-12 22:17:26,6.0,1.0,304.85,voucher,4.0
syn_ord_94754400e186,syn_cst_93d52da3b6,belo horizonte,MG,delivered,2026-09-30 22:17:26,2026-09-30,2026-09,22,2026-10-03 22:17:26,2026-10-12 22:17:26,3.0,1.0,165.54,voucher,5.0
syn_ord_a3cb14dbd8fe,syn_cst_ea96677930,campinas,SP,delivered,2026-09-30 22:17:26,2026-09-30,2026-09,22,2026-10-05 22:17:26,2026-10-12 22:17:26,5.0,1.0,166.93,boleto,5.0
syn_ord_c293d63eb595,syn_cst_b2146c34b3,porto alegre,RS,delivered,2026-09-30 22:17:26,2026-09-30,2026-09,22,2026-10-05 22:17:26,2026-10-12 22:17:26,5.0,1.0,307.58,debit_card,5.0
syn_ord_cc77be87a34b,syn_cst_ec21951180,rio de janeiro,RJ,delivered,2026-09-30 22:17:26,2026-09-30,2026-09,22,2026-10-06 22:17:26,2026-10-12 22:17:26,6.0,1.0,176.49,boleto,5.0
syn_ord_2c099920d83f,syn_cst_c817681feb,sao paulo,SP,delivered,2026-09-30 22:17:26,2026-09-30,2026-09,22,2026-10-02 22:17:26,2026-10-12 22:17:26,2.0,1.0,83.53,boleto,2.0
syn_ord_9ba943e6b673,syn_cst_1937c9bd9c,curitiba,PR,delivered,2026-09-30 22:17:26,2026-09-30,2026-09,22,2026-10-02 22:17:26,2026-10-12 22:17:26,2.0,1.0,266.31,credit_card,5.0
syn_ord_2167b43e0e83,syn_cst_9439431437,salvador,BA,processing,2026-09-30 22:17:26,2026-09-30,2026-09,22,,2026-10-12 22:17:26,,,183.85,credit_card,5.0
syn_ord_a2d8a83931c3,syn_cst_46d5de5fbf,fortaleza,CE,delivered,2026-09-30 22:17:26,2026-09-30,2026-09,22,2026-10-02 22:17:26,2026-10-12 22:17:26,2.0,1.0,290.45,voucher,4.0
syn_ord_b5af31208896,syn_cst_2eb8026fcf,rio de janeiro,RJ,delivered,2026-09-30 22:17:26,2026-09-30,2026-09,22,2026-10-03 22:17:26,2026-10-12 22:17:26,3.0,1.0,80.93,boleto,4.0
syn_ord_be78a7a60945,syn_cst_ad93bb0059,sao paulo,SP,delivered,2026-09-30 22:17:26,2026-09-30,2026-09,22,2026-10-05 22:17:26,2026-10-12 22:17:26,5.0,1.0,143.65,credit_card,5.0
syn_ord_0ceb87a6a864,syn_cst_7773641b6f,recife,PE,shipped,2026-09-30 22:17:26,2026-09-30,2026-09,22,,2026-10-12 22:17:26,,,276.88,debit_card,5.0
syn_ord_79ce4775f6ba,syn_cst_8ada7c850c,campinas,SP,delivered,2026-09-30 22:17:26,2026-09-30,2026-09,22,2026-10-02 22:17:26,2026-10-12 22:17:26,2.0,1.0,226.05,voucher,3.0
syn_ord_962463a4f661,syn_cst_a7258f94f8,porto alegre,RS,delivered,2026-09-30 22:17:26,2026-09-30,2026-09,22,2026-10-06 22:17:26,2026-10-12 22:17:26,6.0,1.0,152.58,debit_card,3.0
syn_ord_8c0bdfaee2b2,syn_cst_679bba067a,fortaleza,CE,delivered,2026-09-30 22:17:26,2026-09-30,2026-09,22,2026-10-04 22:17:26,2026-10-12 22:17:26,4.0,1.0,231.75,voucher,4.0
syn_ord_9b1eea04e553,syn_cst_3f60de93c2,campinas,SP,delivered,2026-09-30 22:17:26,2026-09-30,2026-09,22,2026-10-05 22:17:26,2026-10-12 22:17:26,5.0,1.0,280.93,boleto,5.0
syn_ord_ec1597c2e229,syn_cst_37e4984b2d,salvador,BA,delivered,2026-09-30 22:17:26,2026-09-30,2026-09,22,2026-10-04 22:17:26,2026-10-12 22:17:26,4.0,1.0,306.74,debit_card,5.0
syn_ord_4a9d8423fe08,syn_cst_9a82e382ce,recife,PE,delivered,2026-09-30 22:17:26,2026-09-30,2026-09,22,2026-10-04 22:17:26,2026-10-12 22:17:26,4.0,1.0,199.7,voucher,5.0
a973b85a-60dd-4e97-b2e2-85a86435c63a,retained_38cbf0c5,Test City,XX,delivered,2026-09-16 10:43:17,2026-09-16,2026-09,10,2026-09-15 10:43:17,2026-09-15 10:43:17,-1.0,1.0,99.49277952011217,credit_card,0.0
a736263b-7d34-4d15-bcc5-7216d4de5884,new_bbaf9db6,Test City,XX,delivered,2026-09-16 08:43:17,2026-09-16,2026-09,08,2026-09-15 08:43:17,2026-09-15 08:43:17,-1.0,1.0,142.8184596468444,credit_card,0.0
83e1694f-ef71-4a99-8e1b-6ef6dfc5a876,retained_41b77e11,Test City,XX,delivered,2026-09-16 04:43:17,2026-09-16,2026-09,04,2026-09-15 04:43:17,2026-09-15 04:43:17,-1.0,1.0,54.24168598350712,credit_card,0.0
7879b778-5564-444a-bbcc-278aa94ae5f1,new_52793d19,Test City,XX,delivered,2026-09-16 03:43:17,2026-09-16,2026-09,03,2026-09-15 03:43:17,2026-09-15 03:43:17,-1.0,1.0,72.38240300127856,credit_card,0.0
3f1a6652-31a3-42a6-947a-abf77d19e070,retained_2d4c28a7,Test City,XX,delivered,2026-09-16 01:43:17,2026-09-16,2026-09,01,2026-09-15 01:43:17,2026-09-15 01:43:17,-1.0,1.0,114.72220097735702,credit_card,0.0
1a3939e7-ca9f-4242-b218-90a09144eb70,new_2b0e8656,Test City,XX,delivered,2026-09-16 00:43:17,2026-09-16,2026-09,00,2026-09-15 00:43:17,2026-09-15 00:43:17,-1.0,1.0,63.4055690213857,credit_card,0.0
0cff14d2-ce93-4e46-845f-e0491ef05ecf,retained_41ecd43b,Test City,XX,delivered,2026-09-15 23:43:17,2026-09-15,2026-09,23,2026-09-14 23:43:17,2026-09-14 23:43:17,-1.0,1.0,59.79041868853137,credit_card,0.0
242428b1-3bee-4570-9695-a0b61b78542e,retained_0d770ba9,Test City,XX,delivered,2026-09-15 23:43:17,2026-09-15,2026-09,23,2026-09-14 23:43:17,2026-09-14 23:43:17,-1.0,1.0,109.79360427408164,credit_card,0.0
1012b699-783c-487f-bfc3-e7a1036618cb,retained_874924ac,Test City,XX,delivered,2026-09-15 10:43:17,2026-09-15,2026-09,10,2026-09-14 10:43:17,2026-09-14 10:43:17,-1.0,1.0,94.02611601113078,credit_card,0.0
3c191210-2dd3-4ab7-81d4-1d370eed2175,retained_0326d8d3,Test City,XX,delivered,2026-09-15 10:43:17,2026-09-15,2026-09,10,2026-09-14 10:43:17,2026-09-14 10:43:17,-1.0,1.0,90.22756302232717,credit_card,0.0
d62837a2-a190-48c3-87a3-b2703f413378,new_ab8516b5,Test City,XX,delivered,2026-09-15 09:43:17,2026-09-15,2026-09,09,2026-09-14 09:43:17,2026-09-14 09:43:17,-1.0,1.0,89.02127575258416,credit_card,0.0
1a003c9b-5eb5-4fcf-8e78-bbdac0518e2c,retained_29cd6283,Test City,XX,delivered,2026-09-15 08:43:17,2026-09-15,2026-09,08,2026-09-14 08:43:17,2026-09-14 08:43:17,-1.0,1.0,135.27477086737855,credit_card,0.0
b84bb982-4228-4ff0-bdc3-a50a10f642d1,new_0d083c0c,Test City,XX,delivered,2026-09-15 05:43:17,2026-09-15,2026-09,05,2026-09-14 05:43:17,2026-09-14 05:43:17,-1.0,1.0,135.32165604818078,credit_card,0.0
1469c927-21e7-4e41-a36c-d0e469581647,new_d0b74f7f,Test City,XX,delivered,2026-09-15 03:43:17,2026-09-15,2026-09,03,2026-09-14 03:43:17,2026-09-14 03:43:17,-1.0,1.0,73.8133065095299,credit_card,0.0
ee83a119-bdd5-4f7f-87ed-c9db02ac2379,new_1722e695,Test City,XX,delivered,2026-09-15 01:43:17,2026-09-15,2026-09,01,2026-09-14 01:43:17,2026-09-14 01:43:17,-1.0,1.0,144.76260490470133,credit_card,0.0
fbb8558d-9977-400e-9461-7e0ced605bef,new_e80a563c,Test City,XX,delivered,2026-09-15 01:43:17,2026-09-15,2026-09,01,2026-09-14 01:43:17,2026-09-14 01:43:17,-1.0,1.0,111.23777567667844,credit_card,0.0
b399f406-2256-429a-8550-f15870899bf5,retained_21f0c593,Test City,XX,delivered,2026-09-15 01:43:17,2026-09-15,2026-09,01,2026-09-14 01:43:17,2026-09-14 01:43:17,-1.0,1.0,133.2856392748945,credit_card,0.0
66242393-2c84-4bd9-a224-a73f42a8bf4b,new_4b4239f4,Test City,XX,delivered,2026-09-15 00:43:17,2026-09-15,2026-09,00,2026-09-14 00:43:17,2026-09-14 00:43:17,-1.0,1.0,144.11931367170632,credit_card,0.0
44191745-2cfe-4b83-b944-56c81826570d,new_b6ca6bf0,Test City,XX,delivered,2026-09-14 23:43:17,2026-09-14,2026-09,23,2026-09-13 23:43:17,2026-09-13 23:43:17,-1.0,1.0,108.9598669581983,credit_card,0.0
164173de-5445-4dd4-919a-cf9f5e35b6cf,retained_e9bf1d7c,Test City,XX,delivered,2026-09-14 23:43:17,2026-09-14,2026-09,23,2026-09-13 23:43:17,2026-09-13 23:43:17,-1.0,1.0,75.01539913083084,credit_card,0.0
19249755-78aa-4803-8f5d-554c61a17541,new_5a6243ea,Test City,XX,delivered,2026-09-14 10:43:17,2026-09-14,2026-09,10,2026-09-13 10:43:17,2026-09-13 10:43:17,-1.0,1.0,105.71646809993494,credit_card,0.0
70dec559-1a6a-42fc-836e-a25130afa2cd,new_e14dd29e,Test City,XX,delivered,2026-09-14 10:43:17,2026-09-14,2026-09,10,2026-09-13 10:43:17,2026-09-13 10:43:17,-1.0,1.0,70.97576116796344,credit_card,0.0
ae1b9b27-e12f-4b88-b77a-32410d9c2ba2,new_606223c8,Test City,XX,delivered,2026-09-14 10:43:17,2026-09-14,2026-09,10,2026-09-13 10:43:17,2026-09-13 10:43:17,-1.0,1.0,129.05073247643125,credit_card,0.0
e0297412-6939-4e0d-b92c-ee9c67490762,new_7b603f17,Test City,XX,delivered,2026-09-14 10:43:17,2026-09-14,2026-09,10,2026-09-13 10:43:17,2026-09-13 10:43:17,-1.0,1.0,90.73308964894218,credit_card,0.0
6e8b6300-4b87-4ea2-b6fb-e3d44fea4e9c,new_ab8516b5,Test City,XX,delivered,2026-09-14 10:43:17,2026-09-14,2026-09,10,2026-09-13 10:43:17,2026-09-13 10:43:17,-1.0,1.0,58.38315554507807,credit_card,0.0
71e8aab2-09c6-400b-b918-0137d11efe5a,new_7fe9eeec,Test City,XX,delivered,2026-09-14 09:43:17,2026-09-14,2026-09,09,2026-09-13 09:43:17,2026-09-13 09:43:17,-1.0,1.0,99.81388991430052,credit_card,0.0
ffaa334b-5cea-4511-b9e6-35b2c85d8aff,new_1750bc32,Test City,XX,delivered,2026-09-14 08:43:17,2026-09-14,2026-09,08,2026-09-13 08:43:17,2026-09-13 08:43:17,-1.0,1.0,79.86097886325132,credit_card,0.0
e7534f06-72ff-4254-b5b6-c5c11cac9357,new_1fa60ba0,Test City,XX,delivered,2026-09-14 07:43:17,2026-09-14,2026-09,07,2026-09-13 07:43:17,2026-09-13 07:43:17,-1.0,1.0,86.06119156968558,credit_card,0.0
643d5129-e15d-405a-bfeb-a8be1b75ae2c,new_841c0dbd,Test City,XX,delivered,2026-09-14 06:43:17,2026-09-14,2026-09,06,2026-09-13 06:43:17,2026-09-13 06:43:17,-1.0,1.0,94.54523135632937,credit_card,0.0
db7dbd18-8802-4c2f-a7d8-b50cd6b584e9,retained_6b99180c,Test City,XX,delivered,2026-09-14 05:43:17,2026-09-14,2026-09,05,2026-09-13 05:43:17,2026-09-13 05:43:17,-1.0,1.0,52.832833819323355,credit_card,0.0
86c50361-b850-432d-a7c7-edfee46826e3,new_ac5a7649,Test City,XX,delivered,2026-09-14 04:43:17,2026-09-14,2026-09,04,2026-09-13 04:43:17,2026-09-13 04:43:17,-1.0,1.0,76.64055988335221,credit_card,0.0
786798c6-170e-4d11-8f6c-384e2629a82a,new_edb6f581,Test City,XX,delivered,2026-09-14 04:43:17,2026-09-14,2026-09,04,2026-09-13 04:43:17,2026-09-13 04:43:17,-1.0,1.0,64.2564504963134,credit_card,0.0
59de4f32-7432-4329-bcfa-dce4850f6bc4,new_a94f539b,Test City,XX,delivered,2026-09-14 04:43:17,2026-09-14,2026-09,04,2026-09-13 04:43:17,2026-09-13 04:43:17,-1.0,1.0,89.29593137505671,credit_card,0.0
7cee7e3f-9ed5-4d40-ae91-60cfefd76cc2,new_f052f25f,Test City,XX,delivered,2026-09-14 04:43:17,2026-09-14,2026-09,04,2026-09-13 04:43:17,2026-09-13 04:43:17,-1.0,1.0,52.61405865363392,credit_card,0.0
b7c59dda-9797-4cbd-a3d0-c8e101549f29,new_b2f110d9,Test City,XX,delivered,2026-09-14 04:43:17,2026-09-14,2026-09,04,2026-09-13 04:43:17,2026-09-13 04:43:17,-1.0,1.0,110.9545682840797,credit_card,0.0
a66c9aa6-f225-4410-a6f5-92e4910d2d0a,new_a05d48e5,Test City,XX,delivered,2026-09-14 03:43:17,2026-09-14,2026-09,03,2026-09-13 03:43:17,2026-09-13 03:43:17,-1.0,1.0,97.60881497584937,credit_card,0.0
34bf1945-c867-40cf-a913-eae0c95f6d4c,new_1ed73a4a,Test City,XX,delivered,2026-09-14 03:43:17,2026-09-14,2026-09,03,2026-09-13 03:43:17,2026-09-13 03:43:17,-1.0,1.0,148.0052471978339,credit_card,0.0
788b32f5-c10d-4319-8ecc-8b972e466aba,retained_1841395c,Test City,XX,delivered,2026-09-14 03:43:17,2026-09-14,2026-09,03,2026-09-13 03:43:17,2026-09-13 03:43:17,-1.0,1.0,112.051228082925,credit_card,0.0
75a502d0-ba30-4d9d-bc18-4115fc38982b,retained_259b77ac,Test City,XX,delivered,2026-09-14 03:43:17,2026-09-14,2026-09,03,2026-09-13 03:43:17,2026-09-13 03:43:17,-1.0,1.0,145.8537692786585,credit_card,0.0
465c2dfb-eca5-4d59-9186-51a377df34d3,retained_257c5370,Test City,XX,delivered,2026-09-14 03:43:17,2026-09-14,2026-09,03,2026-09-13 03:43:17,2026-09-13 03:43:17,-1.0,1.0,119.72723262469974,credit_card,0.0
0965a031-0c4d-42d6-8afc-b7c8c6707316,new_63602148,Test City,XX,delivered,2026-09-14 02:43:17,2026-09-14,2026-09,02,2026-09-13 02:43:17,2026-09-13 02:43:17,-1.0,1.0,107.44367973872065,credit_card,0.0
756bf2cd-d5d9-4542-86c5-27ceffb7a6e6,new_5180b6f7,Test City,XX,delivered,2026-09-14 02:43:17,2026-09-14,2026-09,02,2026-09-13 02:43:17,2026-09-13 02:43:17,-1.0,1.0,59.43217146628878,credit_card,0.0
4070c2a7-3c19-452c-b225-7e91b2e5f21d,new_8ed6bc66,Test City,XX,delivered,2026-09-14 02:43:17,2026-09-14,2026-09,02,2026-09-13 02:43:17,2026-09-13 02:43:17,-1.0,1.0,136.25287671139773,credit_card,0.0
1d83f383-a4b4-4b7e-b365-2a59f4a8a9bf,new_428c4418,Test City,XX,delivered,2026-09-14 02:43:17,2026-09-14,2026-09,02,2026-09-13 02:43:17,2026-09-13 02:43:17,-1.0,1.0,125.01977320475193,credit_card,0.0
45fdb2ea-9ec3-4c46-ba8c-12d0e9a2fda4,new_b4b8d0c2,Test City,XX,delivered,2026-09-14 02:43:17,2026-09-14,2026-09,02,2026-09-13 02:43:17,2026-09-13 02:43:17,-1.0,1.0,89.86540643589274,credit_card,0.0
10951492-4f6a-4d51-8d55-eb60c8739173,retained_48cda2bc,Test City,XX,delivered,2026-09-14 02:43:17,2026-09-14,2026-09,02,2026-09-13 02:43:17,2026-09-13 02:43:17,-1.0,1.0,93.35685177642625,credit_card,0.0
e795b578-7809-4af2-b027-c1805c825168,retained_0c155bae,Test City,XX,delivered,2026-09-14 01:43:17,2026-09-14,2026-09,01,2026-09-13 01:43:17,2026-09-13 01:43:17,-1.0,1.0,75.2628988023205,credit_card,0.0
685fc4e6-6d88-457f-a0f4-83bfbd3bce96,retained_4bab9924,Test City,XX,delivered,2026-09-14 01:43:17,2026-09-14,2026-09,01,2026-09-13 01:43:17,2026-09-13 01:43:17,-1.0,1.0,111.2512307256543,credit_card,0.0
141e12cd-6560-4ed5-aa9e-b97bce28bfaa,retained_38506fc7,Test City,XX,delivered,2026-09-14 01:43:17,2026-09-14,2026-09,01,2026-09-13 01:43:17,2026-09-13 01:43:17,-1.0,1.0,140.3730645549683,credit_card,0.0
571a566b-c161-4836-9e67-f58b870a7857,retained_2959c743,Test City,XX,delivered,2026-09-14 00:43:17,2026-09-14,2026-09,00,2026-09-13 00:43:17,2026-09-13 00:43:17,-1.0,1.0,116.12782343082996,credit_card,0.0
e97cdf71-8b6e-4662-afc2-cab360db90bc,retained_bea18f48,Test City,XX,delivered,2026-09-14 00:43:17,2026-09-14,2026-09,00,2026-09-13 00:43:17,2026-09-13 00:43:17,-1.0,1.0,57.27359920540387,credit_card,0.0
2f8ef17d-3a69-4494-8de6-cc5596ee9a9c,new_768fa181,Test City,XX,delivered,2026-09-13 23:43:17,2026-09-13,2026-09,23,2026-09-12 23:43:17,2026-09-12 23:43:17,-1.0,1.0,134.2980591493278,credit_card,0.0
ddaa2ccb-812f-4148-8712-a97b60fcdbeb,new_af7c7c32,Test City,XX,delivered,2026-09-13 23:43:17,2026-09-13,2026-09,23,2026-09-12 23:43:17,2026-09-12 23:43:17,-1.0,1.0,69.15064278456657,credit_card,0.0
f449f7b8-7462-499e-84be-1d52bbd80e59,new_53f1dab6,Test City,XX,delivered,2026-09-13 23:43:17,2026-09-13,2026-09,23,2026-09-12 23:43:17,2026-09-12 23:43:17,-1.0,1.0,101.5436762403512,credit_card,0.0
064ece0b-5896-4fac-981f-c34c47fd5306,retained_8d5ef729,Test City,XX,delivered,2026-09-13 23:43:17,2026-09-13,2026-09,23,2026-09-12 23:43:17,2026-09-12 23:43:17,-1.0,1.0,119.60729133092893,credit_card,0.0
c6f05beb-c22e-42e6-91dc-45f6455f8a91,new_bee82acd,Test City,XX,delivered,2026-09-13 10:43:17,2026-09-13,2026-09,10,2026-09-12 10:43:17,2026-09-12 10:43:17,-1.0,1.0,63.855901489558235,credit_card,0.0
f4b47923-2ff8-4836-a525-e8b8d3ebaf2d,new_8dba3874,Test City,XX,delivered,2026-09-13 10:43:17,2026-09-13,2026-09,10,2026-09-12 10:43:17,2026-09-12 10:43:17,-1.0,1.0,143.6371510256119,credit_card,0.0
10a9c6e0-88e8-4f79-835a-1acf8041c1fd,new_5e04f1ee,Test City,XX,delivered,2026-09-13 10:43:17,2026-09-13,2026-09,10,2026-09-12 10:43:17,2026-09-12 10:43:17,-1.0,1.0,75.51112775416922,credit_card,0.0
940910d7-39d9-4149-abcc-8ed8a0bfda93,new_175a600e,Test City,XX,delivered,2026-09-13 10:43:17,2026-09-13,2026-09,10,2026-09-12 10:43:17,2026-09-12 10:43:17,-1.0,1.0,129.95327673550798,credit_card,0.0
c259af84-e9aa-42ac-923c-5e3b319c1c94,new_8ff081fe,Test City,XX,delivered,2026-09-13 10:43:17,2026-09-13,2026-09,10,2026-09-12 10:43:17,2026-09-12 10:43:17,-1.0,1.0,98.46383590352988,credit_card,0.0
f63e0dcc-9119-4143-a997-6a52cc90500e,new_92f6153b,Test City,XX,delivered,2026-09-13 10:43:17,2026-09-13,2026-09,10,2026-09-12 10:43:17,2026-09-12 10:43:17,-1.0,1.0,82.00775901003792,credit_card,0.0
69f39aa2-81c0-450e-b01c-44ccba108bb7,retained_23e10189,Test City,XX,delivered,2026-09-13 10:43:17,2026-09-13,2026-09,10,2026-09-12 10:43:17,2026-09-12 10:43:17,-1.0,1.0,60.22986742006617,credit_card,0.0
47499b6a-ec39-434b-a75d-f1bb7c5c9cba,retained_e10238e5,Test City,XX,delivered,2026-09-13 10:43:17,2026-09-13,2026-09,10,2026-09-12 10:43:17,2026-09-12 10:43:17,-1.0,1.0,103.49902776357568,credit_card,0.0
6d4e24d9-2d5d-4ec0-8f5a-7d13cbb97006,retained_e71f39e0,Test City,XX,delivered,2026-09-13 10:43:17,2026-09-13,2026-09,10,2026-09-12 10:43:17,2026-09-12 10:43:17,-1.0,1.0,110.00755115385914,credit_card,0.0
ea2309fa-6dfa-493d-bf42-988090015ec6,new_5bf5be7f,Test City,XX,delivered,2026-09-13 09:43:17,2026-09-13,2026-09,09,2026-09-12 09:43:17,2026-09-12 09:43:17,-1.0,1.0,120.54164182768955,credit_card,0.0
2c8ce86d-22f6-4b63-b69c-1e911c189b3c,new_f449c7bd,Test City,XX,delivered,2026-09-13 09:43:17,2026-09-13,2026-09,09,2026-09-12 09:43:17,2026-09-12 09:43:17,-1.0,1.0,76.94174864879096,credit_card,0.0
f9ef4a59-6687-49c3-b68a-d34e9582bbbf,new_9e0b110a,Test City,XX,delivered,2026-09-13 09:43:17,2026-09-13,2026-09,09,2026-09-12 09:43:17,2026-09-12 09:43:17,-1.0,1.0,117.05410035950025,credit_card,0.0
9de24ab3-8c92-4c38-a006-79183f2251e7,retained_d8d8322b,Test City,XX,delivered,2026-09-13 09:43:17,2026-09-13,2026-09,09,2026-09-12 09:43:17,2026-09-12 09:43:17,-1.0,1.0,122.03329700416842,credit_card,0.0
a632846f-8a4b-403e-a7b3-3e16caced73b,retained_55b1617a,Test City,XX,delivered,2026-09-13 08:43:17,2026-09-13,2026-09,08,2026-09-12 08:43:17,2026-09-12 08:43:17,-1.0,1.0,134.19037022388628,credit_card,0.0
0553ebb8-0d32-4866-b33d-4bbf6d1fe4f2,retained_f57f5c71,Test City,XX,delivered,2026-09-13 08:43:17,2026-09-13,2026-09,08,2026-09-12 08:43:17,2026-09-12 08:43:17,-1.0,1.0,74.4453059630755,credit_card,0.0
e929705d-b34a-4aa2-b3e8-0ad79c182152,retained_1383acf6,Test City,XX,delivered,2026-09-13 08:43:17,2026-09-13,2026-09,08,2026-09-12 08:43:17,2026-09-12 08:43:17,-1.0,1.0,124.89061787082656,credit_card,0.0
eb60cc40-895d-4326-ac33-e5e4b3ba383e,retained_29cd6283,Test City,XX,delivered,2026-09-13 08:43:17,2026-09-13,2026-09,08,2026-09-12 08:43:17,2026-09-12 08:43:17,-1.0,1.0,121.77780832172476,credit_card,0.0
6cf3e2cd-d7cc-410b-9f8a-89a90097f0ce,new_7e3a11a3,Test City,XX,delivered,2026-09-13 07:43:17,2026-09-13,2026-09,07,2026-09-12 07:43:17,2026-09-12 07:43:17,-1.0,1.0,69.23474442028092,credit_card,0.0
d4644c76-4929-4c8b-bedc-a2bcb6f84425,new_54ea5cc0,Test City,XX,delivered,2026-09-13 07:43:17,2026-09-13,2026-09,07,2026-09-12 07:43:17,2026-09-12 07:43:17,-1.0,1.0,139.6001854250154,credit_card,0.0
854fdd4d-5fe6-4787-a953-33b2f0222d75,new_66a38efb,Test City,XX,delivered,2026-09-13 07:43:17,2026-09-13,2026-09,07,2026-09-12 07:43:17,2026-09-12 07:43:17,-1.0,1.0,62.00875874556236,credit_card,0.0
178bc23b-acca-43e0-9640-c176be2fc60b,new_a2460387,Test City,XX,delivered,2026-09-13 06:43:17,2026-09-13,2026-09,06,2026-09-12 06:43:17,2026-09-12 06:43:17,-1.0,1.0,69.15189192719106,credit_card,0.0
3c472199-0440-4caf-ae5f-facae262bcb7,new_c64a0b2b,Test City,XX,delivered,2026-09-13 06:43:17,2026-09-13,2026-09,06,2026-09-12 06:43:17,2026-09-12 06:43:17,-1.0,1.0,133.0978684847792,credit_card,0.0
45ce652c-85eb-4967-a7db-d81a5d244354,new_4f08814c,Test City,XX,delivered,2026-09-13 06:43:17,2026-09-13,2026-09,06,2026-09-12 06:43:17,2026-09-12 06:43:17,-1.0,1.0,122.81722220186985,credit_card,0.0
352efbbc-c9cf-49b8-9f06-2353bdb31332,retained_29cd6283,Test City,XX,delivered,2026-09-13 04:43:17,2026-09-13,2026-09,04,2026-09-12 04:43:17,2026-09-12 04:43:17,-1.0,1.0,93.93115873131529,credit_card,0.0
d626df1a-bd75-453c-a623-e330b0773a2c,new_70d4a36a,Test City,XX,delivered,2026-09-13 03:43:17,2026-09-13,2026-09,03,2026-09-12 03:43:17,2026-09-12 03:43:17,-1.0,1.0,90.33843331661724,credit_card,0.0
25f62b69-bfda-4d9c-8752-be6cf8ed1245,new_9c3ffda7,Test City,XX,delivered,2026-09-13 03:43:17,2026-09-13,2026-09,03,2026-09-12 03:43:17,2026-09-12 03:43:17,-1.0,1.0,100.46382361788712,credit_card,0.0
32e8ab39-a6d0-4f32-859a-3eb2cb102069,new_c23fe3eb,Test City,XX,delivered,2026-09-13 02:43:17,2026-09-13,2026-09,02,2026-09-12 02:43:17,2026-09-12 02:43:17,-1.0,1.0,71.87753184953277,credit_card,0.0
dc84e4b0-d3b9-4687-be0d-9dd700009ed3,new_3c9ff04a,Test City,XX,delivered,2026-09-13 02:43:17,2026-09-13,2026-09,02,2026-09-12 02:43:17,2026-09-12 02:43:17,-1.0,1.0,119.72903485039586,credit_card,0.0
724ad50c-2c0b-493a-8687-6acc552b3275,new_f4e1c3a0,Test City,XX,delivered,2026-09-13 02:43:17,2026-09-13,2026-09,02,2026-09-12 02:43:17,2026-09-12 02:43:17,-1.0,1.0,70.25493286967273,credit_card,0.0
dfad47f1-bf5e-436d-801e-ef3b618b9d35,retained_39ac8b88,Test City,XX,delivered,2026-09-13 02:43:17,2026-09-13,2026-09,02,2026-09-12 02:43:17,2026-09-12 02:43:17,-1.0,1.0,125.86220123825306,credit_card,0.0
78582e11-4cbd-4316-9d2d-813645e8b57b,new_caf67433,Test City,XX,delivered,2026-09-13 01:43:17,2026-09-13,2026-09,01,2026-09-12 01:43:17,2026-09-12 01:43:17,-1.0,1.0,136.69567843592114,credit_card,0.0
111ebb01-4f3c-49e4-a005-3f12752aeba0,new_3dda110c,Test City,XX,delivered,2026-09-13 01:43:17,2026-09-13,2026-09,01,2026-09-12 01:43:17,2026-09-12 01:43:17,-1.0,1.0,67.15011226653152,credit_card,0.0
73e8f8f3-b95a-4827-9d30-b93818c21bb4,new_63eac334,Test City,XX,delivered,2026-09-13 01:43:17,2026-09-13,2026-09,01,2026-09-12 01:43:17,2026-09-12 01:43:17,-1.0,1.0,100.26885657096432,credit_card,0.0
03391187-09f1-481e-8772-d28b85687039,new_a2de0c79,Test City,XX,delivered,2026-09-13 01:43:17,2026-09-13,2026-09,01,2026-09-12 01:43:17,2026-09-12 01:43:17,-1.0,1.0,95.41997130798713,credit_card,0.0
950d853b-5b39-41e8-a712-c4e882624ce4,new_33b081cd,Test City,XX,delivered,2026-09-13 01:43:17,2026-09-13,2026-09,01,2026-09-12 01:43:17,2026-09-12 01:43:17,-1.0,1.0,115.51231042208725,credit_card,0.0
078809bc-8645-4723-8585-806b697a082b,retained_06d36389,Test City,XX,delivered,2026-09-13 01:43:17,2026-09-13,2026-09,01,2026-09-12 01:43:17,2026-09-12 01:43:17,-1.0,1.0,84.27947443569674,credit_card,0.0
333a1283-47d5-4e89-9c92-96039f485066,retained_7dad4069,Test City,XX,delivered,2026-09-13 00:43:17,2026-09-13,2026-09,00,2026-09-12 00:43:17,2026-09-12 00:43:17,-1.0,1.0,98.80979253299145,credit_card,0.0
bd1280a9-c40c-4670-af08-5bd1799991d1,new_a97b301e,Test City,XX,delivered,2026-09-12 23:43:17,2026-09-12,2026-09,23,2026-09-11 23:43:17,2026-09-11 23:43:17,-1.0,1.0,137.18153864654883,credit_card,0.0
cdfa7997-2970-4e73-9ec4-6614b496522b,new_b6ff3702,Test City,XX,delivered,2026-09-12 10:43:17,2026-09-12,2026-09,10,2026-09-11 10:43:17,2026-09-11 10:43:17,-1.0,1.0,52.66632768502899,credit_card,0.0
2c61715d-fd82-4212-b455-87d195b15f49,new_140e2370,Test City,XX,delivered,2026-09-12 10:43:17,2026-09-12,2026-09,10,2026-09-11 10:43:17,2026-09-11 10:43:17,-1.0,1.0,130.75331395226542,credit_card,0.0
3fe75ed0-12a7-450e-95f4-e5cac9fc0270,new_559ed523,Test City,XX,delivered,2026-09-12 09:43:17,2026-09-12,2026-09,09,2026-09-11 09:43:17,2026-09-11 09:43:17,-1.0,1.0,109.64677771086377,credit_card,0.0
7defa42b-e613-440a-994d-d855de226738,new_951e5153,Test City,XX,delivered,2026-09-12 09:43:17,2026-09-12,2026-09,09,2026-09-11 09:43:17,2026-09-11 09:43:17,-1.0,1.0,52.901297057666554,credit_card,0.0
603339f0-dfa9-4833-99c2-170f001e642f,new_ba13cff6,Test City,XX,delivered,2026-09-12 09:43:17,2026-09-12,2026-09,09,2026-09-11 09:43:17,2026-09-11 09:43:17,-1.0,1.0,105.91562287632658,credit_card,0.0
dee303de-3da9-4396-bc71-16e51d934d1b,new_821ad629,Test City,XX,delivered,2026-09-12 09:43:17,2026-09-12,2026-09,09,2026-09-11 09:43:17,2026-09-11 09:43:17,-1.0,1.0,103.5320899530619,credit_card,0.0
d8230cf0-b595-48b3-afe2-d6ea77d6166d,new_3011e146,Test City,XX,delivered,2026-09-12 09:43:17,2026-09-12,2026-09,09,2026-09-11 09:43:17,2026-09-11 09:43:17,-1.0,1.0,146.10534408835645,credit_card,0.0
e363bdd1-abf2-4e47-950f-59b01c6ba77e,new_f4bb646a,Test City,XX,delivered,2026-09-12 09:43:17,2026-09-12,2026-09,09,2026-09-11 09:43:17,2026-09-11 09:43:17,-1.0,1.0,136.87462258954235,credit_card,0.0
fc5ac913-3f19-4b18-90e8-edb5eaa8e11e,new_92f6153b,Test City,XX,delivered,2026-09-12 09:43:17,2026-09-12,2026-09,09,2026-09-11 09:43:17,2026-09-11 09:43:17,-1.0,1.0,70.16968776114715,credit_card,0.0
53311348-356a-49c1-8b42-8c13938767d4,retained_62cfc0ae,Test City,XX,delivered,2026-09-12 09:43:17,2026-09-12,2026-09,09,2026-09-11 09:43:17,2026-09-11 09:43:17,-1.0,1.0,120.50614381329369,credit_card,0.0
8e5ef640-dd3c-47a2-b965-a7e676b21509,new_27778e1c,Test City,XX,delivered,2026-09-12 08:43:17,2026-09-12,2026-09,08,2026-09-11 08:43:17,2026-09-11 08:43:17,-1.0,1.0,82.55175909685813,credit_card,0.0
dd5255a9-dd03-49c1-b748-2e38176f5993,new_1662ecaa,Test City,XX,delivered,2026-09-12 08:43:17,2026-09-12,2026-09,08,2026-09-11 08:43:17,2026-09-11 08:43:17,-1.0,1.0,98.64567109595677,credit_card,0.0
03029f8e-893a-4bb7-b9fc-b6106b85e22f,new_be2e7003,Test City,XX,delivered,2026-09-12 08:43:17,2026-09-12,2026-09,08,2026-09-11 08:43:17,2026-09-11 08:43:17,-1.0,1.0,111.0977028455934,credit_card,0.0
16a0186b-e99d-4c35-b1ee-88fb5083882c,new_fd7bdb35,Test City,XX,delivered,2026-09-12 07:43:17,2026-09-12,2026-09,07,2026-09-11 07:43:17,2026-09-11 07:43:17,-1.0,1.0,138.55287865867723,credit_card,0.0
71d972e8-5f84-43b7-8128-4780b1459d0b,new_9e8792d7,Test City,XX,delivered,2026-09-12 07:43:17,2026-09-12,2026-09,07,2026-09-11 07:43:17,2026-09-11 07:43:17,-1.0,1.0,89.85013347785794,credit_card,0.0
06863342-3ef9-40e1-9083-ee73da2ef12d,retained_c20b9b87,Test City,XX,delivered,2026-09-12 07:43:17,2026-09-12,2026-09,07,2026-09-11 07:43:17,2026-09-11 07:43:17,-1.0,1.0,111.95063494732219,credit_card,0.0
ee000716-629f-4423-bc16-7d1f52476880,retained_f5f3c3e6,Test City,XX,delivered,2026-09-12 06:43:17,2026-09-12,2026-09,06,2026-09-11 06:43:17,2026-09-11 06:43:17,-1.0,1.0,101.0332084980416,credit_card,0.0
0fae5a3c-06c4-4a4d-b698-ae1253779714,retained_301afe87,Test City,XX,delivered,2026-09-12 06:43:17,2026-09-12,2026-09,06,2026-09-11 06:43:17,2026-09-11 06:43:17,-1.0,1.0,146.14072180192255,credit_card,0.0
3e99bdd1-219e-4d41-82ae-ee3356296c0e,retained_6b19a518,Test City,XX,delivered,2026-09-12 06:43:17,2026-09-12,2026-09,06,2026-09-11 06:43:17,2026-09-11 06:43:17,-1.0,1.0,94.98347174277657,credit_card,0.0
2b0688e4-5240-47a8-8fd6-350e79fc4096,retained_b4bf0d85,Test City,XX,delivered,2026-09-12 06:43:17,2026-09-12,2026-09,06,2026-09-11 06:43:17,2026-09-11 06:43:17,-1.0,1.0,97.9399447396104,credit_card,0.0
1f93625b-8415-4020-b5c8-0afb1ede1716,retained_36b5bf0b,Test City,XX,delivered,2026-09-12 06:43:17,2026-09-12,2026-09,06,2026-09-11 06:43:17,2026-09-11 06:43:17,-1.0,1.0,143.3214355948491,credit_card,0.0
dba0ccb6-a699-435a-8fd0-13c55b7ab7c4,retained_942fb7dc,Test City,XX,delivered,2026-09-12 06:43:17,2026-09-12,2026-09,06,2026-09-11 06:43:17,2026-09-11 06:43:17,-1.0,1.0,143.9647022034851,credit_card,0.0
695a15b5-38ef-4373-a9f4-f11ac143be84,new_04cf8132,Test City,XX,delivered,2026-09-12 05:43:17,2026-09-12,2026-09,05,2026-09-11 05:43:17,2026-09-11 05:43:17,-1.0,1.0,60.23419565166773,credit_card,0.0
a285dfe2-235f-4c57-8211-af45c87198f3,new_e0bf1f5e,Test City,XX,delivered,2026-09-12 05:43:17,2026-09-12,2026-09,05,2026-09-11 05:43:17,2026-09-11 05:43:17,-1.0,1.0,145.46849716313966,credit_card,0.0
0796a124-5fcc-4e1a-a39d-fe35597b8e3f,new_85878e61,Test City,XX,delivered,2026-09-12 04:43:17,2026-09-12,2026-09,04,2026-09-11 04:43:17,2026-09-11 04:43:17,-1.0,1.0,81.5554061054908,credit_card,0.0
03271589-a5f3-47de-a7a1-e4a65921b5c6,new_00566644,Test City,XX,delivered,2026-09-12 04:43:17,2026-09-12,2026-09,04,2026-09-11 04:43:17,2026-09-11 04:43:17,-1.0,1.0,121.66328509332716,credit_card,0.0
a242bdc7-74f9-41ae-8a4d-2d2b47aaa1f3,new_1137c944,Test City,XX,delivered,2026-09-12 04:43:17,2026-09-12,2026-09,04,2026-09-11 04:43:17,2026-09-11 04:43:17,-1.0,1.0,68.60704001794875,credit_card,0.0
90798141-ceed-47f9-ac0c-a2c539a9c80e,retained_6cd3ad24,Test City,XX,delivered,2026-09-12 04:43:17,2026-09-12,2026-09,04,2026-09-11 04:43:17,2026-09-11 04:43:17,-1.0,1.0,81.63659726225144,credit_card,0.0
844d31ac-5b30-46ed-8bfb-55265aae64bf,new_d84ea463,Test City,XX,delivered,2026-09-12 03:43:17,2026-09-12,2026-09,03,2026-09-11 03:43:17,2026-09-11 03:43:17,-1.0,1.0,64.95556461769716,credit_card,0.0
c2596e0e-40b5-4068-91a9-2234487b2ee7,new_a2de0c79,Test City,XX,delivered,2026-09-12 03:43:17,2026-09-12,2026-09,03,2026-09-11 03:43:17,2026-09-11 03:43:17,-1.0,1.0,78.68393629678674,credit_card,0.0
1342ffc7-cd9b-4ba7-8ac5-08f615cf9523,new_5088f3f0,Test City,XX,delivered,2026-09-12 03:43:17,2026-09-12,2026-09,03,2026-09-11 03:43:17,2026-09-11 03:43:17,-1.0,1.0,114.64999045824366,credit_card,0.0
ebc0c562-9c96-460c-9fe8-bfae904b069b,new_53238809,Test City,XX,delivered,2026-09-12 03:43:17,2026-09-12,2026-09,03,2026-09-11 03:43:17,2026-09-11 03:43:17,-1.0,1.0,137.8893015421047,credit_card,0.0
0d02868b-7ba9-4a26-89d0-63b6f2736390,new_1f5aee76,Test City,XX,delivered,2026-09-12 02:43:17,2026-09-12,2026-09,02,2026-09-11 02:43:17,2026-09-11 02:43:17,-1.0,1.0,57.987349012946986,credit_card,0.0
6e83f506-bcf6-41e9-b7b5-e6a66b6c50e8,new_d6df03e1,Test City,XX,delivered,2026-09-12 02:43:17,2026-09-12,2026-09,02,2026-09-11 02:43:17,2026-09-11 02:43:17,-1.0,1.0,117.06933772998241,credit_card,0.0
9be3999c-eefc-40fe-8861-d657cc21b855,new_f993b2a9,Test City,XX,delivered,2026-09-12 02:43:17,2026-09-12,2026-09,02,2026-09-11 02:43:17,2026-09-11 02:43:17,-1.0,1.0,64.08886862867271,credit_card,0.0
6504f327-d019-450f-8303-1f68c5069181,new_18b6a234,Test City,XX,delivered,2026-09-12 02:43:17,2026-09-12,2026-09,02,2026-09-11 02:43:17,2026-09-11 02:43:17,-1.0,1.0,146.45827237535326,credit_card,0.0
c40f406e-8dbd-4acb-a391-cc463cdfda16,retained_be224efa,Test City,XX,delivered,2026-09-12 02:43:17,2026-09-12,2026-09,02,2026-09-11 02:43:17,2026-09-11 02:43:17,-1.0,1.0,76.98854065327974,credit_card,0.0
4eabcb3f-7fda-4190-9245-0b2988f4ae0c,new_8b1da64f,Test City,XX,delivered,2026-09-12 01:43:17,2026-09-12,2026-09,01,2026-09-11 01:43:17,2026-09-11 01:43:17,-1.0,1.0,86.95597943701057,credit_card,0.0
7e05093c-21d5-414a-a1dc-c06180211b09,new_23bbb583,Test City,XX,delivered,2026-09-12 01:43:17,2026-09-12,2026-09,01,2026-09-11 01:43:17,2026-09-11 01:43:17,-1.0,1.0,133.96451748966166,credit_card,0.0
9149daf0-bf3a-407f-8f3b-c963be864bbe,retained_be4825d5,Test City,XX,delivered,2026-09-12 01:43:17,2026-09-12,2026-09,01,2026-09-11 01:43:17,2026-09-11 01:43:17,-1.0,1.0,111.97443480684194,credit_card,0.0
96b38cdb-dfdd-44b4-b874-47544aebd786,retained_f09f8ede,Test City,XX,delivered,2026-09-12 01:43:17,2026-09-12,2026-09,01,2026-09-11 01:43:17,2026-09-11 01:43:17,-1.0,1.0,51.934655625166556,credit_card,0.0
c5162fac-a837-42e4-a55e-aa0e85bea304,new_a399e5a6,Test City,XX,delivered,2026-09-12 00:43:17,2026-09-12,2026-09,00,2026-09-11 00:43:17,2026-09-11 00:43:17,-1.0,1.0,117.98492311759067,credit_card,0.0
40afe893-ddd3-4bf6-9835-4640fe825f3c,retained_98d74e38,Test City,XX,delivered,2026-09-12 00:43:17,2026-09-12,2026-09,00,2026-09-11 00:43:17,2026-09-11 00:43:17,-1.0,1.0,66.55288114365268,credit_card,0.0
11ff83be-5771-496c-aa8d-68ad51254ffc,new_3dd70c97,Test City,XX,delivered,2026-09-11 23:43:17,2026-09-11,2026-09,23,2026-09-10 23:43:17,2026-09-10 23:43:17,-1.0,1.0,58.16052297185614,credit_card,0.0
48ad4e13-9493-40fc-b556-99c10a0f4fd0,new_c71a065b,Test City,XX,delivered,2026-09-11 23:43:17,2026-09-11,2026-09,23,2026-09-10 23:43:17,2026-09-10 23:43:17,-1.0,1.0,147.47771596476198,credit_card,0.0
187a99b8-bf42-44e5-aee9-f20822440b82,new_f4609d1a,Test City,XX,delivered,2026-09-11 23:43:17,2026-09-11,2026-09,23,2026-09-10 23:43:17,2026-09-10 23:43:17,-1.0,1.0,69.27909428273946,credit_card,0.0
d749d7d5-55fc-4e5b-a09a-611d0a71c982,new_952f6eed,Test City,XX,delivered,2026-09-11 23:43:17,2026-09-11,2026-09,23,2026-09-10 23:43:17,2026-09-10 23:43:17,-1.0,1.0,110.46997558324999,credit_card,0.0
8e36a15e-a4d5-476a-9620-7ec20d4c74b0,new_e5a8efd7,Test City,XX,delivered,2026-09-11 23:43:17,2026-09-11,2026-09,23,2026-09-10 23:43:17,2026-09-10 23:43:17,-1.0,1.0,95.31217600583385,credit_card,0.0
8ed9025a-3bc7-4966-be29-6f4be9b8c5c3,new_053d7ec3,Test City,XX,delivered,2026-09-11 23:43:17,2026-09-11,2026-09,23,2026-09-10 23:43:17,2026-09-10 23:43:17,-1.0,1.0,52.31222732766649,credit_card,0.0
a0a097f0-324a-4b31-b949-7ed8118dd4ea,new_4ad0d2f7,Test City,XX,delivered,2026-09-11 23:43:17,2026-09-11,2026-09,23,2026-09-10 23:43:17,2026-09-10 23:43:17,-1.0,1.0,141.58673796989646,credit_card,0.0
5e999ee8-02c0-4650-82c4-76ee88adfe44,new_7c7e5ade,Test City,XX,delivered,2026-09-11 10:43:17,2026-09-11,2026-09,10,2026-09-10 10:43:17,2026-09-10 10:43:17,-1.0,1.0,98.4930197113554,credit_card,0.0
04d33729-1a23-45b9-a4ee-b794f445d2dd,new_7f620467,Test City,XX,delivered,2026-09-11 10:43:17,2026-09-11,2026-09,10,2026-09-10 10:43:17,2026-09-10 10:43:17,-1.0,1.0,120.97974256133112,credit_card,0.0
d850e5de-f4c9-401c-9f80-cccafd56031d,new_06276037,Test City,XX,delivered,2026-09-11 10:43:17,2026-09-11,2026-09,10,2026-09-10 10:43:17,2026-09-10 10:43:17,-1.0,1.0,64.97471399357096,credit_card,0.0
d3b43074-305b-4441-b298-6ac5031fcc2d,retained_fcfb61d7,Test City,XX,delivered,2026-09-11 10:43:17,2026-09-11,2026-09,10,2026-09-10 10:43:17,2026-09-10 10:43:17,-1.0,1.0,63.50826186604158,credit_card,0.0
15fc67c8-c3aa-42d0-b34d-060f02e03b72,retained_8db6309d,Test City,XX,delivered,2026-09-11 10:43:17,2026-09-11,2026-09,10,2026-09-10 10:43:17,2026-09-10 10:43:17,-1.0,1.0,126.71507945326604,credit_card,0.0
136e750d-6540-4135-bce6-c2cd7f03b652,new_783502f1,Test City,XX,delivered,2026-09-11 09:43:17,2026-09-11,2026-09,09,2026-09-10 09:43:17,2026-09-10 09:43:17,-1.0,1.0,133.02195921921324,credit_card,0.0
c4333a3e-e095-4c20-9e99-5c14641e5c61,new_e7fcf4ab,Test City,XX,delivered,2026-09-11 09:43:17,2026-09-11,2026-09,09,2026-09-10 09:43:17,2026-09-10 09:43:17,-1.0,1.0,75.78343347737874,credit_card,0.0
2fcb0bdc-691a-44b1-94f6-b43eda82c046,new_a69a87c2,Test City,XX,delivered,2026-09-11 09:43:17,2026-09-11,2026-09,09,2026-09-10 09:43:17,2026-09-10 09:43:17,-1.0,1.0,89.52672940661725,credit_card,0.0
6f007860-3253-44cb-a55d-c0ebefdb9187,retained_6cf14acb,Test City,XX,delivered,2026-09-11 09:43:17,2026-09-11,2026-09,09,2026-09-10 09:43:17,2026-09-10 09:43:17,-1.0,1.0,143.70945390539333,credit_card,0.0
3962fa16-34ee-40ec-bfbe-76bb7654325b,retained_4cd90e44,Test City,XX,delivered,2026-09-11 09:43:17,2026-09-11,2026-09,09,2026-09-10 09:43:17,2026-09-10 09:43:17,-1.0,1.0,107.25201528091134,credit_card,0.0
45346c9b-5c7b-4415-b2f4-fe4ca9ac2ce4,retained_504f8ef5,Test City,XX,delivered,2026-09-11 08:43:17,2026-09-11,2026-09,08,2026-09-10 08:43:17,2026-09-10 08:43:17,-1.0,1.0,102.01244734378545,credit_card,0.0
0c291f5c-699b-4f25-8f74-7d8d4794e0e2,retained_38cbf0c5,Test City,XX,delivered,2026-09-11 08:43:17,2026-09-11,2026-09,08,2026-09-10 08:43:17,2026-09-10 08:43:17,-1.0,1.0,61.83238125481021,credit_card,0.0
340c9319-adf6-4d90-b654-712f7ad189af,new_e3fc78ef,Test City,XX,delivered,2026-09-11 07:43:17,2026-09-11,2026-09,07,2026-09-10 07:43:17,2026-09-10 07:43:17,-1.0,1.0,87.80452370462976,credit_card,0.0
1873c925-e65b-472e-854e-76114b30156a,new_1f942ab8,Test City,XX,delivered,2026-09-11 07:43:17,2026-09-11,2026-09,07,2026-09-10 07:43:17,2026-09-10 07:43:17,-1.0,1.0,96.15491975238737,credit_card,0.0
9ad761ae-2f61-40be-924e-39cc369a1723,new_b7c55723,Test City,XX,delivered,2026-09-11 07:43:17,2026-09-11,2026-09,07,2026-09-10 07:43:17,2026-09-10 07:43:17,-1.0,1.0,143.65638035367925,credit_card,0.0
2cc041f8-7bcc-400b-a55b-edbcd5282fdb,retained_48c2457d,Test City,XX,delivered,2026-09-11 07:43:17,2026-09-11,2026-09,07,2026-09-10 07:43:17,2026-09-10 07:43:17,-1.0,1.0,110.6687859429104,credit_card,0.0
bb4e984b-e415-4fe0-9b17-bd808d03e666,new_9e0b110a,Test City,XX,delivered,2026-09-11 06:43:17,2026-09-11,2026-09,06,2026-09-10 06:43:17,2026-09-10 06:43:17,-1.0,1.0,122.04594066121615,credit_card,0.0
cf58d7e4-0564-4cdb-9639-f8aa0a275667,new_6dca94bd,Test City,XX,delivered,2026-09-11 05:43:17,2026-09-11,2026-09,05,2026-09-10 05:43:17,2026-09-10 05:43:17,-1.0,1.0,77.56975351044356,credit_card,0.0
a8cbc488-78f4-4f4e-9918-edbce17f252f,new_000ef269,Test City,XX,delivered,2026-09-11 05:43:17,2026-09-11,2026-09,05,2026-09-10 05:43:17,2026-09-10 05:43:17,-1.0,1.0,76.21339421801324,credit_card,0.0
755c22ce-838d-4f6c-8f41-e63cb0e56b3c,new_2eea0a5f,Test City,XX,delivered,2026-09-11 05:43:17,2026-09-11,2026-09,05,2026-09-10 05:43:17,2026-09-10 05:43:17,-1.0,1.0,83.86251868914286,credit_card,0.0
6d55073f-8146-42b9-8dd8-076e4ddcc85c,new_a9e82303,Test City,XX,delivered,2026-09-11 05:43:17,2026-09-11,2026-09,05,2026-09-10 05:43:17,2026-09-10 05:43:17,-1.0,1.0,105.89511414298083,credit_card,0.0
ee2889ca-347d-4135-8bee-e2d217563a09,retained_68abd632,Test City,XX,delivered,2026-09-11 05:43:17,2026-09-11,2026-09,05,2026-09-10 05:43:17,2026-09-10 05:43:17,-1.0,1.0,58.12012143904207,credit_card,0.0
b6def961-0813-4516-9294-b605e5d7f376,retained_a0db70a0,Test City,XX,delivered,2026-09-11 05:43:17,2026-09-11,2026-09,05,2026-09-10 05:43:17,2026-09-10 05:43:17,-1.0,1.0,113.48460271461175,credit_card,0.0
b2051535-9511-4477-8dce-8d4d4e7847c7,new_5185f129,Test City,XX,delivered,2026-09-11 04:43:17,2026-09-11,2026-09,04,2026-09-10 04:43:17,2026-09-10 04:43:17,-1.0,1.0,140.5279945951595,credit_card,0.0
90c06671-bc55-4415-b5ce-55f455382034,retained_9a274794,Test City,XX,delivered,2026-09-11 04:43:17,2026-09-11,2026-09,04,2026-09-10 04:43:17,2026-09-10 04:43:17,-1.0,1.0,58.23255771621582,credit_card,0.0
03931493-e168-4d4e-9b9f-0e1c4c322c5a,retained_8d3ad672,Test City,XX,delivered,2026-09-11 04:43:17,2026-09-11,2026-09,04,2026-09-10 04:43:17,2026-09-10 04:43:17,-1.0,1.0,77.78221308690095,credit_card,0.0
e33b82db-e04f-459d-b437-5739acee3618,new_8c76a547,Test City,XX,delivered,2026-09-11 03:43:17,2026-09-11,2026-09,03,2026-09-10 03:43:17,2026-09-10 03:43:17,-1.0,1.0,63.499881041833476,credit_card,0.0
54df698a-f7c4-4e14-8fa8-0e2574674635,new_317acee7,Test City,XX,delivered,2026-09-11 03:43:17,2026-09-11,2026-09,03,2026-09-10 03:43:17,2026-09-10 03:43:17,-1.0,1.0,124.75338548290168,credit_card,0.0
bb8ea034-f561-4921-ae0e-cc88249ab639,new_68dca011,Test City,XX,delivered,2026-09-11 03:43:17,2026-09-11,2026-09,03,2026-09-10 03:43:17,2026-09-10 03:43:17,-1.0,1.0,69.43837584028064,credit_card,0.0
5db8b186-1002-44d8-9290-6195d1f91377,new_3b1c1045,Test City,XX,delivered,2026-09-11 03:43:17,2026-09-11,2026-09,03,2026-09-10 03:43:17,2026-09-10 03:43:17,-1.0,1.0,81.46229687934175,credit_card,0.0
39603a25-8bf1-431a-8981-bd7e07bea583,new_c29f4299,Test City,XX,delivered,2026-09-11 02:43:17,2026-09-11,2026-09,02,2026-09-10 02:43:17,2026-09-10 02:43:17,-1.0,1.0,117.79285888240774,credit_card,0.0
1d4a4508-30d4-4645-8294-10720d2c82ba,new_d42d4a21,Test City,XX,delivered,2026-09-11 02:43:17,2026-09-11,2026-09,02,2026-09-10 02:43:17,2026-09-10 02:43:17,-1.0,1.0,85.94831721203201,credit_card,0.0
7157de97-392c-47a7-af6d-6e4ef62fcecf,new_f794edc7,Test City,XX,delivered,2026-09-11 02:43:17,2026-09-11,2026-09,02,2026-09-10 02:43:17,2026-09-10 02:43:17,-1.0,1.0,53.01701768675164,credit_card,0.0
0df81528-6a04-4011-92f0-862e36b986a6,new_adaa4610,Test City,XX,delivered,2026-09-11 02:43:17,2026-09-11,2026-09,02,2026-09-10 02:43:17,2026-09-10 02:43:17,-1.0,1.0,77.24771330626193,credit_card,0.0
4b1693a3-bc74-40e6-a911-2257516f1410,retained_d49234b8,Test City,XX,delivered,2026-09-11 02:43:17,2026-09-11,2026-09,02,2026-09-10 02:43:17,2026-09-10 02:43:17,-1.0,1.0,140.00843086384407,credit_card,0.0
eb41174b-06e2-4a3d-8374-be73983361a0,new_68b53e7f,Test City,XX,delivered,2026-09-11 01:43:17,2026-09-11,2026-09,01,2026-09-10 01:43:17,2026-09-10 01:43:17,-1.0,1.0,133.4914342713784,credit_card,0.0
f8350c5e-6a8d-4517-845e-4e4a31160ec5,new_3240428b,Test City,XX,delivered,2026-09-11 01:43:17,2026-09-11,2026-09,01,2026-09-10 01:43:17,2026-09-10 01:43:17,-1.0,1.0,74.54818054472076,credit_card,0.0
394f62b4-4a08-473d-b92a-79d63bc5e627,retained_472a1a02,Test City,XX,delivered,2026-09-11 01:43:17,2026-09-11,2026-09,01,2026-09-10 01:43:17,2026-09-10 01:43:17,-1.0,1.0,84.9732760344323,credit_card,0.0
f687e8d6-5824-438f-bca4-822c2856958c,retained_57525ca8,Test City,XX,delivered,2026-09-11 01:43:17,2026-09-11,2026-09,01,2026-09-10 01:43:17,2026-09-10 01:43:17,-1.0,1.0,82.99547115347758,credit_card,0.0
7a18b493-8beb-4fb1-b78f-98327b5da1cc,new_b3d9180a,Test City,XX,delivered,2026-09-11 00:43:17,2026-09-11,2026-09,00,2026-09-10 00:43:17,2026-09-10 00:43:17,-1.0,1.0,149.5516692017628,credit_card,0.0
283af436-3436-4c76-a430-8173dfad4f88,retained_2647cd0b,Test City,XX,delivered,2026-09-11 00:43:17,2026-09-11,2026-09,00,2026-09-10 00:43:17,2026-09-10 00:43:17,-1.0,1.0,129.08476173662024,credit_card,0.0
d087ae00-0e67-4b35-b349-eb4714d1cd4c,new_b10acbf5,Test City,XX,delivered,2026-09-10 23:43:17,2026-09-10,2026-09,23,2026-09-09 23:43:17,2026-09-09 23:43:17,-1.0,1.0,132.72952204535005,credit_card,0.0
1b1936cb-e10d-456c-ad09-6e852dcbd489,new_edb6f581,Test City,XX,delivered,2026-09-10 23:43:17,2026-09-10,2026-09,23,2026-09-09 23:43:17,2026-09-09 23:43:17,-1.0,1.0,69.75900749161781,credit_card,0.0
36c1c26d-0d7b-4252-8c80-3c3c766f4f8b,new_78c5dfe4,Test City,XX,delivered,2026-09-10 23:43:17,2026-09-10,2026-09,23,2026-09-09 23:43:17,2026-09-09 23:43:17,-1.0,1.0,89.85388725236191,credit_card,0.0
ac958211-c7ec-4ce1-b08d-4e3ce77a46fb,new_b593b8d0,Test City,XX,delivered,2026-09-10 23:43:17,2026-09-10,2026-09,23,2026-09-09 23:43:17,2026-09-09 23:43:17,-1.0,1.0,95.54830688885286,credit_card,0.0
34d53234-f9c6-42b6-9e69-d12a9b3d0558,new_51d7815b,Test City,XX,delivered,2026-09-10 10:43:17,2026-09-10,2026-09,10,2026-09-09 10:43:17,2026-09-09 10:43:17,-1.0,1.0,96.92048746140614,credit_card,0.0
c6b48910-abcb-49da-a153-55b5a85a7b35,new_fb810318,Test City,XX,delivered,2026-09-10 09:43:17,2026-09-10,2026-09,09,2026-09-09 09:43:17,2026-09-09 09:43:17,-1.0,1.0,104.30079640345468,credit_card,0.0
62f84497-d750-4712-82f1-b24d93abcf42,new_15e9fcc2,Test City,XX,delivered,2026-09-10 09:43:17,2026-09-10,2026-09,09,2026-09-09 09:43:17,2026-09-09 09:43:17,-1.0,1.0,133.3161924444467,credit_card,0.0
21a23940-d145-4d12-97ab-fcccd3088d9f,new_17414215,Test City,XX,delivered,2026-09-10 09:43:17,2026-09-10,2026-09,09,2026-09-09 09:43:17,2026-09-09 09:43:17,-1.0,1.0,81.378299500029,credit_card,0.0
cd76e869-71c5-462d-9dfd-f0531021b5ba,new_8079033c,Test City,XX,delivered,2026-09-10 08:43:17,2026-09-10,2026-09,08,2026-09-09 08:43:17,2026-09-09 08:43:17,-1.0,1.0,78.72331674609492,credit_card,0.0
1757470b-b9ef-490f-bfd1-169be3fbd21d,new_b2029734,Test City,XX,delivered,2026-09-10 08:43:17,2026-09-10,2026-09,08,2026-09-09 08:43:17,2026-09-09 08:43:17,-1.0,1.0,108.76550601949737,credit_card,0.0
0db92d08-a648-4d1f-89d3-36681a0dcc5c,retained_c581a735,Test City,XX,delivered,2026-09-10 08:43:17,2026-09-10,2026-09,08,2026-09-09 08:43:17,2026-09-09 08:43:17,-1.0,1.0,81.27821044454191,credit_card,0.0
8d68e1c4-2772-455b-8969-e8a7008b85fa,retained_dcda570e,Test City,XX,delivered,2026-09-10 08:43:17,2026-09-10,2026-09,08,2026-09-09 08:43:17,2026-09-09 08:43:17,-1.0,1.0,105.11324776709287,credit_card,0.0
4eefa744-bc19-4c97-a31a-63da655856c5,retained_21f0c593,Test City,XX,delivered,2026-09-10 08:43:17,2026-09-10,2026-09,08,2026-09-09 08:43:17,2026-09-09 08:43:17,-1.0,1.0,54.019289594404995,credit_card,0.0
7e9e27cf-4f03-4a81-bbaf-0db6e1ece084,new_71547144,Test City,XX,delivered,2026-09-10 07:43:17,2026-09-10,2026-09,07,2026-09-09 07:43:17,2026-09-09 07:43:17,-1.0,1.0,86.0389161218447,credit_card,0.0
05df4b13-8663-416e-a14f-7508c6df3488,new_e7fcf4ab,Test City,XX,delivered,2026-09-10 07:43:17,2026-09-10,2026-09,07,2026-09-09 07:43:17,2026-09-09 07:43:17,-1.0,1.0,123.6867987489355,credit_card,0.0
5a69cd9e-c4d6-4810-a7c9-f4079f1a410e,retained_f6e63544,Test City,XX,delivered,2026-09-10 07:43:17,2026-09-10,2026-09,07,2026-09-09 07:43:17,2026-09-09 07:43:17,-1.0,1.0,50.283359353444844,credit_card,0.0
88a36950-3248-4a48-89b0-e3931dc7cdfd,retained_6dd91e87,Test City,XX,delivered,2026-09-10 06:43:17,2026-09-10,2026-09,06,2026-09-09 06:43:17,2026-09-09 06:43:17,-1.0,1.0,89.412388744026,credit_card,0.0
9c3c098a-41c3-4cbd-9cf9-b4660d8b58df,retained_af10d317,Test City,XX,delivered,2026-09-10 06:43:17,2026-09-10,2026-09,06,2026-09-09 06:43:17,2026-09-09 06:43:17,-1.0,1.0,86.87807210558742,credit_card,0.0
4005651d-bcf2-4544-955b-0dcb74ae5de6,retained_22fd584d,Test City,XX,delivered,2026-09-10 05:43:17,2026-09-10,2026-09,05,2026-09-09 05:43:17,2026-09-09 05:43:17,-1.0,1.0,81.67508683036031,credit_card,0.0
0eb11d92-535f-42a1-a644-3df2ca608ed5,new_b9a9f592,Test City,XX,delivered,2026-09-10 04:43:17,2026-09-10,2026-09,04,2026-09-09 04:43:17,2026-09-09 04:43:17,-1.0,1.0,135.95302072791264,credit_card,0.0
bea6910b-1f01-49c9-86f0-4ad40e806a69,new_e80a563c,Test City,XX,delivered,2026-09-10 04:43:17,2026-09-10,2026-09,04,2026-09-09 04:43:17,2026-09-09 04:43:17,-1.0,1.0,133.87889303267377,credit_card,0.0
cf3e9905-7331-4187-9d91-d068612f93db,retained_7268f50c,Test City,XX,delivered,2026-09-10 04:43:17,2026-09-10,2026-09,04,2026-09-09 04:43:17,2026-09-09 04:43:17,-1.0,1.0,145.0526280699708,credit_card,0.0
5f149b79-bb83-402e-9a36-f3cfe0ae1bad,retained_2d4c28a7,Test City,XX,delivered,2026-09-10 04:43:17,2026-09-10,2026-09,04,2026-09-09 04:43:17,2026-09-09 04:43:17,-1.0,1.0,56.333096257378855,credit_card,0.0
b660073c-7a11-4b06-8377-d520a9a14457,new_bb41c030,Test City,XX,delivered,2026-09-10 03:43:17,2026-09-10,2026-09,03,2026-09-09 03:43:17,2026-09-09 03:43:17,-1.0,1.0,148.3010410560743,credit_card,0.0
c992eec5-b494-4786-99b8-bc4c74579330,new_8465bab7,Test City,XX,delivered,2026-09-10 02:43:17,2026-09-10,2026-09,02,2026-09-09 02:43:17,2026-09-09 02:43:17,-1.0,1.0,139.74952870207494,credit_card,0.0
43b4b2b3-e33c-46bd-8825-b87789721623,new_ce4e3eaa,Test City,XX,delivered,2026-09-10 02:43:17,2026-09-10,2026-09,02,2026-09-09 02:43:17,2026-09-09 02:43:17,-1.0,1.0,75.37141233261106,credit_card,0.0
f6ea6516-03fd-4f65-9d92-9bb1b61d4aae,new_6aa85835,Test City,XX,delivered,2026-09-10 02:43:17,2026-09-10,2026-09,02,2026-09-09 02:43:17,2026-09-09 02:43:17,-1.0,1.0,62.44126539575263,credit_card,0.0
b9e0bff7-7f1c-448e-9954-19223da1f2e6,new_bff18dbf,Test City,XX,delivered,2026-09-10 01:43:17,2026-09-10,2026-09,01,2026-09-09 01:43:17,2026-09-09 01:43:17,-1.0,1.0,100.60901424144186,credit_card,0.0
a9bdf28a-39e0-40cf-9630-8b35071bf832,new_c0154420,Test City,XX,delivered,2026-09-10 01:43:17,2026-09-10,2026-09,01,2026-09-09 01:43:17,2026-09-09 01:43:17,-1.0,1.0,112.21650294033594,credit_card,0.0
69749fab-d56b-48a7-8ce8-a6de2011e5fc,new_c33b9743,Test City,XX,delivered,2026-09-10 00:43:17,2026-09-10,2026-09,00,2026-09-09 00:43:17,2026-09-09 00:43:17,-1.0,1.0,65.1652260244422,credit_card,0.0
872f8da7-d18f-4b15-9fc0-1e1301689153,new_52182918,Test City,XX,delivered,2026-09-10 00:43:17,2026-09-10,2026-09,00,2026-09-09 00:43:17,2026-09-09 00:43:17,-1.0,1.0,92.82187300726709,credit_card,0.0
0d04ff3d-fcdc-4114-9f85-0e07d5f48def,new_e741c31a,Test City,XX,delivered,2026-09-10 00:43:17,2026-09-10,2026-09,00,2026-09-09 00:43:17,2026-09-09 00:43:17,-1.0,1.0,127.97659166703544,credit_card,0.0
faa9f035-28af-4403-ba85-6b27baaaac56,retained_e59e8c6d,Test City,XX,delivered,2026-09-10 00:43:17,2026-09-10,2026-09,00,2026-09-09 00:43:17,2026-09-09 00:43:17,-1.0,1.0,137.0585813425708,credit_card,0.0
2f74fa21-04e0-4cca-883a-e2e2747d775a,retained_d0cf204e,Test City,XX,delivered,2026-09-10 00:43:17,2026-09-10,2026-09,00,2026-09-09 00:43:17,2026-09-09 00:43:17,-1.0,1.0,62.53388384815972,credit_card,0.0
9896e36b-bb8f-4439-849c-8fdb9f7c504c,new_061ce845,Test City,XX,delivered,2026-09-09 23:43:17,2026-09-09,2026-09,23,2026-09-08 23:43:17,2026-09-08 23:43:17,-1.0,1.0,112.33116062657425,credit_card,0.0
fc68046c-4e64-4735-b88e-70c36eaa974b,new_466a1e5f,Test City,XX,delivered,2026-09-09 23:43:17,2026-09-09,2026-09,23,2026-09-08 23:43:17,2026-09-08 23:43:17,-1.0,1.0,108.10110763020882,credit_card,0.0
d5ce4878-4a99-4fb0-b3ea-1464fd109b25,new_c99c86c9,Test City,XX,delivered,2026-09-09 10:43:17,2026-09-09,2026-09,10,2026-09-08 10:43:17,2026-09-08 10:43:17,-1.0,1.0,79.63258618942595,credit_card,0.0
39148dd1-c022-4da1-aca6-2ee9f3538d2e,new_27778e1c,Test City,XX,delivered,2026-09-09 10:43:17,2026-09-09,2026-09,10,2026-09-08 10:43:17,2026-09-08 10:43:17,-1.0,1.0,90.69415397628384,credit_card,0.0
808a579d-f3ca-4149-84f4-e03b0d879957,new_3c9ff04a,Test City,XX,delivered,2026-09-09 10:43:17,2026-09-09,2026-09,10,2026-09-08 10:43:17,2026-09-08 10:43:17,-1.0,1.0,134.05058399325424,credit_card,0.0
f183dba6-5868-4d5b-a76b-a63fb10bbd7a,new_94d0d1eb,Test City,XX,delivered,2026-09-09 10:43:17,2026-09-09,2026-09,10,2026-09-08 10:43:17,2026-09-08 10:43:17,-1.0,1.0,148.05756565058155,credit_card,0.0
901a9267-78ef-4bda-aef5-bde63ec6d7d5,retained_0c155bae,Test City,XX,delivered,2026-09-09 10:43:17,2026-09-09,2026-09,10,2026-09-08 10:43:17,2026-09-08 10:43:17,-1.0,1.0,131.81351959099544,credit_card,0.0
acb302f2-1408-4c72-93af-4af9f9ff5f63,retained_11006dcd,Test City,XX,delivered,2026-09-09 10:43:17,2026-09-09,2026-09,10,2026-09-08 10:43:17,2026-09-08 10:43:17,-1.0,1.0,116.34798274981594,credit_card,0.0
4805861c-d92b-4d8e-b16b-b6029d6073bd,retained_7c551397,Test City,XX,delivered,2026-09-09 10:43:17,2026-09-09,2026-09,10,2026-09-08 10:43:17,2026-09-08 10:43:17,-1.0,1.0,91.90541622419761,credit_card,0.0
56e3596e-dc6c-460e-b917-d672909bdb75,new_1d9a2ffe,Test City,XX,delivered,2026-09-09 09:43:17,2026-09-09,2026-09,09,2026-09-08 09:43:17,2026-09-08 09:43:17,-1.0,1.0,96.43783868344447,credit_card,0.0
3f1e2a1c-7a0e-4a3d-9d0a-56afb8235e13,new_adc614cf,Test City,XX,delivered,2026-09-09 07:43:17,2026-09-09,2026-09,07,2026-09-08 07:43:17,2026-09-08 07:43:17,-1.0,1.0,126.72153783911845,credit_card,0.0
7bc3876c-718c-483a-a8ab-109359579a5f,new_d805ed9c,Test City,XX,delivered,2026-09-09 07:43:17,2026-09-09,2026-09,07,2026-09-08 07:43:17,2026-09-08 07:43:17,-1.0,1.0,144.57907725192638,credit_card,0.0
8aca7489-486a-45f8-b63e-25c82b3dfc73,new_4bb2f5fc,Test City,XX,delivered,2026-09-09 06:43:17,2026-09-09,2026-09,06,2026-09-08 06:43:17,2026-09-08 06:43:17,-1.0,1.0,97.40900635075701,credit_card,0.0
739b1172-75be-4a64-b727-2709243f0f2c,retained_599f62ab,Test City,XX,delivered,2026-09-09 06:43:17,2026-09-09,2026-09,06,2026-09-08 06:43:17,2026-09-08 06:43:17,-1.0,1.0,59.77958643851814,credit_card,0.0
c3d0281e-831c-4e3b-9a1e-76d6a5bb4243,retained_6ed810e4,Test City,XX,delivered,2026-09-09 06:43:17,2026-09-09,2026-09,06,2026-09-08 06:43:17,2026-09-08 06:43:17,-1.0,1.0,63.90739341471762,credit_card,0.0
3bcdf343-ede9-4a55-b5d6-68af7e91392d,retained_41ecd43b,Test City,XX,delivered,2026-09-09 06:43:17,2026-09-09,2026-09,06,2026-09-08 06:43:17,2026-09-08 06:43:17,-1.0,1.0,102.88193362885265,credit_card,0.0
fcc2fd5c-0ca4-4c7e-bca7-678ea5f7ce0f,new_031d7d80,Test City,XX,delivered,2026-09-09 05:43:17,2026-09-09,2026-09,05,2026-09-08 05:43:17,2026-09-08 05:43:17,-1.0,1.0,52.676938651246765,credit_card,0.0
dcfa3f72-885b-4d51-a953-107e5e5e1f6c,retained_38506fc7,Test City,XX,delivered,2026-09-09 05:43:17,2026-09-09,2026-09,05,2026-09-08 05:43:17,2026-09-08 05:43:17,-1.0,1.0,131.36373697059463,credit_card,0.0
1039aac6-0c89-41ee-85f0-0eda1a95e445,new_b58019f5,Test City,XX,delivered,2026-09-09 04:43:17,2026-09-09,2026-09,04,2026-09-08 04:43:17,2026-09-08 04:43:17,-1.0,1.0,52.160626430208644,credit_card,0.0
a41cf0cc-ce50-4fa5-8acd-ad8b2f025767,new_62f7b9dd,Test City,XX,delivered,2026-09-09 04:43:17,2026-09-09,2026-09,04,2026-09-08 04:43:17,2026-09-08 04:43:17,-1.0,1.0,130.94273582269335,credit_card,0.0
0954e61b-3030-4ec7-bd70-ff89945115da,new_73a2e203,Test City,XX,delivered,2026-09-09 04:43:17,2026-09-09,2026-09,04,2026-09-08 04:43:17,2026-09-08 04:43:17,-1.0,1.0,75.66043523691289,credit_card,0.0
0cef25bf-1456-4721-901b-e774ec2e69e4,new_0944edeb,Test City,XX,delivered,2026-09-09 04:43:17,2026-09-09,2026-09,04,2026-09-08 04:43:17,2026-09-08 04:43:17,-1.0,1.0,140.63244546737698,credit_card,0.0
4d4de350-940a-4adf-b972-1b8eb18c4efd,retained_055031b6,Test City,XX,delivered,2026-09-09 04:43:17,2026-09-09,2026-09,04,2026-09-08 04:43:17,2026-09-08 04:43:17,-1.0,1.0,55.54591246666002,credit_card,0.0
8ff4895b-de83-43f2-9a58-e5d493e5a154,new_745819f0,Test City,XX,delivered,2026-09-09 03:43:17,2026-09-09,2026-09,03,2026-09-08 03:43:17,2026-09-08 03:43:17,-1.0,1.0,128.29599748607183,credit_card,0.0
81b8122c-7ddb-4606-bb41-0c7583e1562d,new_895526aa,Test City,XX,delivered,2026-09-09 03:43:17,2026-09-09,2026-09,03,2026-09-08 03:43:17,2026-09-08 03:43:17,-1.0,1.0,131.5086099411573,credit_card,0.0
6e7d1529-eb63-4d0d-9eca-78387994e1b4,new_061ce845,Test City,XX,delivered,2026-09-09 02:43:17,2026-09-09,2026-09,02,2026-09-08 02:43:17,2026-09-08 02:43:17,-1.0,1.0,102.4941256703601,credit_card,0.0
26c3d195-3725-4cf6-b1cd-20398e01d687,new_cd748331,Test City,XX,delivered,2026-09-09 02:43:17,2026-09-09,2026-09,02,2026-09-08 02:43:17,2026-09-08 02:43:17,-1.0,1.0,87.42024986355162,credit_card,0.0
594376e1-2786-428f-93e9-da6b005e5400,new_df64b66c,Test City,XX,delivered,2026-09-09 02:43:17,2026-09-09,2026-09,02,2026-09-08 02:43:17,2026-09-08 02:43:17,-1.0,1.0,109.58423157947644,credit_card,0.0
003ffb4b-4df6-4702-9bed-76070fd5ffba,new_43e8bf09,Test City,XX,delivered,2026-09-09 02:43:17,2026-09-09,2026-09,02,2026-09-08 02:43:17,2026-09-08 02:43:17,-1.0,1.0,131.51448080033708,credit_card,0.0
0b6861e6-9fc6-4dfb-b342-6d524ccf316f,new_c0154420,Test City,XX,delivered,2026-09-09 02:43:17,2026-09-09,2026-09,02,2026-09-08 02:43:17,2026-09-08 02:43:17,-1.0,1.0,82.05774118777254,credit_card,0.0
ed20eba3-76c1-4c7f-821c-dbd12598f97f,new_e665db0d,Test City,XX,delivered,2026-09-09 02:43:17,2026-09-09,2026-09,02,2026-09-08 02:43:17,2026-09-08 02:43:17,-1.0,1.0,70.05413629545866,credit_card,0.0
c8d80fc2-fe70-46eb-b124-331651db265c,retained_fea99aae,Test City,XX,delivered,2026-09-09 02:43:17,2026-09-09,2026-09,02,2026-09-08 02:43:17,2026-09-08 02:43:17,-1.0,1.0,102.35284112535733,credit_card,0.0
6bf6cdde-1861-4a63-b9ce-e14985ea9ef4,new_85dc06b0,Test City,XX,delivered,2026-09-09 01:43:17,2026-09-09,2026-09,01,2026-09-08 01:43:17,2026-09-08 01:43:17,-1.0,1.0,134.61044593506767,credit_card,0.0
bf3d0172-ba69-4c7d-8309-3af7a3645c4e,new_5e4683de,Test City,XX,delivered,2026-09-09 01:43:17,2026-09-09,2026-09,01,2026-09-08 01:43:17,2026-09-08 01:43:17,-1.0,1.0,124.34852201145557,credit_card,0.0
0474832d-7baa-456f-bdb5-e44ef25f34ff,new_78c5dfe4,Test City,XX,delivered,2026-09-09 01:43:17,2026-09-09,2026-09,01,2026-09-08 01:43:17,2026-09-08 01:43:17,-1.0,1.0,54.94173349501936,credit_card,0.0
e3965974-b349-497e-8748-a3f118a32dd5,retained_c2d5fdb1,Test City,XX,delivered,2026-09-09 01:43:17,2026-09-09,2026-09,01,2026-09-08 01:43:17,2026-09-08 01:43:17,-1.0,1.0,80.02013936925842,credit_card,0.0
ff03132a-6779-4ae2-9ed7-da6a4880b080,new_ff94c1e0,Test City,XX,delivered,2026-09-09 00:43:17,2026-09-09,2026-09,00,2026-09-08 00:43:17,2026-09-08 00:43:17,-1.0,1.0,131.1574377135862,credit_card,0.0
c23e6b2a-cf34-463d-be4f-a4a0ddf99c7e,retained_f9d4de8e,Test City,XX,delivered,2026-09-09 00:43:17,2026-09-09,2026-09,00,2026-09-08 00:43:17,2026-09-08 00:43:17,-1.0,1.0,120.49626481151525,credit_card,0.0
457d9db2-e0e4-4012-a1e0-62b3f21a7390,retained_abc3350f,Test City,XX,delivered,2026-09-09 00:43:17,2026-09-09,2026-09,00,2026-09-08 00:43:17,2026-09-08 00:43:17,-1.0,1.0,109.56482867386983,credit_card,0.0
79259c2c-4907-4fac-b280-897c58f7d120,new_bee7fb52,Test City,XX,delivered,2026-09-08 10:43:17,2026-09-08,2026-09,10,2026-09-07 10:43:17,2026-09-07 10:43:17,-1.0,1.0,56.86617927418068,credit_card,0.0
b45972b5-8605-49b3-8842-112d67294a85,new_bde84381,Test City,XX,delivered,2026-09-08 10:43:17,2026-09-08,2026-09,10,2026-09-07 10:43:17,2026-09-07 10:43:17,-1.0,1.0,52.37845196266894,credit_card,0.0
4c91ee83-9067-4efb-bfc8-77aa5a64f896,new_559ed523,Test City,XX,delivered,2026-09-08 10:43:17,2026-09-08,2026-09,10,2026-09-07 10:43:17,2026-09-07 10:43:17,-1.0,1.0,58.18247860946217,credit_card,0.0
9c224885-3195-413f-a946-1afb5e12c4e9,new_8e355978,Test City,XX,delivered,2026-09-08 09:43:17,2026-09-08,2026-09,09,2026-09-07 09:43:17,2026-09-07 09:43:17,-1.0,1.0,106.89746861720586,credit_card,0.0
32034b16-ea78-4c12-b8c8-d72b10c046e5,retained_ca715c44,Test City,XX,delivered,2026-09-08 09:43:17,2026-09-08,2026-09,09,2026-09-07 09:43:17,2026-09-07 09:43:17,-1.0,1.0,113.50307998305647,credit_card,0.0
352d9d45-d669-499d-be7b-4199c7a2b6fe,new_5683bc7f,Test City,XX,delivered,2026-09-08 08:43:17,2026-09-08,2026-09,08,2026-09-07 08:43:17,2026-09-07 08:43:17,-1.0,1.0,104.08925084555513,credit_card,0.0
255c0ac5-b7a5-4003-9511-9a4b6a109541,new_2e79a75e,Test City,XX,delivered,2026-09-08 08:43:17,2026-09-08,2026-09,08,2026-09-07 08:43:17,2026-09-07 08:43:17,-1.0,1.0,77.84118501916673,credit_card,0.0
1bd7ff4b-7188-4b2a-9984-650b0c2932f3,new_1216c665,Test City,XX,delivered,2026-09-08 08:43:17,2026-09-08,2026-09,08,2026-09-07 08:43:17,2026-09-07 08:43:17,-1.0,1.0,71.11947494991463,credit_card,0.0
8a64bcd7-da12-4036-80fc-fa900f8045fe,new_0cdd7cde,Test City,XX,delivered,2026-09-08 07:43:17,2026-09-08,2026-09,07,2026-09-07 07:43:17,2026-09-07 07:43:17,-1.0,1.0,89.30910402843334,credit_card,0.0
3477d72e-9a56-42d1-b0ad-b497e2626747,retained_eee49568,Test City,XX,delivered,2026-09-08 07:43:17,2026-09-08,2026-09,07,2026-09-07 07:43:17,2026-09-07 07:43:17,-1.0,1.0,75.20809906465298,credit_card,0.0
6b4b7b50-0379-41d8-b615-386a3b3b8ca5,retained_abc3350f,Test City,XX,delivered,2026-09-08 07:43:17,2026-09-08,2026-09,07,2026-09-07 07:43:17,2026-09-07 07:43:17,-1.0,1.0,113.77611474247092,credit_card,0.0
f6299496-c5d1-4bc0-bb9b-f1f57d10edf6,retained_ffc03a42,Test City,XX,delivered,2026-09-08 07:43:17,2026-09-08,2026-09,07,2026-09-07 07:43:17,2026-09-07 07:43:17,-1.0,1.0,126.4302507263916,credit_card,0.0
45873649-c9b1-4b0e-bb66-db0886c082bb,new_6cd48087,Test City,XX,delivered,2026-09-08 06:43:17,2026-09-08,2026-09,06,2026-09-07 06:43:17,2026-09-07 06:43:17,-1.0,1.0,90.31016810859396,credit_card,0.0
ce0e5b07-3083-47e3-9da4-28e5591d8be8,new_0a688230,Test City,XX,delivered,2026-09-08 06:43:17,2026-09-08,2026-09,06,2026-09-07 06:43:17,2026-09-07 06:43:17,-1.0,1.0,148.10979696227156,credit_card,0.0
bbfc955d-65e9-4a21-9946-f785d3606c8d,new_df07dd1e,Test City,XX,delivered,2026-09-08 05:43:17,2026-09-08,2026-09,05,2026-09-07 05:43:17,2026-09-07 05:43:17,-1.0,1.0,147.02407675492722,credit_card,0.0
c06e4fd7-2956-4b86-843a-b8276769e0ce,retained_0d770ba9,Test City,XX,delivered,2026-09-08 05:43:17,2026-09-08,2026-09,05,2026-09-07 05:43:17,2026-09-07 05:43:17,-1.0,1.0,100.74483156140937,credit_card,0.0
b8aa0ec8-6684-4fbb-b57e-77ef27bf7439,new_530cd193,Test City,XX,delivered,2026-09-08 04:43:17,2026-09-08,2026-09,04,2026-09-07 04:43:17,2026-09-07 04:43:17,-1.0,1.0,64.23587727714356,credit_card,0.0
26cce80a-aeeb-45c8-b7b9-1a0bfa4b6953,new_4e08ca7a,Test City,XX,delivered,2026-09-08 04:43:17,2026-09-08,2026-09,04,2026-09-07 04:43:17,2026-09-07 04:43:17,-1.0,1.0,63.455785249053754,credit_card,0.0
1c9b4ec1-5109-44f2-a62f-117a6c32eab0,new_e8c1638a,Test City,XX,delivered,2026-09-08 03:43:17,2026-09-08,2026-09,03,2026-09-07 03:43:17,2026-09-07 03:43:17,-1.0,1.0,127.50275932990196,credit_card,0.0
d6e2d2b3-a0f5-4895-9f0d-c196329df2b5,new_7d9c9e47,Test City,XX,delivered,2026-09-08 03:43:17,2026-09-08,2026-09,03,2026-09-07 03:43:17,2026-09-07 03:43:17,-1.0,1.0,78.93567491037398,credit_card,0.0
aca08e52-36a6-4c8e-9a63-594677755fed,retained_e9bf1d7c,Test City,XX,delivered,2026-09-08 03:43:17,2026-09-08,2026-09,03,2026-09-07 03:43:17,2026-09-07 03:43:17,-1.0,1.0,62.24344396690289,credit_card,0.0
b8578766-2b7f-4a92-96f8-7b399122617b,new_df64b66c,Test City,XX,delivered,2026-09-08 02:43:17,2026-09-08,2026-09,02,2026-09-07 02:43:17,2026-09-07 02:43:17,-1.0,1.0,130.9907396830797,credit_card,0.0
4ca21f7d-3571-4805-9bfb-61f7a84f1d03,new_bf8ddd96,Test City,XX,delivered,2026-09-08 01:43:17,2026-09-08,2026-09,01,2026-09-07 01:43:17,2026-09-07 01:43:17,-1.0,1.0,92.33696344824034,credit_card,0.0
1babf97a-d64e-4712-be2a-cbee2471532d,new_3011e146,Test City,XX,delivered,2026-09-08 01:43:17,2026-09-08,2026-09,01,2026-09-07 01:43:17,2026-09-07 01:43:17,-1.0,1.0,72.84342550860006,credit_card,0.0
2880d785-3ef4-4de5-89a7-d3245a3e98be,new_3fe4acaa,Test City,XX,delivered,2026-09-08 00:43:17,2026-09-08,2026-09,00,2026-09-07 00:43:17,2026-09-07 00:43:17,-1.0,1.0,99.81066317570074,credit_card,0.0
f29acf43-bfd8-4345-899f-8631021b5c2c,new_b5b0cbb1,Test City,XX,delivered,2026-09-08 00:43:17,2026-09-08,2026-09,00,2026-09-07 00:43:17,2026-09-07 00:43:17,-1.0,1.0,100.21164383531966,credit_card,0.0
9f8a6033-fae6-418e-bde8-c883750ee813,new_ff9647dc,Test City,XX,delivered,2026-09-07 23:43:17,2026-09-07,2026-09,23,2026-09-06 23:43:17,2026-09-06 23:43:17,-1.0,1.0,100.88849730880023,credit_card,0.0
fa83dba3-3e12-4c3d-93cc-a42f238d5f51,new_cf914883,Test City,XX,delivered,2026-09-07 23:43:17,2026-09-07,2026-09,23,2026-09-06 23:43:17,2026-09-06 23:43:17,-1.0,1.0,91.12314478838869,credit_card,0.0
8e975ddf-e20a-4228-a599-29c22e9d63f2,retained_134cb3e5,Test City,XX,delivered,2026-09-07 23:43:17,2026-09-07,2026-09,23,2026-09-06 23:43:17,2026-09-06 23:43:17,-1.0,1.0,77.09308175068979,credit_card,0.0
03c57d0c-9fc9-4c7a-8a30-a2878ae7ebef,new_2cb2b324,Test City,XX,delivered,2026-09-07 10:43:17,2026-09-07,2026-09,10,2026-09-06 10:43:17,2026-09-06 10:43:17,-1.0,1.0,106.82694988626123,credit_card,0.0
a4d9157a-48ca-4065-9cab-84bfb3e06f54,new_19dc3bcf,Test City,XX,delivered,2026-09-07 10:43:17,2026-09-07,2026-09,10,2026-09-06 10:43:17,2026-09-06 10:43:17,-1.0,1.0,130.2423733799793,credit_card,0.0
d32ffa1d-2615-4d72-8cfa-cfdf6edb70cb,new_1e77366f,Test City,XX,delivered,2026-09-07 10:43:17,2026-09-07,2026-09,10,2026-09-06 10:43:17,2026-09-06 10:43:17,-1.0,1.0,65.5567352700863,credit_card,0.0
91c7cc8c-b347-43a4-942d-488435c9efd5,new_c7a9726c,Test City,XX,delivered,2026-09-07 09:43:17,2026-09-07,2026-09,09,2026-09-06 09:43:17,2026-09-06 09:43:17,-1.0,1.0,96.34404809536433,credit_card,0.0
9c1b9b40-1c38-4bd7-ae78-ea84c51c96c2,new_2e79a75e,Test City,XX,delivered,2026-09-07 09:43:17,2026-09-07,2026-09,09,2026-09-06 09:43:17,2026-09-06 09:43:17,-1.0,1.0,69.0424858460719,credit_card,0.0
6dc25647-f29b-431a-950c-3d0c5b09c319,new_f92cc61c,Test City,XX,delivered,2026-09-07 09:43:17,2026-09-07,2026-09,09,2026-09-06 09:43:17,2026-09-06 09:43:17,-1.0,1.0,91.3950373240652,credit_card,0.0
16482e5c-b41d-45e7-bc7d-7fd78e08507e,new_194ac127,Test City,XX,delivered,2026-09-07 09:43:17,2026-09-07,2026-09,09,2026-09-06 09:43:17,2026-09-06 09:43:17,-1.0,1.0,140.34622058213034,credit_card,0.0
ccf7a828-fa49-4dbf-9f46-79d5c4fa17c3,retained_073a41fb,Test City,XX,delivered,2026-09-07 09:43:17,2026-09-07,2026-09,09,2026-09-06 09:43:17,2026-09-06 09:43:17,-1.0,1.0,134.35897315472693,credit_card,0.0
6b66b6cb-8366-453a-9ccb-98d8caea030d,retained_b4bf0d85,Test City,XX,delivered,2026-09-07 09:43:17,2026-09-07,2026-09,09,2026-09-06 09:43:17,2026-09-06 09:43:17,-1.0,1.0,88.86818247528294,credit_card,0.0
c14d28b5-8216-498f-a42c-af8fc56ca928,new_4c1e6324,Test City,XX,delivered,2026-09-07 08:43:17,2026-09-07,2026-09,08,2026-09-06 08:43:17,2026-09-06 08:43:17,-1.0,1.0,103.57246322642106,credit_card,0.0
0f982ae5-56bc-413b-8b88-3817047631f0,new_1f5aee76,Test City,XX,delivered,2026-09-07 08:43:17,2026-09-07,2026-09,08,2026-09-06 08:43:17,2026-09-06 08:43:17,-1.0,1.0,63.48241549251598,credit_card,0.0
681206a1-0140-4e27-8393-898bef9cd3af,new_c71a065b,Test City,XX,delivered,2026-09-07 08:43:17,2026-09-07,2026-09,08,2026-09-06 08:43:17,2026-09-06 08:43:17,-1.0,1.0,140.1359200351102,credit_card,0.0
fc53a533-584f-4685-934b-276f261c43a7,retained_3281fd58,Test City,XX,delivered,2026-09-07 08:43:17,2026-09-07,2026-09,08,2026-09-06 08:43:17,2026-09-06 08:43:17,-1.0,1.0,87.67120371992539,credit_card,0.0
9003406a-aeb4-4f57-9c27-4c3a290e4a0a,new_530cd193,Test City,XX,delivered,2026-09-07 07:43:17,2026-09-07,2026-09,07,2026-09-06 07:43:17,2026-09-06 07:43:17,-1.0,1.0,83.92332192126136,credit_card,0.0
beb9d674-479a-447a-a51d-b2f02821f170,new_e062e1f8,Test City,XX,delivered,2026-09-07 07:43:17,2026-09-07,2026-09,07,2026-09-06 07:43:17,2026-09-06 07:43:17,-1.0,1.0,85.03382130858836,credit_card,0.0
a82b3004-85a8-47de-bd60-94f7253bf8d0,new_af9f6e40,Test City,XX,delivered,2026-09-07 07:43:17,2026-09-07,2026-09,07,2026-09-06 07:43:17,2026-09-06 07:43:17,-1.0,1.0,114.64407415514691,credit_card,0.0
986a6ca3-631d-4340-9dd5-e68228fd210d,new_e6aa0f5d,Test City,XX,delivered,2026-09-07 06:43:17,2026-09-07,2026-09,06,2026-09-06 06:43:17,2026-09-06 06:43:17,-1.0,1.0,56.87331343194255,credit_card,0.0
2f9ff956-907d-4049-8055-1bef8b55d100,retained_e39fc251,Test City,XX,delivered,2026-09-07 06:43:17,2026-09-07,2026-09,06,2026-09-06 06:43:17,2026-09-06 06:43:17,-1.0,1.0,119.53618950018173,credit_card,0.0
5cecedb0-8c09-4cd8-8022-34941750b59d,new_6de5acab,Test City,XX,delivered,2026-09-07 05:43:17,2026-09-07,2026-09,05,2026-09-06 05:43:17,2026-09-06 05:43:17,-1.0,1.0,126.1345811422821,credit_card,0.0
6c924ca4-45cf-4afd-ad3f-1a27d92da143,new_3dd846ff,Test City,XX,delivered,2026-09-07 05:43:17,2026-09-07,2026-09,05,2026-09-06 05:43:17,2026-09-06 05:43:17,-1.0,1.0,88.66901196625881,credit_card,0.0
562cd9a9-ebd9-43ae-8e9b-557f423a29c7,new_84a7402d,Test City,XX,delivered,2026-09-07 04:43:17,2026-09-07,2026-09,04,2026-09-06 04:43:17,2026-09-06 04:43:17,-1.0,1.0,61.92688521249708,credit_card,0.0
e4b0c4fd-0a14-4b17-b4e0-2abf6ad3d98c,retained_2f3b8047,Test City,XX,delivered,2026-09-07 04:43:17,2026-09-07,2026-09,04,2026-09-06 04:43:17,2026-09-06 04:43:17,-1.0,1.0,80.9367331392647,credit_card,0.0
1ccc9385-7bca-4199-a8bb-26e6be4ddf82,new_265949a5,Test City,XX,delivered,2026-09-07 03:43:17,2026-09-07,2026-09,03,2026-09-06 03:43:17,2026-09-06 03:43:17,-1.0,1.0,86.01689971229607,credit_card,0.0
940da2c7-db30-46e3-bbad-7a684e025369,retained_6ac5fa15,Test City,XX,delivered,2026-09-07 03:43:17,2026-09-07,2026-09,03,2026-09-06 03:43:17,2026-09-06 03:43:17,-1.0,1.0,91.73804627497718,credit_card,0.0
9bd15572-3011-49be-9777-9fba3caa5643,new_ccb89eb8,Test City,XX,delivered,2026-09-07 02:43:17,2026-09-07,2026-09,02,2026-09-06 02:43:17,2026-09-06 02:43:17,-1.0,1.0,99.2985297137759,credit_card,0.0
f1afe9c7-8f2c-4ef2-8451-fcd4ea4ee665,new_dc5d1a0f,Test City,XX,delivered,2026-09-07 01:43:17,2026-09-07,2026-09,01,2026-09-06 01:43:17,2026-09-06 01:43:17,-1.0,1.0,136.75943505068096,credit_card,0.0
15740547-c88b-460d-9b57-e206ae8ce64f,new_1750bc32,Test City,XX,delivered,2026-09-07 01:43:17,2026-09-07,2026-09,01,2026-09-06 01:43:17,2026-09-06 01:43:17,-1.0,1.0,68.24421033964393,credit_card,0.0
30078413-6282-4d54-8efa-f8f946424f21,new_dde29f37,Test City,XX,delivered,2026-09-07 01:43:17,2026-09-07,2026-09,01,2026-09-06 01:43:17,2026-09-06 01:43:17,-1.0,1.0,135.77500298172245,credit_card,0.0
78dec712-28ae-4478-bc7c-b5a46fb88555,new_404c5417,Test City,XX,delivered,2026-09-07 01:43:17,2026-09-07,2026-09,01,2026-09-06 01:43:17,2026-09-06 01:43:17,-1.0,1.0,106.53553275610389,credit_card,0.0
aa52c8b0-f144-4bf2-a10b-aacc8443b479,retained_e6c17b5e,Test City,XX,delivered,2026-09-07 01:43:17,2026-09-07,2026-09,01,2026-09-06 01:43:17,2026-09-06 01:43:17,-1.0,1.0,105.04924054918109,credit_card,0.0
afe73cab-5dab-46ad-87c7-7ac6fc48dc2c,new_4c1e6324,Test City,XX,delivered,2026-09-07 00:43:17,2026-09-07,2026-09,00,2026-09-06 00:43:17,2026-09-06 00:43:17,-1.0,1.0,93.27189143712522,credit_card,0.0
449bddfe-5944-4f82-8fdb-61ca7420549b,retained_f2a1fcc0,Test City,XX,delivered,2026-09-07 00:43:17,2026-09-07,2026-09,00,2026-09-06 00:43:17,2026-09-06 00:43:17,-1.0,1.0,138.17775821847653,credit_card,0.0
12c62658-c6e1-4a2e-820d-f134e8f3ba99,retained_8a95dcb9,Test City,XX,delivered,2026-09-07 00:43:17,2026-09-07,2026-09,00,2026-09-06 00:43:17,2026-09-06 00:43:17,-1.0,1.0,115.31044890836495,credit_card,0.0
0e799b97-7dc0-4890-85eb-4bb6b6a5c047,new_e8bdb322,Test City,XX,delivered,2026-09-06 23:43:17,2026-09-06,2026-09,23,2026-09-05 23:43:17,2026-09-05 23:43:17,-1.0,1.0,52.56879923511646,credit_card,0.0
44c8de5e-6a70-4569-8153-d60e6b82090a,new_8914f77b,Test City,XX,delivered,2026-09-06 23:43:17,2026-09-06,2026-09,23,2026-09-05 23:43:17,2026-09-05 23:43:17,-1.0,1.0,71.9263756390325,credit_card,0.0
06d9a40f-1b79-48e4-bfb5-bface73a1d62,new_7ff85ba6,Test City,XX,delivered,2026-09-06 23:43:17,2026-09-06,2026-09,23,2026-09-05 23:43:17,2026-09-05 23:43:17,-1.0,1.0,125.60385493327014,credit_card,0.0
290790e2-2b79-41a4-8eab-503031ed5303,new_f955187a,Test City,XX,delivered,2026-09-06 10:43:17,2026-09-06,2026-09,10,2026-09-05 10:43:17,2026-09-05 10:43:17,-1.0,1.0,131.7680266764284,credit_card,0.0
da7569f0-3614-40c5-aab6-ac9d846a4e72,new_9e92f488,Test City,XX,delivered,2026-09-06 09:43:17,2026-09-06,2026-09,09,2026-09-05 09:43:17,2026-09-05 09:43:17,-1.0,1.0,100.91792964081753,credit_card,0.0
876c116b-5a17-44ef-9cf0-34f5ab082bae,new_84a7402d,Test City,XX,delivered,2026-09-06 09:43:17,2026-09-06,2026-09,09,2026-09-05 09:43:17,2026-09-05 09:43:17,-1.0,1.0,123.96670218290929,credit_card,0.0
7c3c1b7d-3c1d-41f3-b319-bd04e54ebbf9,new_b58fb4b7,Test City,XX,delivered,2026-09-06 09:43:17,2026-09-06,2026-09,09,2026-09-05 09:43:17,2026-09-05 09:43:17,-1.0,1.0,140.0396478377736,credit_card,0.0
bc771cf0-cbf9-4650-92c4-2a46e4ef56ae,new_55c12c09,Test City,XX,delivered,2026-09-06 09:43:17,2026-09-06,2026-09,09,2026-09-05 09:43:17,2026-09-05 09:43:17,-1.0,1.0,140.43081128353123,credit_card,0.0
cc3db1f7-d878-4757-b9e7-d76e5cc54ac4,retained_1f3b25fc,Test City,XX,delivered,2026-09-06 09:43:17,2026-09-06,2026-09,09,2026-09-05 09:43:17,2026-09-05 09:43:17,-1.0,1.0,98.40031519186202,credit_card,0.0
e1ee2fd6-adc3-4681-92c9-f1d52b2aad23,new_1b8eb329,Test City,XX,delivered,2026-09-06 08:43:17,2026-09-06,2026-09,08,2026-09-05 08:43:17,2026-09-05 08:43:17,-1.0,1.0,94.63938540466867,credit_card,0.0
c7690131-35b7-4894-980a-62494f62f92b,retained_62805440,Test City,XX,delivered,2026-09-06 08:43:17,2026-09-06,2026-09,08,2026-09-05 08:43:17,2026-09-05 08:43:17,-1.0,1.0,113.0480063469134,credit_card,0.0
9d621763-5301-4dfa-9a6e-7bb1261558a9,retained_62ea579a,Test City,XX,delivered,2026-09-06 08:43:17,2026-09-06,2026-09,08,2026-09-05 08:43:17,2026-09-05 08:43:17,-1.0,1.0,70.88870310487913,credit_card,0.0
a19f0fc1-5d9c-4276-bc6a-160ae5616949,retained_eae24b15,Test City,XX,delivered,2026-09-06 08:43:17,2026-09-06,2026-09,08,2026-09-05 08:43:17,2026-09-05 08:43:17,-1.0,1.0,58.50106062189403,credit_card,0.0
447edcd5-42d0-4a5c-9f43-d90dfc2f6ce9,new_265b2a69,Test City,XX,delivered,2026-09-06 07:43:17,2026-09-06,2026-09,07,2026-09-05 07:43:17,2026-09-05 07:43:17,-1.0,1.0,60.6121621580951,credit_card,0.0
e3bab83f-a316-44b5-9f62-5110d66bbeff,new_1505363b,Test City,XX,delivered,2026-09-06 07:43:17,2026-09-06,2026-09,07,2026-09-05 07:43:17,2026-09-05 07:43:17,-1.0,1.0,58.71050671821146,credit_card,0.0
d0603d11-32e8-4ac6-a3e2-88c18859ac7c,new_ff1cb8b5,Test City,XX,delivered,2026-09-06 07:43:17,2026-09-06,2026-09,07,2026-09-05 07:43:17,2026-09-05 07:43:17,-1.0,1.0,106.80550687559301,credit_card,0.0
51a2b6d1-97b2-4a0f-8259-f3ca12a9be94,retained_d49234b8,Test City,XX,delivered,2026-09-06 07:43:17,2026-09-06,2026-09,07,2026-09-05 07:43:17,2026-09-05 07:43:17,-1.0,1.0,106.75015606089781,credit_card,0.0
067fc69b-7401-45ff-b01c-53f925689670,retained_1a9a79b0,Test City,XX,delivered,2026-09-06 07:43:17,2026-09-06,2026-09,07,2026-09-05 07:43:17,2026-09-05 07:43:17,-1.0,1.0,122.74840923112139,credit_card,0.0
ba045102-2e17-44ff-958c-42251287c769,new_854c58b4,Test City,XX,delivered,2026-09-06 06:43:17,2026-09-06,2026-09,06,2026-09-05 06:43:17,2026-09-05 06:43:17,-1.0,1.0,131.76016806806842,credit_card,0.0
4a8521ec-73e6-4a8f-9bee-ec8ba3e96c3a,retained_9ffcc6ac,Test City,XX,delivered,2026-09-06 06:43:17,2026-09-06,2026-09,06,2026-09-05 06:43:17,2026-09-05 06:43:17,-1.0,1.0,149.7632357167384,credit_card,0.0
91cbf74a-e46f-4cff-8b06-f4b86d5ed308,retained_4bab9924,Test City,XX,delivered,2026-09-06 06:43:17,2026-09-06,2026-09,06,2026-09-05 06:43:17,2026-09-05 06:43:17,-1.0,1.0,95.81896348469385,credit_card,0.0
d0efd6df-e39c-4181-8d6a-b6c0758aca9a,new_5e4683de,Test City,XX,delivered,2026-09-06 05:43:17,2026-09-06,2026-09,05,2026-09-05 05:43:17,2026-09-05 05:43:17,-1.0,1.0,55.4558462517828,credit_card,0.0
8a92c5b4-a6c2-449e-a9a9-4ed10eb47a85,new_44f1c090,Test City,XX,delivered,2026-09-06 05:43:17,2026-09-06,2026-09,05,2026-09-05 05:43:17,2026-09-05 05:43:17,-1.0,1.0,139.5056061622781,credit_card,0.0
8d1e8aac-8de4-4792-a0c0-44b3ab45045b,new_52cd26ca,Test City,XX,delivered,2026-09-06 04:43:17,2026-09-06,2026-09,04,2026-09-05 04:43:17,2026-09-05 04:43:17,-1.0,1.0,98.59967577712118,credit_card,0.0
2782b24b-c473-457c-84bc-04431d30bd2a,new_e3d0db4a,Test City,XX,delivered,2026-09-06 04:43:17,2026-09-06,2026-09,04,2026-09-05 04:43:17,2026-09-05 04:43:17,-1.0,1.0,52.34893270659828,credit_card,0.0
2f55550a-1fa3-401b-ab4a-605c6b87f693,new_077381fa,Test City,XX,delivered,2026-09-06 03:43:17,2026-09-06,2026-09,03,2026-09-05 03:43:17,2026-09-05 03:43:17,-1.0,1.0,120.13528001017093,credit_card,0.0
48134925-fcb5-4369-9587-981e8f7e0e22,new_1f5aee76,Test City,XX,delivered,2026-09-06 02:43:17,2026-09-06,2026-09,02,2026-09-05 02:43:17,2026-09-05 02:43:17,-1.0,1.0,67.5281593018143,credit_card,0.0
64d3c817-d642-4581-a4fc-a1dcf9f9e204,new_9e8792d7,Test City,XX,delivered,2026-09-06 02:43:17,2026-09-06,2026-09,02,2026-09-05 02:43:17,2026-09-05 02:43:17,-1.0,1.0,144.5974473782765,credit_card,0.0
cb1430a4-8577-4b85-915e-5847c30febdd,new_965e2031,Test City,XX,delivered,2026-09-06 02:43:17,2026-09-06,2026-09,02,2026-09-05 02:43:17,2026-09-05 02:43:17,-1.0,1.0,149.54193156140047,credit_card,0.0
fa2a70a1-116c-4ab7-bbc2-155c60bc742d,new_c9613c86,Test City,XX,delivered,2026-09-06 02:43:17,2026-09-06,2026-09,02,2026-09-05 02:43:17,2026-09-05 02:43:17,-1.0,1.0,50.29029387640998,credit_card,0.0
3abfa957-c95a-4182-9755-9db81e72851a,new_57211242,Test City,XX,delivered,2026-09-06 01:43:17,2026-09-06,2026-09,01,2026-09-05 01:43:17,2026-09-05 01:43:17,-1.0,1.0,96.71718710221734,credit_card,0.0
b4f27189-044a-4d72-a5ba-6cc594aba735,retained_817f8e8e,Test City,XX,delivered,2026-09-06 01:43:17,2026-09-06,2026-09,01,2026-09-05 01:43:17,2026-09-05 01:43:17,-1.0,1.0,139.8742174363478,credit_card,0.0
bf3b96c9-0470-42e7-adce-d153de11aa6d,retained_0a8f572e,Test City,XX,delivered,2026-09-06 01:43:17,2026-09-06,2026-09,01,2026-09-05 01:43:17,2026-09-05 01:43:17,-1.0,1.0,52.12934201624297,credit_card,0.0
939e9e13-5ce9-40d7-ae47-8d1e650d0b0c,new_8fd286da,Test City,XX,delivered,2026-09-06 00:43:17,2026-09-06,2026-09,00,2026-09-05 00:43:17,2026-09-05 00:43:17,-1.0,1.0,79.93032365053705,credit_card,0.0
636ce60b-57f5-429f-8ae0-c3528173f721,new_5d7ca0ad,Test City,XX,delivered,2026-09-06 00:43:17,2026-09-06,2026-09,00,2026-09-05 00:43:17,2026-09-05 00:43:17,-1.0,1.0,92.69826693609437,credit_card,0.0
d29e483a-7665-473b-85f0-3ee4db2a0736,new_9953f31b,Test City,XX,delivered,2026-09-06 00:43:17,2026-09-06,2026-09,00,2026-09-05 00:43:17,2026-09-05 00:43:17,-1.0,1.0,98.54476440382169,credit_card,0.0
7550aedb-657f-464b-81bc-4506bfe611b2,retained_e196a14a,Test City,XX,delivered,2026-09-06 00:43:17,2026-09-06,2026-09,00,2026-09-05 00:43:17,2026-09-05 00:43:17,-1.0,1.0,74.92190645627318,credit_card,0.0
a9f7b3fd-a3f9-4fcb-aa97-7ee1b93710fe,retained_472a1a02,Test City,XX,delivered,2026-09-05 23:43:17,2026-09-05,2026-09,23,2026-09-04 23:43:17,2026-09-04 23:43:17,-1.0,1.0,93.72687245015973,credit_card,0.0
31945fdc-9a51-4ceb-a959-21ac0dfadf2a,new_4f8393ad,Test City,XX,delivered,2026-09-05 10:43:17,2026-09-05,2026-09,10,2026-09-04 10:43:17,2026-09-04 10:43:17,-1.0,1.0,99.90893343993093,credit_card,0.0
052d8b32-917e-46d8-bf8d-29d743705727,new_bb41c030,Test City,XX,delivered,2026-09-05 10:43:17,2026-09-05,2026-09,10,2026-09-04 10:43:17,2026-09-04 10:43:17,-1.0,1.0,65.47238779691496,credit_card,0.0
a6d46b57-fd70-4d98-8ab3-f99f6219df6f,new_4b97fa27,Test City,XX,delivered,2026-09-05 10:43:17,2026-09-05,2026-09,10,2026-09-04 10:43:17,2026-09-04 10:43:17,-1.0,1.0,123.23261186314559,credit_card,0.0
d97d2fee-04e9-44a7-abbd-98823589bd15,retained_5c1d082c,Test City,XX,delivered,2026-09-05 10:43:17,2026-09-05,2026-09,10,2026-09-04 10:43:17,2026-09-04 10:43:17,-1.0,1.0,86.56173396431029,credit_card,0.0
ae40abe9-e5a3-490f-b7fa-9decc77dbf92,retained_29cd6283,Test City,XX,delivered,2026-09-05 10:43:17,2026-09-05,2026-09,10,2026-09-04 10:43:17,2026-09-04 10:43:17,-1.0,1.0,129.17922569513695,credit_card,0.0
593fa590-ed64-4189-baed-3f725cda2f37,new_c21be7f0,Test City,XX,delivered,2026-09-05 09:43:17,2026-09-05,2026-09,09,2026-09-04 09:43:17,2026-09-04 09:43:17,-1.0,1.0,69.99312710995123,credit_card,0.0
7e1bbdad-a72e-42fd-af36-1ccb2fea7a4f,new_67b246cc,Test City,XX,delivered,2026-09-05 08:43:17,2026-09-05,2026-09,08,2026-09-04 08:43:17,2026-09-04 08:43:17,-1.0,1.0,114.57291200690595,credit_card,0.0
cb857e17-ecac-4381-9dce-52fec1e22f33,new_783de028,Test City,XX,delivered,2026-09-05 08:43:17,2026-09-05,2026-09,08,2026-09-04 08:43:17,2026-09-04 08:43:17,-1.0,1.0,130.87394183568944,credit_card,0.0
6bb3702d-45e7-47db-9eee-05b8d5c63e28,new_a85bda65,Test City,XX,delivered,2026-09-05 08:43:17,2026-09-05,2026-09,08,2026-09-04 08:43:17,2026-09-04 08:43:17,-1.0,1.0,124.81597769196006,credit_card,0.0
b1527b71-5c3a-4a6e-9481-cb5a28d516bb,new_2a2bfcb5,Test City,XX,delivered,2026-09-05 08:43:17,2026-09-05,2026-09,08,2026-09-04 08:43:17,2026-09-04 08:43:17,-1.0,1.0,88.32081092174639,credit_card,0.0
41c658a5-8e08-41e8-bf5a-277d45496f0a,new_4b4239f4,Test City,XX,delivered,2026-09-05 08:43:17,2026-09-05,2026-09,08,2026-09-04 08:43:17,2026-09-04 08:43:17,-1.0,1.0,138.84016823833036,credit_card,0.0
86d6906c-4c6d-435f-b6fc-dbe817bd6f08,new_e00ab634,Test City,XX,delivered,2026-09-05 07:43:17,2026-09-05,2026-09,07,2026-09-04 07:43:17,2026-09-04 07:43:17,-1.0,1.0,120.40111046008167,credit_card,0.0
b07310db-f3cd-45da-be3a-46854f510249,new_c81a3356,Test City,XX,delivered,2026-09-05 07:43:17,2026-09-05,2026-09,07,2026-09-04 07:43:17,2026-09-04 07:43:17,-1.0,1.0,95.1121862915706,credit_card,0.0
a37d0bec-7b5a-4f4f-bf01-22bb6488878d,new_c7f27f02,Test City,XX,delivered,2026-09-05 06:43:17,2026-09-05,2026-09,06,2026-09-04 06:43:17,2026-09-04 06:43:17,-1.0,1.0,50.12045075881431,credit_card,0.0
0e43de7f-4554-4610-9a9e-a7d4e7142cc4,new_44be40fb,Test City,XX,delivered,2026-09-05 06:43:17,2026-09-05,2026-09,06,2026-09-04 06:43:17,2026-09-04 06:43:17,-1.0,1.0,145.31940963167574,credit_card,0.0
fd0bd041-917c-442d-a3e4-4785e8f9f72e,new_3d6fdc50,Test City,XX,delivered,2026-09-05 06:43:17,2026-09-05,2026-09,06,2026-09-04 06:43:17,2026-09-04 06:43:17,-1.0,1.0,80.13489935907137,credit_card,0.0
cba80b31-ff48-47b1-bb06-cde2ed9d4a3f,new_c0235f59,Test City,XX,delivered,2026-09-05 05:43:17,2026-09-05,2026-09,05,2026-09-04 05:43:17,2026-09-04 05:43:17,-1.0,1.0,121.03807166801568,credit_card,0.0
0c366306-2156-44a1-9869-ce15067320a0,new_065a18a5,Test City,XX,delivered,2026-09-05 05:43:17,2026-09-05,2026-09,05,2026-09-04 05:43:17,2026-09-04 05:43:17,-1.0,1.0,79.1326137419936,credit_card,0.0
18a6680b-562e-4149-b88e-09d23626856e,retained_055031b6,Test City,XX,delivered,2026-09-05 05:43:17,2026-09-05,2026-09,05,2026-09-04 05:43:17,2026-09-04 05:43:17,-1.0,1.0,87.38344398997626,credit_card,0.0
5897fd70-8229-49f6-be42-81043e7fd5ab,retained_49e51eb4,Test City,XX,delivered,2026-09-05 05:43:17,2026-09-05,2026-09,05,2026-09-04 05:43:17,2026-09-04 05:43:17,-1.0,1.0,133.1052768547538,credit_card,0.0
7d58ca6f-41b4-49cf-8636-f11738967bd5,new_416881d7,Test City,XX,delivered,2026-09-05 04:43:17,2026-09-05,2026-09,04,2026-09-04 04:43:17,2026-09-04 04:43:17,-1.0,1.0,121.71364555107532,credit_card,0.0
a1eae990-ea0c-4f9a-9ad4-970a3e1a6870,new_85dc06b0,Test City,XX,delivered,2026-09-05 03:43:17,2026-09-05,2026-09,03,2026-09-04 03:43:17,2026-09-04 03:43:17,-1.0,1.0,65.33051562900573,credit_card,0.0
e8444a2b-3c6b-4272-8763-1c49a76df424,new_cef1ae34,Test City,XX,delivered,2026-09-05 03:43:17,2026-09-05,2026-09,03,2026-09-04 03:43:17,2026-09-04 03:43:17,-1.0,1.0,133.1747364892781,credit_card,0.0
68dcc5a6-5090-49ee-9793-f80c7b965328,new_9c3ffda7,Test City,XX,delivered,2026-09-05 03:43:17,2026-09-05,2026-09,03,2026-09-04 03:43:17,2026-09-04 03:43:17,-1.0,1.0,91.749986365425,credit_card,0.0
4b849e2c-aead-4262-8de8-15c6f9181cb7,new_951e5153,Test City,XX,delivered,2026-09-05 02:43:17,2026-09-05,2026-09,02,2026-09-04 02:43:17,2026-09-04 02:43:17,-1.0,1.0,149.00786447793084,credit_card,0.0
287027ab-aa2d-40ff-b0ad-5da2993bdf3e,new_9c080fef,Test City,XX,delivered,2026-09-05 02:43:17,2026-09-05,2026-09,02,2026-09-04 02:43:17,2026-09-04 02:43:17,-1.0,1.0,141.2832602900536,credit_card,0.0
45947d54-722f-4dbc-82d5-a7745d526354,new_a85bda65,Test City,XX,delivered,2026-09-05 01:43:17,2026-09-05,2026-09,01,2026-09-04 01:43:17,2026-09-04 01:43:17,-1.0,1.0,112.60683670233911,credit_card,0.0
f9ec8562-5a16-4572-8686-458682fedbd8,new_dcbf313d,Test City,XX,delivered,2026-09-05 01:43:17,2026-09-05,2026-09,01,2026-09-04 01:43:17,2026-09-04 01:43:17,-1.0,1.0,58.61874064545569,credit_card,0.0
c32a7b19-2f3b-46a5-85ce-68b3fab318de,new_d3e66a86,Test City,XX,delivered,2026-09-05 01:43:17,2026-09-05,2026-09,01,2026-09-04 01:43:17,2026-09-04 01:43:17,-1.0,1.0,125.83074441748327,credit_card,0.0
835b3fdf-11ac-4cdb-bc6f-c9fe55399765,new_9953f31b,Test City,XX,delivered,2026-09-05 01:43:17,2026-09-05,2026-09,01,2026-09-04 01:43:17,2026-09-04 01:43:17,-1.0,1.0,136.8875662968393,credit_card,0.0
58e69414-e160-480a-8b5a-d0c58f032cfa,new_8101fa5d,Test City,XX,delivered,2026-09-05 00:43:17,2026-09-05,2026-09,00,2026-09-04 00:43:17,2026-09-04 00:43:17,-1.0,1.0,147.7539031317715,credit_card,0.0
b5b0a7c5-f6f0-4da7-b702-8d104a9e133e,new_fd8d3711,Test City,XX,delivered,2026-09-04 23:43:17,2026-09-04,2026-09,23,2026-09-03 23:43:17,2026-09-03 23:43:17,-1.0,1.0,96.94506833982848,credit_card,0.0
54a066e9-f4f9-4dff-ab19-75e9bfc8c11d,new_d2b7491a,Test City,XX,delivered,2026-09-04 23:43:17,2026-09-04,2026-09,23,2026-09-03 23:43:17,2026-09-03 23:43:17,-1.0,1.0,120.01448657801653,credit_card,0.0
a0761078-c2a3-43b3-8fd1-634d32703e15,new_4f08814c,Test City,XX,delivered,2026-09-04 23:43:17,2026-09-04,2026-09,23,2026-09-03 23:43:17,2026-09-03 23:43:17,-1.0,1.0,123.71934692251858,credit_card,0.0
a3dc196b-a6bd-4c8f-8385-107caa4c6432,retained_2f1ce219,Test City,XX,delivered,2026-09-04 23:43:17,2026-09-04,2026-09,23,2026-09-03 23:43:17,2026-09-03 23:43:17,-1.0,1.0,131.21641595080098,credit_card,0.0
ac3fc7e5-c4ce-4cfc-900a-db6957769256,new_8c76a547,Test City,XX,delivered,2026-09-04 10:43:17,2026-09-04,2026-09,10,2026-09-03 10:43:17,2026-09-03 10:43:17,-1.0,1.0,130.84259561464148,credit_card,0.0
8c7c35ba-fb38-4d8e-9646-bd41d65702a4,new_53d25b7d,Test City,XX,delivered,2026-09-04 10:43:17,2026-09-04,2026-09,10,2026-09-03 10:43:17,2026-09-03 10:43:17,-1.0,1.0,109.20601091225461,credit_card,0.0
a4db2af7-b92f-4c22-bd61-c3aa3cae7395,new_895526aa,Test City,XX,delivered,2026-09-04 10:43:17,2026-09-04,2026-09,10,2026-09-03 10:43:17,2026-09-03 10:43:17,-1.0,1.0,129.85009346702685,credit_card,0.0
855fdeaa-4e80-49d7-9bd0-270025ad84ac,new_137d7a9a,Test City,XX,delivered,2026-09-04 09:43:17,2026-09-04,2026-09,09,2026-09-03 09:43:17,2026-09-03 09:43:17,-1.0,1.0,117.79559572371406,credit_card,0.0
8743f66e-1d07-447e-a219-9082c4b0e542,new_8dc7b3a5,Test City,XX,delivered,2026-09-04 09:43:17,2026-09-04,2026-09,09,2026-09-03 09:43:17,2026-09-03 09:43:17,-1.0,1.0,136.09777450292236,credit_card,0.0
ed0e1e48-565a-419f-a2ab-a016a37f3eab,new_f052f25f,Test City,XX,delivered,2026-09-04 09:43:17,2026-09-04,2026-09,09,2026-09-03 09:43:17,2026-09-03 09:43:17,-1.0,1.0,145.8438641258239,credit_card,0.0
0466ea98-6a98-4ed5-b74d-59ba62c3db79,new_24ca470e,Test City,XX,delivered,2026-09-04 09:43:17,2026-09-04,2026-09,09,2026-09-03 09:43:17,2026-09-03 09:43:17,-1.0,1.0,84.95225131691245,credit_card,0.0
35da069d-7404-4836-b21b-e88f0def8b41,retained_ea2106de,Test City,XX,delivered,2026-09-04 09:43:17,2026-09-04,2026-09,09,2026-09-03 09:43:17,2026-09-03 09:43:17,-1.0,1.0,58.63994851256635,credit_card,0.0
c25f79f7-f442-4584-854f-4f4be5e54baa,new_72880a91,Test City,XX,delivered,2026-09-04 08:43:17,2026-09-04,2026-09,08,2026-09-03 08:43:17,2026-09-03 08:43:17,-1.0,1.0,112.46561451381118,credit_card,0.0
f8798f57-5459-48fe-a5c6-864c7f7b7b56,new_63eac334,Test City,XX,delivered,2026-09-04 08:43:17,2026-09-04,2026-09,08,2026-09-03 08:43:17,2026-09-03 08:43:17,-1.0,1.0,51.78377484228554,credit_card,0.0
0a58cfce-c00e-4e48-b058-b3b609342e61,retained_c199db10,Test City,XX,delivered,2026-09-04 08:43:17,2026-09-04,2026-09,08,2026-09-03 08:43:17,2026-09-03 08:43:17,-1.0,1.0,69.75650013923504,credit_card,0.0
fc8d7510-3f05-4f1e-a41f-1624da257381,new_808f0d69,Test City,XX,delivered,2026-09-04 07:43:17,2026-09-04,2026-09,07,2026-09-03 07:43:17,2026-09-03 07:43:17,-1.0,1.0,65.10696385434568,credit_card,0.0
27337270-3978-472a-8e22-89f32ec3c67c,retained_787e6d92,Test City,XX,delivered,2026-09-04 07:43:17,2026-09-04,2026-09,07,2026-09-03 07:43:17,2026-09-03 07:43:17,-1.0,1.0,81.16608942817453,credit_card,0.0
dc0a1170-64b8-4a40-9349-468b9338ac70,new_70d4a36a,Test City,XX,delivered,2026-09-04 06:43:17,2026-09-04,2026-09,06,2026-09-03 06:43:17,2026-09-03 06:43:17,-1.0,1.0,71.22473243810998,credit_card,0.0
a3f1e0f4-4a53-4c88-87b0-01e495f05dee,new_09df714f,Test City,XX,delivered,2026-09-04 06:43:17,2026-09-04,2026-09,06,2026-09-03 06:43:17,2026-09-03 06:43:17,-1.0,1.0,51.09516137697,credit_card,0.0
2b847c4d-d3e0-41cc-b520-673b81b0ddee,new_251efe94,Test City,XX,delivered,2026-09-04 06:43:17,2026-09-04,2026-09,06,2026-09-03 06:43:17,2026-09-03 06:43:17,-1.0,1.0,79.22612156844096,credit_card,0.0
5268c7cf-3f3a-43e0-87a4-e7f8ba309ae4,retained_40345d07,Test City,XX,delivered,2026-09-04 06:43:17,2026-09-04,2026-09,06,2026-09-03 06:43:17,2026-09-03 06:43:17,-1.0,1.0,85.06224859020642,credit_card,0.0
eaee20ab-8997-41a6-861f-1449be9852e9,new_d2d1f8d8,Test City,XX,delivered,2026-09-04 05:43:17,2026-09-04,2026-09,05,2026-09-03 05:43:17,2026-09-03 05:43:17,-1.0,1.0,79.34190382037254,credit_card,0.0
8ea0efc1-19e9-41e2-b2fe-82ac0232eaef,new_cda6df86,Test City,XX,delivered,2026-09-04 05:43:17,2026-09-04,2026-09,05,2026-09-03 05:43:17,2026-09-03 05:43:17,-1.0,1.0,102.59425519137181,credit_card,0.0
0ec21e98-38ed-4a02-85ec-9f887b4b9f4f,retained_a30f102e,Test City,XX,delivered,2026-09-04 05:43:17,2026-09-04,2026-09,05,2026-09-03 05:43:17,2026-09-03 05:43:17,-1.0,1.0,74.9151291702989,credit_card,0.0
ea10a09e-636a-45ac-82ab-3d5570783f9f,new_293e80fa,Test City,XX,delivered,2026-09-04 04:43:17,2026-09-04,2026-09,04,2026-09-03 04:43:17,2026-09-03 04:43:17,-1.0,1.0,120.6562341752754,credit_card,0.0
91dd7aef-8168-4bce-a085-38009e9c8282,new_30195237,Test City,XX,delivered,2026-09-04 03:43:17,2026-09-04,2026-09,03,2026-09-03 03:43:17,2026-09-03 03:43:17,-1.0,1.0,55.1251552820581,credit_card,0.0
9f03b648-c5cb-4f59-9537-82d1d8cdf16e,new_7c7e5ade,Test City,XX,delivered,2026-09-04 02:43:17,2026-09-04,2026-09,02,2026-09-03 02:43:17,2026-09-03 02:43:17,-1.0,1.0,120.5651141443344,credit_card,0.0
3a905cb8-bc0c-4208-93ff-003c8764df23,new_64a03924,Test City,XX,delivered,2026-09-04 02:43:17,2026-09-04,2026-09,02,2026-09-03 02:43:17,2026-09-03 02:43:17,-1.0,1.0,141.32385463556847,credit_card,0.0
1b192358-b0e5-4af2-ba6c-664aa374a6ef,new_0fadfcf6,Test City,XX,delivered,2026-09-04 01:43:17,2026-09-04,2026-09,01,2026-09-03 01:43:17,2026-09-03 01:43:17,-1.0,1.0,85.44664832200948,credit_card,0.0
3202de97-7f15-45b2-bfde-a88e5646ef92,new_79b79d6e,Test City,XX,delivered,2026-09-04 01:43:17,2026-09-04,2026-09,01,2026-09-03 01:43:17,2026-09-03 01:43:17,-1.0,1.0,128.33301267494141,credit_card,0.0
89a8fe55-c71a-484f-a4e8-aadb612d6f18,new_fd8e35fe,Test City,XX,delivered,2026-09-04 01:43:17,2026-09-04,2026-09,01,2026-09-03 01:43:17,2026-09-03 01:43:17,-1.0,1.0,84.54316397979176,credit_card,0.0
42ba997b-00e3-49e2-a625-f97c3628a0b6,new_2fe03668,Test City,XX,delivered,2026-09-04 01:43:17,2026-09-04,2026-09,01,2026-09-03 01:43:17,2026-09-03 01:43:17,-1.0,1.0,51.79388069268733,credit_card,0.0
d2b3662a-2812-429a-901c-42cf010e8ba4,new_9e7da4dc,Test City,XX,delivered,2026-09-04 01:43:17,2026-09-04,2026-09,01,2026-09-03 01:43:17,2026-09-03 01:43:17,-1.0,1.0,130.5970683399491,credit_card,0.0
c53c0326-760d-4ea7-a96d-3cf06e68825d,retained_1560c479,Test City,XX,delivered,2026-09-04 01:43:17,2026-09-04,2026-09,01,2026-09-03 01:43:17,2026-09-03 01:43:17,-1.0,1.0,121.48990408139643,credit_card,0.0
05fb9a19-6e0c-4dad-a8f5-f9a4891eaf41,retained_76fea19c,Test City,XX,delivered,2026-09-04 01:43:17,2026-09-04,2026-09,01,2026-09-03 01:43:17,2026-09-03 01:43:17,-1.0,1.0,135.54760622585434,credit_card,0.0
18ba4a1d-6bdf-44a7-99ed-ef35b2022654,new_b62d2401,Test City,XX,delivered,2026-09-04 00:43:17,2026-09-04,2026-09,00,2026-09-03 00:43:17,2026-09-03 00:43:17,-1.0,1.0,144.05518570987897,credit_card,0.0
7fc720c1-6572-4f3d-a3ff-603bc83b036d,retained_db6f89c7,Test City,XX,delivered,2026-09-04 00:43:17,2026-09-04,2026-09,00,2026-09-03 00:43:17,2026-09-03 00:43:17,-1.0,1.0,81.961676081744,credit_card,0.0
03f68b6d-1a3c-49c2-8f1c-b14e82f79092,retained_3b1d4fa2,Test City,XX,delivered,2026-09-04 00:43:17,2026-09-04,2026-09,00,2026-09-03 00:43:17,2026-09-03 00:43:17,-1.0,1.0,128.8393589589561,credit_card,0.0
c16286cb-8158-4608-b774-cec1f54e2313,new_a2460387,Test City,XX,delivered,2026-09-03 23:43:17,2026-09-03,2026-09,23,2026-09-02 23:43:17,2026-09-02 23:43:17,-1.0,1.0,103.34219173825001,credit_card,0.0
579336d9-a05d-49d5-aa18-f391d7d1cd96,new_41095b4c,Test City,XX,delivered,2026-09-03 23:43:17,2026-09-03,2026-09,23,2026-09-02 23:43:17,2026-09-02 23:43:17,-1.0,1.0,77.67405244922857,credit_card,0.0
aa48d4d9-076b-46a8-b6ae-6b587ccc7e2b,new_3576d50d,Test City,XX,delivered,2026-09-03 23:43:17,2026-09-03,2026-09,23,2026-09-02 23:43:17,2026-09-02 23:43:17,-1.0,1.0,63.766481855652344,credit_card,0.0
47952697-81ae-438e-a1a5-9b851c688224,new_e91544a4,Test City,XX,delivered,2026-09-03 10:43:17,2026-09-03,2026-09,10,2026-09-02 10:43:17,2026-09-02 10:43:17,-1.0,1.0,76.35123081836383,credit_card,0.0
39c04db9-e8be-4496-a3aa-ce4597f211b9,new_466a1e5f,Test City,XX,delivered,2026-09-03 10:43:17,2026-09-03,2026-09,10,2026-09-02 10:43:17,2026-09-02 10:43:17,-1.0,1.0,142.68146565016661,credit_card,0.0
3888ab26-a618-4ea8-a26f-9e5454aff2d2,new_7b603f17,Test City,XX,delivered,2026-09-03 09:43:17,2026-09-03,2026-09,09,2026-09-02 09:43:17,2026-09-02 09:43:17,-1.0,1.0,101.40195423417845,credit_card,0.0
c9f40eba-26a7-431f-bc31-e5de5e98af3a,new_1740c0a8,Test City,XX,delivered,2026-09-03 09:43:17,2026-09-03,2026-09,09,2026-09-02 09:43:17,2026-09-02 09:43:17,-1.0,1.0,50.186397825809806,credit_card,0.0
417c9832-ec03-4c74-8951-a1d525f2233a,new_f32c7bcb,Test City,XX,delivered,2026-09-03 08:43:17,2026-09-03,2026-09,08,2026-09-02 08:43:17,2026-09-02 08:43:17,-1.0,1.0,59.02297342673597,credit_card,0.0
3b9e2217-c602-4cf6-9625-a370c738dac8,new_fde0c715,Test City,XX,delivered,2026-09-03 08:43:17,2026-09-03,2026-09,08,2026-09-02 08:43:17,2026-09-02 08:43:17,-1.0,1.0,119.81301566087468,credit_card,0.0
d7eea2ee-a640-4dac-bb7d-dd8c7519463b,new_e7c476d1,Test City,XX,delivered,2026-09-03 07:43:17,2026-09-03,2026-09,07,2026-09-02 07:43:17,2026-09-02 07:43:17,-1.0,1.0,118.56298884906063,credit_card,0.0
0caf4483-9e50-4143-8bd8-3af6276c11bd,retained_cbd6ccb9,Test City,XX,delivered,2026-09-03 07:43:17,2026-09-03,2026-09,07,2026-09-02 07:43:17,2026-09-02 07:43:17,-1.0,1.0,94.54861141969852,credit_card,0.0
accd4155-f26a-4489-b318-7a421d40e304,new_b299ea8a,Test City,XX,delivered,2026-09-03 05:43:17,2026-09-03,2026-09,05,2026-09-02 05:43:17,2026-09-02 05:43:17,-1.0,1.0,69.7748306261927,credit_card,0.0
052a9e9b-dd6e-4f29-8b43-ef7850dfd3e9,retained_3384b7ce,Test City,XX,delivered,2026-09-03 05:43:17,2026-09-03,2026-09,05,2026-09-02 05:43:17,2026-09-02 05:43:17,-1.0,1.0,87.54531784193442,credit_card,0.0
d2811cbc-991f-45ac-a666-e34339a8beb6,new_768fa181,Test City,XX,delivered,2026-09-03 04:43:17,2026-09-03,2026-09,04,2026-09-02 04:43:17,2026-09-02 04:43:17,-1.0,1.0,119.12775232069099,credit_card,0.0
249f1d6f-d117-4950-ae68-77ef0bfda4d0,new_fd55afee,Test City,XX,delivered,2026-09-03 04:43:17,2026-09-03,2026-09,04,2026-09-02 04:43:17,2026-09-02 04:43:17,-1.0,1.0,126.86747912425783,credit_card,0.0
e532de37-c7eb-4da3-bf55-07b8abbf16aa,new_42f0eed9,Test City,XX,delivered,2026-09-03 04:43:17,2026-09-03,2026-09,04,2026-09-02 04:43:17,2026-09-02 04:43:17,-1.0,1.0,111.88786379982253,credit_card,0.0
91c3e9a2-3fd8-4c89-876f-143a99d7716f,new_9953f31b,Test City,XX,delivered,2026-09-03 03:43:17,2026-09-03,2026-09,03,2026-09-02 03:43:17,2026-09-02 03:43:17,-1.0,1.0,65.44776499795185,credit_card,0.0
685c4126-f4bd-4a56-a699-92beb9317b8d,retained_9ebd70be,Test City,XX,delivered,2026-09-03 03:43:17,2026-09-03,2026-09,03,2026-09-02 03:43:17,2026-09-02 03:43:17,-1.0,1.0,143.27093665713704,credit_card,0.0
8054be27-31f7-4185-8a96-1581c2548f2c,retained_347257b8,Test City,XX,delivered,2026-09-03 03:43:17,2026-09-03,2026-09,03,2026-09-02 03:43:17,2026-09-02 03:43:17,-1.0,1.0,79.08912213680414,credit_card,0.0
d85fc84b-eb77-4882-b548-1b2254e9b768,retained_be36e9a6,Test City,XX,delivered,2026-09-03 03:43:17,2026-09-03,2026-09,03,2026-09-02 03:43:17,2026-09-02 03:43:17,-1.0,1.0,146.56557036598963,credit_card,0.0
dd9b1c83-3c2f-4a04-9291-d171c6b525af,retained_2b9ef1e5,Test City,XX,delivered,2026-09-03 03:43:17,2026-09-03,2026-09,03,2026-09-02 03:43:17,2026-09-02 03:43:17,-1.0,1.0,118.87059378950902,credit_card,0.0
5e988d3a-a9e2-4f89-9f4f-74d0a49944d4,new_8dc7b3a5,Test City,XX,delivered,2026-09-03 02:43:17,2026-09-03,2026-09,02,2026-09-02 02:43:17,2026-09-02 02:43:17,-1.0,1.0,138.218382901061,credit_card,0.0
ec3dea90-f96d-4b31-83ec-e40bfbfbf392,new_b58019f5,Test City,XX,delivered,2026-09-03 02:43:17,2026-09-03,2026-09,02,2026-09-02 02:43:17,2026-09-02 02:43:17,-1.0,1.0,113.844286409571,credit_card,0.0
c37266fa-efc8-4624-a486-bd8d34d654f5,new_e00ab634,Test City,XX,delivered,2026-09-03 02:43:17,2026-09-03,2026-09,02,2026-09-02 02:43:17,2026-09-02 02:43:17,-1.0,1.0,138.3186803210391,credit_card,0.0
1bf38532-aba0-4ed4-9d58-df16fa660da5,new_bee7fb52,Test City,XX,delivered,2026-09-03 01:43:17,2026-09-03,2026-09,01,2026-09-02 01:43:17,2026-09-02 01:43:17,-1.0,1.0,125.68128809519898,credit_card,0.0
9262755e-0c96-4f88-9615-1881f6636fe9,new_3e136125,Test City,XX,delivered,2026-09-03 01:43:17,2026-09-03,2026-09,01,2026-09-02 01:43:17,2026-09-02 01:43:17,-1.0,1.0,142.2395176883553,credit_card,0.0
f0c2e807-d848-4fe1-adbd-1a7937847ce9,new_63eac334,Test City,XX,delivered,2026-09-03 00:43:17,2026-09-03,2026-09,00,2026-09-02 00:43:17,2026-09-02 00:43:17,-1.0,1.0,101.15088999088846,credit_card,0.0
523719d6-3fe5-4cd0-81c6-7579d4773411,new_1324462d,Test City,XX,delivered,2026-09-03 00:43:17,2026-09-03,2026-09,00,2026-09-02 00:43:17,2026-09-02 00:43:17,-1.0,1.0,149.3843126392828,credit_card,0.0
03381c6e-c166-4c42-9bd5-1c523a9bdd52,new_5088f3f0,Test City,XX,delivered,2026-09-03 00:43:17,2026-09-03,2026-09,00,2026-09-02 00:43:17,2026-09-02 00:43:17,-1.0,1.0,116.63359349426129,credit_card,0.0
d398ce2b-5f7f-4160-93e6-22287fcbbcc2,new_5d7ca0ad,Test City,XX,delivered,2026-09-03 00:43:17,2026-09-03,2026-09,00,2026-09-02 00:43:17,2026-09-02 00:43:17,-1.0,1.0,85.14766220996964,credit_card,0.0
a3acf65e-c103-41c1-a261-56b4a4333dda,new_67eeba99,Test City,XX,delivered,2026-09-02 10:43:17,2026-09-02,2026-09,10,2026-09-01 10:43:17,2026-09-01 10:43:17,-1.0,1.0,129.216994139032,credit_card,0.0
0679cdf3-9aae-484b-8d13-e4831bdfc715,retained_3281fd58,Test City,XX,delivered,2026-09-02 10:43:17,2026-09-02,2026-09,10,2026-09-01 10:43:17,2026-09-01 10:43:17,-1.0,1.0,65.1398262563623,credit_card,0.0
ec68ae3b-ab5b-467d-8e3c-27161b953dea,new_66f7e7d8,Test City,XX,delivered,2026-09-02 09:43:17,2026-09-02,2026-09,09,2026-09-01 09:43:17,2026-09-01 09:43:17,-1.0,1.0,98.1750418533529,credit_card,0.0
fa3ff58c-680a-4bf0-9e4a-f3242fc82160,new_533ed23e,Test City,XX,delivered,2026-09-02 09:43:17,2026-09-02,2026-09,09,2026-09-01 09:43:17,2026-09-01 09:43:17,-1.0,1.0,95.60774479429605,credit_card,0.0
8cce10ed-cae9-4e8a-b6b5-fa11a5a66d5c,new_fde0c715,Test City,XX,delivered,2026-09-02 09:43:17,2026-09-02,2026-09,09,2026-09-01 09:43:17,2026-09-01 09:43:17,-1.0,1.0,67.4716055531001,credit_card,0.0
bfe91fc1-9aaa-4430-8f1b-9c6dbcb50e43,new_c0199efa,Test City,XX,delivered,2026-09-02 09:43:17,2026-09-02,2026-09,09,2026-09-01 09:43:17,2026-09-01 09:43:17,-1.0,1.0,55.99050237552493,credit_card,0.0
9943e726-e55b-4265-b920-2342ca8897ef,new_a1065103,Test City,XX,delivered,2026-09-02 09:43:17,2026-09-02,2026-09,09,2026-09-01 09:43:17,2026-09-01 09:43:17,-1.0,1.0,89.24603247961973,credit_card,0.0
1e23700f-27e9-4cd2-843b-abf73aaf3971,new_a0dda765,Test City,XX,delivered,2026-09-02 09:43:17,2026-09-02,2026-09,09,2026-09-01 09:43:17,2026-09-01 09:43:17,-1.0,1.0,88.59341856087201,credit_card,0.0
12542d52-3cb8-4aa3-b31a-395ef85716ff,retained_5c1d082c,Test City,XX,delivered,2026-09-02 09:43:17,2026-09-02,2026-09,09,2026-09-01 09:43:17,2026-09-01 09:43:17,-1.0,1.0,140.31184119887803,credit_card,0.0
32b8a274-1f82-40b7-9d86-f7ccf43d11f3,new_caf67433,Test City,XX,delivered,2026-09-02 08:43:17,2026-09-02,2026-09,08,2026-09-01 08:43:17,2026-09-01 08:43:17,-1.0,1.0,85.81917894813196,credit_card,0.0
c9ee71dd-5286-4963-9ab1-88477dbafb27,new_74eeb434,Test City,XX,delivered,2026-09-02 08:43:17,2026-09-02,2026-09,08,2026-09-01 08:43:17,2026-09-01 08:43:17,-1.0,1.0,51.07122091016482,credit_card,0.0
1c7c13bf-cf72-4f3c-b361-8409f1b28539,new_17414215,Test City,XX,delivered,2026-09-02 08:43:17,2026-09-02,2026-09,08,2026-09-01 08:43:17,2026-09-01 08:43:17,-1.0,1.0,114.56376578456572,credit_card,0.0
9cb8f3fc-e2ba-480e-8951-d6375d52a0a3,new_af7c7c32,Test City,XX,delivered,2026-09-02 08:43:17,2026-09-02,2026-09,08,2026-09-01 08:43:17,2026-09-01 08:43:17,-1.0,1.0,83.8283041232444,credit_card,0.0
1f305dde-b34e-4b59-852e-87d102004de3,retained_99c6879c,Test City,XX,delivered,2026-09-02 08:43:17,2026-09-02,2026-09,08,2026-09-01 08:43:17,2026-09-01 08:43:17,-1.0,1.0,131.3850774094382,credit_card,0.0
2b00a994-d8b4-45d4-875f-4dbc79a160f2,retained_4a6cbef7,Test City,XX,delivered,2026-09-02 08:43:17,2026-09-02,2026-09,08,2026-09-01 08:43:17,2026-09-01 08:43:17,-1.0,1.0,131.9545143475538,credit_card,0.0
6c65751e-393c-406b-9a18-0a1d7affc202,new_cdf347d8,Test City,XX,delivered,2026-09-02 07:43:17,2026-09-02,2026-09,07,2026-09-01 07:43:17,2026-09-01 07:43:17,-1.0,1.0,111.51076792297849,credit_card,0.0
b3a58b95-dcc8-40b6-bf79-76115a8b3856,retained_6dd91e87,Test City,XX,delivered,2026-09-02 07:43:17,2026-09-02,2026-09,07,2026-09-01 07:43:17,2026-09-01 07:43:17,-1.0,1.0,62.17186249983469,credit_card,0.0
f88d39c8-d96e-4aef-bf1f-64eaceccd353,retained_1d7b3bc9,Test City,XX,delivered,2026-09-02 07:43:17,2026-09-02,2026-09,07,2026-09-01 07:43:17,2026-09-01 07:43:17,-1.0,1.0,148.8241664842932,credit_card,0.0
7fcaec8d-d6aa-4edf-a1f4-b05d5eb3f54b,retained_0922ba35,Test City,XX,delivered,2026-09-02 07:43:17,2026-09-02,2026-09,07,2026-09-01 07:43:17,2026-09-01 07:43:17,-1.0,1.0,67.0567420871731,credit_card,0.0
d65608d2-0653-48b8-b6fc-5d9d739a2a9b,new_fd55afee,Test City,XX,delivered,2026-09-02 06:43:17,2026-09-02,2026-09,06,2026-09-01 06:43:17,2026-09-01 06:43:17,-1.0,1.0,149.0729367962982,credit_card,0.0
40d438d6-df33-4924-9292-545d55eaccfd,retained_ca715c44,Test City,XX,delivered,2026-09-02 06:43:17,2026-09-02,2026-09,06,2026-09-01 06:43:17,2026-09-01 06:43:17,-1.0,1.0,110.16806167125623,credit_card,0.0
4677a070-b89e-491e-b47c-4da3d56f7362,new_38334dbf,Test City,XX,delivered,2026-09-02 05:43:17,2026-09-02,2026-09,05,2026-09-01 05:43:17,2026-09-01 05:43:17,-1.0,1.0,110.8529279530006,credit_card,0.0
fd22f85e-d9c2-4131-8a6d-95bf1e37039d,new_9666d5f1,Test City,XX,delivered,2026-09-02 05:43:17,2026-09-02,2026-09,05,2026-09-01 05:43:17,2026-09-01 05:43:17,-1.0,1.0,78.38778616284863,credit_card,0.0
459431c6-1602-4ae5-a821-08d5c7393dbe,new_4b24110b,Test City,XX,delivered,2026-09-02 04:43:17,2026-09-02,2026-09,04,2026-09-01 04:43:17,2026-09-01 04:43:17,-1.0,1.0,118.48714408502777,credit_card,0.0
1b73e7b3-67e2-48f2-8723-d8014c4832e8,new_03659115,Test City,XX,delivered,2026-09-02 04:43:17,2026-09-02,2026-09,04,2026-09-01 04:43:17,2026-09-01 04:43:17,-1.0,1.0,103.47494367624003,credit_card,0.0
1e0d13e0-0632-4696-8c52-641939a6f4c1,new_9948467d,Test City,XX,delivered,2026-09-02 04:43:17,2026-09-02,2026-09,04,2026-09-01 04:43:17,2026-09-01 04:43:17,-1.0,1.0,98.80495123523363,credit_card,0.0
623a4e0b-121a-4250-929d-0197de5c6c52,new_03f44e59,Test City,XX,delivered,2026-09-02 04:43:17,2026-09-02,2026-09,04,2026-09-01 04:43:17,2026-09-01 04:43:17,-1.0,1.0,104.41931784949034,credit_card,0.0
4cae0bf8-2b2e-4686-906a-472cf88c0681,new_c23fe3eb,Test City,XX,delivered,2026-09-02 03:43:17,2026-09-02,2026-09,03,2026-09-01 03:43:17,2026-09-01 03:43:17,-1.0,1.0,88.7264188309232,credit_card,0.0
18f87025-5757-4068-9467-c075e02359fe,new_3240428b,Test City,XX,delivered,2026-09-02 03:43:17,2026-09-02,2026-09,03,2026-09-01 03:43:17,2026-09-01 03:43:17,-1.0,1.0,102.67324207634428,credit_card,0.0
d0d93d9c-0399-486c-889f-433eea74ce19,retained_43d02ae6,Test City,XX,delivered,2026-09-02 03:43:17,2026-09-02,2026-09,03,2026-09-01 03:43:17,2026-09-01 03:43:17,-1.0,1.0,75.84614118352857,credit_card,0.0
ee4c63c3-db2f-414f-a5df-b6d66921a5a6,new_077381fa,Test City,XX,delivered,2026-09-02 02:43:17,2026-09-02,2026-09,02,2026-09-01 02:43:17,2026-09-01 02:43:17,-1.0,1.0,72.16879133645446,credit_card,0.0
5ae3cc2d-ff30-4212-82ec-a32c7744dbdc,new_ba13cff6,Test City,XX,delivered,2026-09-02 02:43:17,2026-09-02,2026-09,02,2026-09-01 02:43:17,2026-09-01 02:43:17,-1.0,1.0,101.63375627771944,credit_card,0.0
cf39164a-624c-4c2e-9f0b-a18727d4ffac,new_b2f110d9,Test City,XX,delivered,2026-09-02 02:43:17,2026-09-02,2026-09,02,2026-09-01 02:43:17,2026-09-01 02:43:17,-1.0,1.0,58.482886477840026,credit_card,0.0
f6ef6c01-9ac4-4386-b5b4-d84dd8b913f9,new_ad1e8103,Test City,XX,delivered,2026-09-02 02:43:17,2026-09-02,2026-09,02,2026-09-01 02:43:17,2026-09-01 02:43:17,-1.0,1.0,100.41317375216789,credit_card,0.0
98077739-b855-41e2-bfc1-f6fa41776c0d,new_a8b573ba,Test City,XX,delivered,2026-09-02 02:43:17,2026-09-02,2026-09,02,2026-09-01 02:43:17,2026-09-01 02:43:17,-1.0,1.0,119.46065913002994,credit_card,0.0
9fe103cd-8c28-44a1-b8f2-6dea833f8e4c,retained_39ac8b88,Test City,XX,delivered,2026-09-02 02:43:17,2026-09-02,2026-09,02,2026-09-01 02:43:17,2026-09-01 02:43:17,-1.0,1.0,73.68120316170153,credit_card,0.0
30fb7b27-1661-4539-a7e2-036556d4ef84,retained_259b77ac,Test City,XX,delivered,2026-09-02 02:43:17,2026-09-02,2026-09,02,2026-09-01 02:43:17,2026-09-01 02:43:17,-1.0,1.0,134.88769428938397,credit_card,0.0
d05b8f9d-b2b0-491f-8592-03065d3aa00d,new_cac7ebea,Test City,XX,delivered,2026-09-02 01:43:17,2026-09-02,2026-09,01,2026-09-01 01:43:17,2026-09-01 01:43:17,-1.0,1.0,137.9212042719812,credit_card,0.0
8b8157d0-8030-47a7-ba54-4203a14dec85,new_031d7d80,Test City,XX,delivered,2026-09-02 01:43:17,2026-09-02,2026-09,01,2026-09-01 01:43:17,2026-09-01 01:43:17,-1.0,1.0,82.01159951996569,credit_card,0.0
144120c9-c74a-4a75-bf53-3c532aca2f17,new_b6ca6bf0,Test City,XX,delivered,2026-09-02 01:43:17,2026-09-02,2026-09,01,2026-09-01 01:43:17,2026-09-01 01:43:17,-1.0,1.0,72.65599116232193,credit_card,0.0
69985944-9298-46ee-b4b6-b1a5fa09e456,new_3b1c1045,Test City,XX,delivered,2026-09-02 00:43:17,2026-09-02,2026-09,00,2026-09-01 00:43:17,2026-09-01 00:43:17,-1.0,1.0,103.64685100381303,credit_card,0.0
7100d230-7d9e-4215-994a-8fe07075532f,retained_21ab9004,Test City,XX,delivered,2026-09-02 00:43:17,2026-09-02,2026-09,00,2026-09-01 00:43:17,2026-09-01 00:43:17,-1.0,1.0,134.34106804392994,credit_card,0.0
c14f0e4b-c17e-4b6a-9992-7a16260252bd,new_e877f92c,Test City,XX,delivered,2026-09-01 23:43:17,2026-09-01,2026-09,23,2026-08-31 23:43:17,2026-08-31 23:43:17,-1.0,1.0,131.80401302269973,credit_card,0.0
221679f4-05c8-4064-806d-d1c3b6a0c128,retained_55b1617a,Test City,XX,delivered,2026-09-01 23:43:17,2026-09-01,2026-09,23,2026-08-31 23:43:17,2026-08-31 23:43:17,-1.0,1.0,87.67144365432625,credit_card,0.0
4f3cbfc2-faf9-4867-b5ca-d27d10732ce3,new_bc11e96f,Test City,XX,delivered,2026-09-01 10:43:17,2026-09-01,2026-09,10,2026-08-31 10:43:17,2026-08-31 10:43:17,-1.0,1.0,53.37922499822368,credit_card,0.0
b76c32d3-3b69-4008-ac05-7d682c3558ac,new_2a2bfcb5,Test City,XX,delivered,2026-09-01 09:43:17,2026-09-01,2026-09,09,2026-08-31 09:43:17,2026-08-31 09:43:17,-1.0,1.0,78.96070790351004,credit_card,0.0
e90b22be-6d35-4037-98aa-29e27b2f4a57,new_f6b88c34,Test City,XX,delivered,2026-09-01 09:43:17,2026-09-01,2026-09,09,2026-08-31 09:43:17,2026-08-31 09:43:17,-1.0,1.0,135.7164955463124,credit_card,0.0
596a12e2-5bc9-439f-a6d1-4794f217edb8,new_4ece8e65,Test City,XX,delivered,2026-09-01 09:43:17,2026-09-01,2026-09,09,2026-08-31 09:43:17,2026-08-31 09:43:17,-1.0,1.0,138.71292302434836,credit_card,0.0
c888c75d-bcf8-4720-a77b-fe5714128a58,new_52793d19,Test City,XX,delivered,2026-09-01 09:43:17,2026-09-01,2026-09,09,2026-08-31 09:43:17,2026-08-31 09:43:17,-1.0,1.0,81.24450184092244,credit_card,0.0
3330bf41-1e98-4cf4-a741-b34e8ad496b7,retained_fd7cebf6,Test City,XX,delivered,2026-09-01 09:43:17,2026-09-01,2026-09,09,2026-08-31 09:43:17,2026-08-31 09:43:17,-1.0,1.0,81.5775583581925,credit_card,0.0
09d5c7b8-9fa4-4fde-8bc2-af3574602932,new_b10acbf5,Test City,XX,delivered,2026-09-01 08:43:17,2026-09-01,2026-09,08,2026-08-31 08:43:17,2026-08-31 08:43:17,-1.0,1.0,116.81780532982303,credit_card,0.0
d5b673c6-455f-440a-ae57-69e66ab8aaee,new_95dfd2d7,Test City,XX,delivered,2026-09-01 08:43:17,2026-09-01,2026-09,08,2026-08-31 08:43:17,2026-08-31 08:43:17,-1.0,1.0,113.02637504571915,credit_card,0.0
3b10cd3c-55a9-445e-bc6b-c8fd9984f9ec,retained_1c494815,Test City,XX,delivered,2026-09-01 08:43:17,2026-09-01,2026-09,08,2026-08-31 08:43:17,2026-08-31 08:43:17,-1.0,1.0,118.94897038883927,credit_card,0.0
0d39f8c7-18ba-452a-908f-8a31958ced56,new_1ba2abb7,Test City,XX,delivered,2026-09-01 07:43:17,2026-09-01,2026-09,07,2026-08-31 07:43:17,2026-08-31 07:43:17,-1.0,1.0,68.2702252166242,credit_card,0.0
2af23759-9883-47c0-bffc-dec16553adea,new_8ed6bc66,Test City,XX,delivered,2026-09-01 07:43:17,2026-09-01,2026-09,07,2026-08-31 07:43:17,2026-08-31 07:43:17,-1.0,1.0,106.89100985980477,credit_card,0.0
9f27aab1-5413-43a3-8a93-a64172496dc3,new_9666d5f1,Test City,XX,delivered,2026-09-01 07:43:17,2026-09-01,2026-09,07,2026-08-31 07:43:17,2026-08-31 07:43:17,-1.0,1.0,97.75206161396508,credit_card,0.0
283a6e7e-e401-4e1e-8bfe-76895d5fc43c,new_64bfcf74,Test City,XX,delivered,2026-09-01 07:43:17,2026-09-01,2026-09,07,2026-08-31 07:43:17,2026-08-31 07:43:17,-1.0,1.0,121.857099396101,credit_card,0.0
406a5265-8152-49a1-b374-947837d2a1db,retained_3688cc8f,Test City,XX,delivered,2026-09-01 07:43:17,2026-09-01,2026-09,07,2026-08-31 07:43:17,2026-08-31 07:43:17,-1.0,1.0,131.42176578609866,credit_card,0.0
12c8e45e-b319-4977-b439-60da2643ec49,new_a94a54f1,Test City,XX,delivered,2026-09-01 06:43:17,2026-09-01,2026-09,06,2026-08-31 06:43:17,2026-08-31 06:43:17,-1.0,1.0,91.20401428484413,credit_card,0.0
0b760f6d-ba28-431a-a9f6-8d6becef8431,new_588f23dc,Test City,XX,delivered,2026-09-01 06:43:17,2026-09-01,2026-09,06,2026-08-31 06:43:17,2026-08-31 06:43:17,-1.0,1.0,110.03673936874314,credit_card,0.0
6ce2d659-342c-40ef-a139-997865a93214,new_e9409608,Test City,XX,delivered,2026-09-01 06:43:17,2026-09-01,2026-09,06,2026-08-31 06:43:17,2026-08-31 06:43:17,-1.0,1.0,62.766690833841686,credit_card,0.0
8d68dca5-27e7-40e5-bbd8-25025e944704,new_5b630a9d,Test City,XX,delivered,2026-09-01 05:43:17,2026-09-01,2026-09,05,2026-08-31 05:43:17,2026-08-31 05:43:17,-1.0,1.0,51.43711557325147,credit_card,0.0
b5b52ab7-42c9-4d6f-a956-23d3bf751b67,new_a6b3588f,Test City,XX,delivered,2026-09-01 05:43:17,2026-09-01,2026-09,05,2026-08-31 05:43:17,2026-08-31 05:43:17,-1.0,1.0,122.20387571577302,credit_card,0.0
a96d76c8-f21b-47a7-9fe7-27024a4ccb22,new_66a38efb,Test City,XX,delivered,2026-09-01 05:43:17,2026-09-01,2026-09,05,2026-08-31 05:43:17,2026-08-31 05:43:17,-1.0,1.0,72.99077790203708,credit_card,0.0
699f4b07-4d24-4f89-b71b-242441379f84,new_c31b8b83,Test City,XX,delivered,2026-09-01 05:43:17,2026-09-01,2026-09,05,2026-08-31 05:43:17,2026-08-31 05:43:17,-1.0,1.0,149.81605864252415,credit_card,0.0
a9688eaf-c256-4d23-9ccb-32228b83748a,new_44f1c090,Test City,XX,delivered,2026-09-01 05:43:17,2026-09-01,2026-09,05,2026-08-31 05:43:17,2026-08-31 05:43:17,-1.0,1.0,88.17776725292806,credit_card,0.0
a707ee16-79b3-4c4a-8b50-0346ef6a2be9,new_40f9646b,Test City,XX,delivered,2026-09-01 05:43:17,2026-09-01,2026-09,05,2026-08-31 05:43:17,2026-08-31 05:43:17,-1.0,1.0,106.99910437878789,credit_card,0.0
6e00ea3c-9793-4482-94dc-24e5a8b84efc,new_8f6792d9,Test City,XX,delivered,2026-09-01 04:43:17,2026-09-01,2026-09,04,2026-08-31 04:43:17,2026-08-31 04:43:17,-1.0,1.0,108.3379259858311,credit_card,0.0
6235b478-f44a-483c-8fb9-c41743d503a4,new_4935d43b,Test City,XX,delivered,2026-09-01 04:43:17,2026-09-01,2026-09,04,2026-08-31 04:43:17,2026-08-31 04:43:17,-1.0,1.0,64.71528705313087,credit_card,0.0
9fd24f64-364e-4dea-b8ae-78665e15aeb4,retained_b861f15b,Test City,XX,delivered,2026-09-01 04:43:17,2026-09-01,2026-09,04,2026-08-31 04:43:17,2026-08-31 04:43:17,-1.0,1.0,76.55076212933591,credit_card,0.0
686a6431-18a5-4ba3-91c0-494a8af8dc47,retained_7c551397,Test City,XX,delivered,2026-09-01 04:43:17,2026-09-01,2026-09,04,2026-08-31 04:43:17,2026-08-31 04:43:17,-1.0,1.0,142.19488097900327,credit_card,0.0
1e8c7c90-d8f7-48ac-aed1-c70c6e84194e,retained_250622fb,Test City,XX,delivered,2026-09-01 04:43:17,2026-09-01,2026-09,04,2026-08-31 04:43:17,2026-08-31 04:43:17,-1.0,1.0,145.97687191821387,credit_card,0.0
db879c68-5d65-4991-9f4c-fa4ba1563cd5,retained_be224efa,Test City,XX,delivered,2026-09-01 04:43:17,2026-09-01,2026-09,04,2026-08-31 04:43:17,2026-08-31 04:43:17,-1.0,1.0,61.01854837778692,credit_card,0.0
fb1d05f3-13f6-48a8-beaf-e83f56367c17,new_2b7c225f,Test City,XX,delivered,2026-09-01 03:43:17,2026-09-01,2026-09,03,2026-08-31 03:43:17,2026-08-31 03:43:17,-1.0,1.0,118.07708520075022,credit_card,0.0
3634ab09-8fd4-4cc8-8c6f-d604a0e91001,new_83cc604e,Test City,XX,delivered,2026-09-01 03:43:17,2026-09-01,2026-09,03,2026-08-31 03:43:17,2026-08-31 03:43:17,-1.0,1.0,92.51796556640903,credit_card,0.0
e42eb810-6f49-4bbc-9f27-99672440263f,new_34d773b9,Test City,XX,delivered,2026-09-01 02:43:17,2026-09-01,2026-09,02,2026-08-31 02:43:17,2026-08-31 02:43:17,-1.0,1.0,61.06004753788894,credit_card,0.0
1f70bf4d-0f16-4604-ba25-e9fcfb229925,new_1722e695,Test City,XX,delivered,2026-09-01 02:43:17,2026-09-01,2026-09,02,2026-08-31 02:43:17,2026-08-31 02:43:17,-1.0,1.0,111.03980127143262,credit_card,0.0
c6929361-9c28-4b64-8b35-6f22dba3bca0,new_c29f4299,Test City,XX,delivered,2026-09-01 01:43:17,2026-09-01,2026-09,01,2026-08-31 01:43:17,2026-08-31 01:43:17,-1.0,1.0,126.06660685165399,credit_card,0.0
4b03ebe5-ad2e-4dc4-86b1-7beb9b3b2023,new_81560b79,Test City,XX,delivered,2026-09-01 01:43:17,2026-09-01,2026-09,01,2026-08-31 01:43:17,2026-08-31 01:43:17,-1.0,1.0,74.68197779377766,credit_card,0.0
c01c55cd-4b5f-4c48-bbd8-be1c62da2d83,new_5a6243ea,Test City,XX,delivered,2026-09-01 01:43:17,2026-09-01,2026-09,01,2026-08-31 01:43:17,2026-08-31 01:43:17,-1.0,1.0,101.91992058293943,credit_card,0.0
61f775b4-36b6-4576-953d-e603ed3deedd,new_f955187a,Test City,XX,delivered,2026-09-01 01:43:17,2026-09-01,2026-09,01,2026-08-31 01:43:17,2026-08-31 01:43:17,-1.0,1.0,113.22003122633583,credit_card,0.0
f135bbaa-8031-4167-b7f9-591cd7f9589f,new_64a03924,Test City,XX,delivered,2026-09-01 01:43:17,2026-09-01,2026-09,01,2026-08-31 01:43:17,2026-08-31 01:43:17,-1.0,1.0,111.91342228422172,credit_card,0.0
a79d6e0a-905f-4dde-a01b-731fd07a78f7,retained_fa1cbd05,Test City,XX,delivered,2026-09-01 01:43:17,2026-09-01,2026-09,01,2026-08-31 01:43:17,2026-08-31 01:43:17,-1.0,1.0,59.789750877667984,credit_card,0.0
f9e47558-4ccb-4d0c-b7d2-67ad431e03c2,retained_dfa6226a,Test City,XX,delivered,2026-09-01 01:43:17,2026-09-01,2026-09,01,2026-08-31 01:43:17,2026-08-31 01:43:17,-1.0,1.0,145.71349558588884,credit_card,0.0
795e5f3f-f948-4618-bba5-525a826d2ca3,new_52482aaa,Test City,XX,delivered,2026-09-01 00:43:17,2026-09-01,2026-09,00,2026-08-31 00:43:17,2026-08-31 00:43:17,-1.0,1.0,99.9030980076426,credit_card,0.0
e750d0b8-35e7-456a-9bec-caa13532a989,new_c93c3cce,Test City,XX,delivered,2026-09-01 00:43:17,2026-09-01,2026-09,00,2026-08-31 00:43:17,2026-08-31 00:43:17,-1.0,1.0,142.1807018646113,credit_card,0.0
8c90a0b3-74f0-4b8a-bac9-3d1817579542,new_ab8516b5,Test City,XX,delivered,2026-09-01 00:43:17,2026-09-01,2026-09,00,2026-08-31 00:43:17,2026-08-31 00:43:17,-1.0,1.0,149.21114478437093,credit_card,0.0
e0c1a799-b815-4e25-89d9-13cffdb69ea0,new_f449c7bd,Test City,XX,delivered,2026-08-31 23:43:17,2026-08-31,2026-08,23,2026-08-30 23:43:17,2026-08-30 23:43:17,-1.0,1.0,142.09252222780162,credit_card,0.0
f7c3f278-c413-4cae-945d-efb16261fe64,new_bbaf9db6,Test City,XX,delivered,2026-08-31 23:43:17,2026-08-31,2026-08,23,2026-08-30 23:43:17,2026-08-30 23:43:17,-1.0,1.0,52.70283248078156,credit_card,0.0
82c403b4-7fd2-49f3-976c-6013492a84d6,retained_6ac5fa15,Test City,XX,delivered,2026-08-31 23:43:17,2026-08-31,2026-08,23,2026-08-30 23:43:17,2026-08-30 23:43:17,-1.0,1.0,87.11160366395345,credit_card,0.0
c120a2ae-c61d-4110-a438-3949bccaed17,new_44be40fb,Test City,XX,delivered,2026-08-31 10:43:17,2026-08-31,2026-08,10,2026-08-30 10:43:17,2026-08-30 10:43:17,-1.0,1.0,72.40854789262283,credit_card,0.0
d2cc2a10-191d-4ea0-ac2c-2ef4fbe68f87,new_3d6fdc50,Test City,XX,delivered,2026-08-31 10:43:17,2026-08-31,2026-08,10,2026-08-30 10:43:17,2026-08-30 10:43:17,-1.0,1.0,114.16972338882448,credit_card,0.0
7221adf5-8b85-4c0b-82d6-66089569c1d4,retained_da71ccfd,Test City,XX,delivered,2026-08-31 10:43:17,2026-08-31,2026-08,10,2026-08-30 10:43:17,2026-08-30 10:43:17,-1.0,1.0,65.18460912801405,credit_card,0.0
f967b313-a32b-4624-8743-e28f835aebd7,new_fb1a9694,Test City,XX,delivered,2026-08-31 09:43:17,2026-08-31,2026-08,09,2026-08-30 09:43:17,2026-08-30 09:43:17,-1.0,1.0,136.91887095845954,credit_card,0.0
3aff5bfd-c26e-4657-a269-5f99f43ae145,new_d6df03e1,Test City,XX,delivered,2026-08-31 09:43:17,2026-08-31,2026-08,09,2026-08-30 09:43:17,2026-08-30 09:43:17,-1.0,1.0,73.59180201808459,credit_card,0.0
5c73aa53-8a2c-4a2d-948f-c1fdb90c8d0b,retained_a30f102e,Test City,XX,delivered,2026-08-31 09:43:17,2026-08-31,2026-08,09,2026-08-30 09:43:17,2026-08-30 09:43:17,-1.0,1.0,59.72452298876904,credit_card,0.0
73e122c3-f72f-4bd1-b2cd-3a74a7ecbe29,retained_0326d8d3,Test City,XX,delivered,2026-08-31 09:43:17,2026-08-31,2026-08,09,2026-08-30 09:43:17,2026-08-30 09:43:17,-1.0,1.0,135.65628797529604,credit_card,0.0
377788ff-c673-4dea-a20e-27d31c3fd00c,new_9e92f488,Test City,XX,delivered,2026-08-31 08:43:17,2026-08-31,2026-08,08,2026-08-30 08:43:17,2026-08-30 08:43:17,-1.0,1.0,54.67103253984512,credit_card,0.0
1b1c5ffa-4d02-4b7a-8624-531aa3ec6ae8,new_a22e7983,Test City,XX,delivered,2026-08-31 08:43:17,2026-08-31,2026-08,08,2026-08-30 08:43:17,2026-08-30 08:43:17,-1.0,1.0,146.4865210360469,credit_card,0.0
d2e98770-7924-45ca-b24f-4346ced17cdd,new_24917566,Test City,XX,delivered,2026-08-31 08:43:17,2026-08-31,2026-08,08,2026-08-30 08:43:17,2026-08-30 08:43:17,-1.0,1.0,70.9593717352323,credit_card,0.0
210fd6af-a2a0-4777-8d0d-8a9ec57b435e,new_4986163a,Test City,XX,delivered,2026-08-31 08:43:17,2026-08-31,2026-08,08,2026-08-30 08:43:17,2026-08-30 08:43:17,-1.0,1.0,110.81722422438358,credit_card,0.0
18099695-8730-4aad-b171-57dc9736f91e,new_766ba4c3,Test City,XX,delivered,2026-08-31 08:43:17,2026-08-31,2026-08,08,2026-08-30 08:43:17,2026-08-30 08:43:17,-1.0,1.0,73.11538955408547,credit_card,0.0
03f3c697-a2f4-464f-81d8-b4f515fd61f1,new_0073ec7b,Test City,XX,delivered,2026-08-31 08:43:17,2026-08-31,2026-08,08,2026-08-30 08:43:17,2026-08-30 08:43:17,-1.0,1.0,104.24873954893076,credit_card,0.0
e099093c-4ad8-4f3a-a58e-1b37acd03d7e,new_bddc96f1,Test City,XX,delivered,2026-08-31 07:43:17,2026-08-31,2026-08,07,2026-08-30 07:43:17,2026-08-30 07:43:17,-1.0,1.0,111.85437931045334,credit_card,0.0
d925851e-4827-43fb-aa80-741a85924eea,new_4ab1d42c,Test City,XX,delivered,2026-08-31 07:43:17,2026-08-31,2026-08,07,2026-08-30 07:43:17,2026-08-30 07:43:17,-1.0,1.0,108.47191693573455,credit_card,0.0
421e042f-e437-40c2-859d-47111ac6e63c,new_caf67433,Test City,XX,delivered,2026-08-31 07:43:17,2026-08-31,2026-08,07,2026-08-30 07:43:17,2026-08-30 07:43:17,-1.0,1.0,73.53788521749198,credit_card,0.0
36ef7052-7124-4f6d-9798-4014cf698f8e,new_f92cc61c,Test City,XX,delivered,2026-08-31 07:43:17,2026-08-31,2026-08,07,2026-08-30 07:43:17,2026-08-30 07:43:17,-1.0,1.0,143.17693214577008,credit_card,0.0
d294cc51-c0d3-451e-b3d4-64c4e74b99b0,new_a4edbeb0,Test City,XX,delivered,2026-08-31 07:43:17,2026-08-31,2026-08,07,2026-08-30 07:43:17,2026-08-30 07:43:17,-1.0,1.0,53.267200214513075,credit_card,0.0
2fbae161-3566-42e0-ae42-d73929cbdee4,new_ab15e98e,Test City,XX,delivered,2026-08-31 07:43:17,2026-08-31,2026-08,07,2026-08-30 07:43:17,2026-08-30 07:43:17,-1.0,1.0,70.26622034567045,credit_card,0.0
f503f016-f854-4662-b50f-985bf06568ee,retained_9e340892,Test City,XX,delivered,2026-08-31 07:43:17,2026-08-31,2026-08,07,2026-08-30 07:43:17,2026-08-30 07:43:17,-1.0,1.0,148.0627528242032,credit_card,0.0
8df0ed73-6e43-4be1-8ab7-72c1ce7638a4,new_431b05c3,Test City,XX,delivered,2026-08-31 06:43:17,2026-08-31,2026-08,06,2026-08-30 06:43:17,2026-08-30 06:43:17,-1.0,1.0,81.54940241180105,credit_card,0.0
626d5c22-5bb3-46da-bef6-e6240d45cc52,new_bbaf9db6,Test City,XX,delivered,2026-08-31 06:43:17,2026-08-31,2026-08,06,2026-08-30 06:43:17,2026-08-30 06:43:17,-1.0,1.0,60.04482681292275,credit_card,0.0
a1779ec8-0044-48a8-9900-e40ede11be6b,retained_dc3c8772,Test City,XX,delivered,2026-08-31 06:43:17,2026-08-31,2026-08,06,2026-08-30 06:43:17,2026-08-30 06:43:17,-1.0,1.0,104.17385529076361,credit_card,0.0
9c91175d-b35a-40b0-b3c8-d16aacc9be87,new_b12cf195,Test City,XX,delivered,2026-08-31 05:43:17,2026-08-31,2026-08,05,2026-08-30 05:43:17,2026-08-30 05:43:17,-1.0,1.0,89.92183440303435,credit_card,0.0
6d148e3c-6f24-4c56-88a0-33b4d6393608,retained_f2a1fcc0,Test City,XX,delivered,2026-08-31 05:43:17,2026-08-31,2026-08,05,2026-08-30 05:43:17,2026-08-30 05:43:17,-1.0,1.0,59.74423353826243,credit_card,0.0
3a5bc1ae-2ddb-465b-b0b2-0f189a9bd64b,retained_45b772e9,Test City,XX,delivered,2026-08-31 04:43:17,2026-08-31,2026-08,04,2026-08-30 04:43:17,2026-08-30 04:43:17,-1.0,1.0,149.93246503330067,credit_card,0.0
5250edf1-6682-4ad2-8c27-60385c3df9b5,new_76cfc22c,Test City,XX,delivered,2026-08-31 03:43:17,2026-08-31,2026-08,03,2026-08-30 03:43:17,2026-08-30 03:43:17,-1.0,1.0,78.56690234156375,credit_card,0.0
08b363dc-ee54-496c-94fa-541f1ec4d2a7,new_1ed73a4a,Test City,XX,delivered,2026-08-31 03:43:17,2026-08-31,2026-08,03,2026-08-30 03:43:17,2026-08-30 03:43:17,-1.0,1.0,88.48119963444856,credit_card,0.0
902d90d1-663d-41ab-b0f0-d9409bc5b885,new_430b48b4,Test City,XX,delivered,2026-08-31 03:43:17,2026-08-31,2026-08,03,2026-08-30 03:43:17,2026-08-30 03:43:17,-1.0,1.0,145.1407027577692,credit_card,0.0
0904c464-ded8-4441-8412-3db67d894eb7,retained_1383acf6,Test City,XX,delivered,2026-08-31 03:43:17,2026-08-31,2026-08,03,2026-08-30 03:43:17,2026-08-30 03:43:17,-1.0,1.0,58.66735785139944,credit_card,0.0
c0b07fa3-eda2-4a3f-94e4-422aca336f6f,new_67b246cc,Test City,XX,delivered,2026-08-31 02:43:17,2026-08-31,2026-08,02,2026-08-30 02:43:17,2026-08-30 02:43:17,-1.0,1.0,112.21817681229018,credit_card,0.0
705d9382-a937-4530-b7f8-eaf37167c34d,retained_818650b8,Test City,XX,delivered,2026-08-31 02:43:17,2026-08-31,2026-08,02,2026-08-30 02:43:17,2026-08-30 02:43:17,-1.0,1.0,60.139868575854685,credit_card,0.0
e97e59db-2100-411f-9400-5ef0069533eb,new_85878e61,Test City,XX,delivered,2026-08-31 00:43:17,2026-08-31,2026-08,00,2026-08-30 00:43:17,2026-08-30 00:43:17,-1.0,1.0,82.34470714104705,credit_card,0.0
eeba8021-90b7-4de5-ba1d-4ca8d43bee94,new_b6ca6bf0,Test City,XX,delivered,2026-08-31 00:43:17,2026-08-31,2026-08,00,2026-08-30 00:43:17,2026-08-30 00:43:17,-1.0,1.0,74.43199809253774,credit_card,0.0
394a2bf8-c30a-41fa-b0ad-70108bb92eb6,retained_22fd584d,Test City,XX,delivered,2026-08-31 00:43:17,2026-08-31,2026-08,00,2026-08-30 00:43:17,2026-08-30 00:43:17,-1.0,1.0,77.80391520833017,credit_card,0.0
7dde011f-e2e3-44c8-846d-3a6ba497b1c3,new_f052f25f,Test City,XX,delivered,2026-08-30 23:43:17,2026-08-30,2026-08,23,2026-08-29 23:43:17,2026-08-29 23:43:17,-1.0,1.0,144.8669940539052,credit_card,0.0
87b2ad40-10cb-4a51-8cbe-6f513e6a261e,new_31f89c92,Test City,XX,delivered,2026-08-30 23:43:17,2026-08-30,2026-08,23,2026-08-29 23:43:17,2026-08-29 23:43:17,-1.0,1.0,53.43660769723566,credit_card,0.0
7f0a7764-976d-43fc-ae3d-58d721844788,new_26c19f59,Test City,XX,delivered,2026-08-30 23:43:17,2026-08-30,2026-08,23,2026-08-29 23:43:17,2026-08-29 23:43:17,-1.0,1.0,50.02627972050193,credit_card,0.0
2dac0705-b13c-48cb-834c-a4c1a832452c,retained_79a36229,Test City,XX,delivered,2026-08-30 23:43:17,2026-08-30,2026-08,23,2026-08-29 23:43:17,2026-08-29 23:43:17,-1.0,1.0,131.70048291977957,credit_card,0.0
c1cfc652-f853-4517-8f97-c1a59732254e,retained_1c494815,Test City,XX,delivered,2026-08-30 23:43:17,2026-08-30,2026-08,23,2026-08-29 23:43:17,2026-08-29 23:43:17,-1.0,1.0,66.70691073297535,credit_card,0.0
715e2d04-6ac6-4d5a-a75d-b8f30f4ee706,new_fe26a862,Test City,XX,delivered,2026-08-30 10:43:17,2026-08-30,2026-08,10,2026-08-29 10:43:17,2026-08-29 10:43:17,-1.0,1.0,113.98922385651196,credit_card,0.0
ee79af07-6a00-4cf7-a178-4fe495eb5e53,new_fd7bdb35,Test City,XX,delivered,2026-08-30 10:43:17,2026-08-30,2026-08,10,2026-08-29 10:43:17,2026-08-29 10:43:17,-1.0,1.0,113.24712289272031,credit_card,0.0
5b4b59a0-0a69-4a60-a4d9-38f1d2b901ea,new_97512e3d,Test City,XX,delivered,2026-08-30 10:43:17,2026-08-30,2026-08,10,2026-08-29 10:43:17,2026-08-29 10:43:17,-1.0,1.0,81.99791862417989,credit_card,0.0
a489f79c-3020-4838-a43f-ebcfee14ce15,new_8fd286da,Test City,XX,delivered,2026-08-30 10:43:17,2026-08-30,2026-08,10,2026-08-29 10:43:17,2026-08-29 10:43:17,-1.0,1.0,88.40707280067055,credit_card,0.0
aed0efd6-9a09-4c3f-a75a-6b86503d2199,new_895143dd,Test City,XX,delivered,2026-08-30 10:43:17,2026-08-30,2026-08,10,2026-08-29 10:43:17,2026-08-29 10:43:17,-1.0,1.0,53.81712031450525,credit_card,0.0
9cee50a3-16e2-48c6-a71e-df64254fbbfc,new_8f9e7005,Test City,XX,delivered,2026-08-30 10:43:17,2026-08-30,2026-08,10,2026-08-29 10:43:17,2026-08-29 10:43:17,-1.0,1.0,99.91604519480379,credit_card,0.0
067be503-cfa6-45d7-b790-1492e2f68afe,retained_9fd0b117,Test City,XX,delivered,2026-08-30 10:43:17,2026-08-30,2026-08,10,2026-08-29 10:43:17,2026-08-29 10:43:17,-1.0,1.0,55.32658733125678,credit_card,0.0
f0b4f998-8173-44db-8da2-efd35167cdf8,retained_250622fb,Test City,XX,delivered,2026-08-30 10:43:17,2026-08-30,2026-08,10,2026-08-29 10:43:17,2026-08-29 10:43:17,-1.0,1.0,120.73869309115021,credit_card,0.0
011de209-cab3-4802-9607-19b9246d639b,new_382632db,Test City,XX,delivered,2026-08-30 09:43:17,2026-08-30,2026-08,09,2026-08-29 09:43:17,2026-08-29 09:43:17,-1.0,1.0,68.84091117227385,credit_card,0.0
24e08741-faf8-46dd-9820-1585a7fe93f2,new_1a2e5299,Test City,XX,delivered,2026-08-30 09:43:17,2026-08-30,2026-08,09,2026-08-29 09:43:17,2026-08-29 09:43:17,-1.0,1.0,88.3231354888054,credit_card,0.0
60112ede-461d-4f5e-9877-a45ce5802f48,new_bad0faea,Test City,XX,delivered,2026-08-30 09:43:17,2026-08-30,2026-08,09,2026-08-29 09:43:17,2026-08-29 09:43:17,-1.0,1.0,56.34755951929621,credit_card,0.0
df5eb7ee-8f18-4de5-9848-e24a633cac96,new_2fe03668,Test City,XX,delivered,2026-08-30 09:43:17,2026-08-30,2026-08,09,2026-08-29 09:43:17,2026-08-29 09:43:17,-1.0,1.0,72.57863830053286,credit_card,0.0
ff6209f3-c4a9-4836-ba3d-878dc046d43f,retained_48e0245c,Test City,XX,delivered,2026-08-30 09:43:17,2026-08-30,2026-08,09,2026-08-29 09:43:17,2026-08-29 09:43:17,-1.0,1.0,101.49261888720554,credit_card,0.0
7b56fdd1-9f2e-4418-bef2-be5c94737087,new_f6906108,Test City,XX,delivered,2026-08-30 08:43:17,2026-08-30,2026-08,08,2026-08-29 08:43:17,2026-08-29 08:43:17,-1.0,1.0,118.1433359948906,credit_card,0.0
356a5798-8d16-40fa-9220-69ff85d05ec5,new_15e9fcc2,Test City,XX,delivered,2026-08-30 08:43:17,2026-08-30,2026-08,08,2026-08-29 08:43:17,2026-08-29 08:43:17,-1.0,1.0,104.72683155935734,credit_card,0.0
4306426b-df4a-43cf-a564-67d794434430,new_0073ec7b,Test City,XX,delivered,2026-08-30 08:43:17,2026-08-30,2026-08,08,2026-08-29 08:43:17,2026-08-29 08:43:17,-1.0,1.0,93.49189191427271,credit_card,0.0
f528a459-dfac-4748-8e43-cc9d3af5e19b,new_f12d4ef1,Test City,XX,delivered,2026-08-30 08:43:17,2026-08-30,2026-08,08,2026-08-29 08:43:17,2026-08-29 08:43:17,-1.0,1.0,138.72890368161734,credit_card,0.0
d932fd49-78e6-4912-88b2-fb257b8c52d3,new_daa4127e,Test City,XX,delivered,2026-08-30 08:43:17,2026-08-30,2026-08,08,2026-08-29 08:43:17,2026-08-29 08:43:17,-1.0,1.0,130.7391304203423,credit_card,0.0
9399af7f-a06d-4c86-8c60-609ab27e8126,retained_73c26b2c,Test City,XX,delivered,2026-08-30 08:43:17,2026-08-30,2026-08,08,2026-08-29 08:43:17,2026-08-29 08:43:17,-1.0,1.0,80.56217371909466,credit_card,0.0
e31deca8-2e5d-4a56-aed0-577cd457d9e3,new_1216c665,Test City,XX,delivered,2026-08-30 06:43:17,2026-08-30,2026-08,06,2026-08-29 06:43:17,2026-08-29 06:43:17,-1.0,1.0,81.31401160348848,credit_card,0.0
1fdedc37-23af-41df-99ce-caa9ce35998e,new_fcc50fcf,Test City,XX,delivered,2026-08-30 06:43:17,2026-08-30,2026-08,06,2026-08-29 06:43:17,2026-08-29 06:43:17,-1.0,1.0,56.241778875416,credit_card,0.0
25e8ca1e-12c3-41d6-881d-9f7142497dc9,retained_5ab5ce2c,Test City,XX,delivered,2026-08-30 06:43:17,2026-08-30,2026-08,06,2026-08-29 06:43:17,2026-08-29 06:43:17,-1.0,1.0,96.75545195776992,credit_card,0.0
0f4275e2-235f-43b5-9e60-71ac9c053877,retained_e74b7b76,Test City,XX,delivered,2026-08-30 06:43:17,2026-08-30,2026-08,06,2026-08-29 06:43:17,2026-08-29 06:43:17,-1.0,1.0,122.92487107147129,credit_card,0.0
ab18e00c-9095-4f79-be5e-44703e9787ea,new_c7b74ed0,Test City,XX,delivered,2026-08-30 05:43:17,2026-08-30,2026-08,05,2026-08-29 05:43:17,2026-08-29 05:43:17,-1.0,1.0,71.53523696298434,credit_card,0.0
f573b546-25ca-4889-bb58-647726cc25f0,new_1324462d,Test City,XX,delivered,2026-08-30 05:43:17,2026-08-30,2026-08,05,2026-08-29 05:43:17,2026-08-29 05:43:17,-1.0,1.0,142.42328439080052,credit_card,0.0
b5295b8f-abe9-448d-af15-3b5229cf0527,new_f84eaef6,Test City,XX,delivered,2026-08-30 05:43:17,2026-08-30,2026-08,05,2026-08-29 05:43:17,2026-08-29 05:43:17,-1.0,1.0,80.11171674518226,credit_card,0.0
ffff351c-0623-4c5b-929c-475f8eba5c22,retained_eae24b15,Test City,XX,delivered,2026-08-30 05:43:17,2026-08-30,2026-08,05,2026-08-29 05:43:17,2026-08-29 05:43:17,-1.0,1.0,97.62681847310363,credit_card,0.0
b2f3a7b4-5d65-449f-8561-4b5bf16596a3,new_b5b0cbb1,Test City,XX,delivered,2026-08-30 04:43:17,2026-08-30,2026-08,04,2026-08-29 04:43:17,2026-08-29 04:43:17,-1.0,1.0,83.96323633267457,credit_card,0.0
6fd2986e-9919-4438-b4b4-1765706a62c6,new_9dbc9b81,Test City,XX,delivered,2026-08-30 04:43:17,2026-08-30,2026-08,04,2026-08-29 04:43:17,2026-08-29 04:43:17,-1.0,1.0,120.64343760634007,credit_card,0.0
631176e8-7758-4619-bcaa-66c745dbc7bc,new_31f89c92,Test City,XX,delivered,2026-08-30 04:43:17,2026-08-30,2026-08,04,2026-08-29 04:43:17,2026-08-29 04:43:17,-1.0,1.0,64.78882614787696,credit_card,0.0
aaf4ff3e-f4ee-4d78-a130-2cbb79fe2fd8,new_0ea39b41,Test City,XX,delivered,2026-08-30 03:43:17,2026-08-30,2026-08,03,2026-08-29 03:43:17,2026-08-29 03:43:17,-1.0,1.0,122.72535897093988,credit_card,0.0
e46835c0-d4e0-4cd5-b7ff-03f983bcf5ae,new_9e7da4dc,Test City,XX,delivered,2026-08-30 03:43:17,2026-08-30,2026-08,03,2026-08-29 03:43:17,2026-08-29 03:43:17,-1.0,1.0,78.86086653238056,credit_card,0.0
d2f5609d-3628-448a-8f17-48cf91bec975,new_cb4894fd,Test City,XX,delivered,2026-08-30 03:43:17,2026-08-30,2026-08,03,2026-08-29 03:43:17,2026-08-29 03:43:17,-1.0,1.0,70.35944056629369,credit_card,0.0
edcb2aab-e6d1-4c84-a8ed-3990ec15c8ff,new_1722e695,Test City,XX,delivered,2026-08-30 03:43:17,2026-08-30,2026-08,03,2026-08-29 03:43:17,2026-08-29 03:43:17,-1.0,1.0,93.72783656818648,credit_card,0.0
70f03d37-d51c-4b5c-8dc1-6e93e0dffe9e,new_fe26a862,Test City,XX,delivered,2026-08-30 02:43:17,2026-08-30,2026-08,02,2026-08-29 02:43:17,2026-08-29 02:43:17,-1.0,1.0,119.78863450764959,credit_card,0.0
2739887b-9615-46db-befc-d06dfd08824c,new_5180b6f7,Test City,XX,delivered,2026-08-30 02:43:17,2026-08-30,2026-08,02,2026-08-29 02:43:17,2026-08-29 02:43:17,-1.0,1.0,68.53565730741833,credit_card,0.0
8b2d99fd-eec8-4ddc-9038-00c63d65e9a5,new_8b1da64f,Test City,XX,delivered,2026-08-30 02:43:17,2026-08-30,2026-08,02,2026-08-29 02:43:17,2026-08-29 02:43:17,-1.0,1.0,102.01734256592366,credit_card,0.0
2effded3-6163-47ec-b87e-3d2752560ce0,new_ccc88e69,Test City,XX,delivered,2026-08-30 02:43:17,2026-08-30,2026-08,02,2026-08-29 02:43:17,2026-08-29 02:43:17,-1.0,1.0,143.10602816148213,credit_card,0.0
276c9e0c-8188-43b8-9590-0c90ce2b6ed7,retained_0d770ba9,Test City,XX,delivered,2026-08-30 02:43:17,2026-08-30,2026-08,02,2026-08-29 02:43:17,2026-08-29 02:43:17,-1.0,1.0,109.43966791191758,credit_card,0.0
6720400b-d423-441e-aa51-9c49a33b9c17,new_1dba3c6b,Test City,XX,delivered,2026-08-30 01:43:17,2026-08-30,2026-08,01,2026-08-29 01:43:17,2026-08-29 01:43:17,-1.0,1.0,58.26479186936403,credit_card,0.0
0fea312c-9e39-4ce1-b209-b48ce80a1660,new_b77279e8,Test City,XX,delivered,2026-08-30 00:43:17,2026-08-30,2026-08,00,2026-08-29 00:43:17,2026-08-29 00:43:17,-1.0,1.0,51.907791657267,credit_card,0.0
3f0166fc-f7da-4b20-96b7-5ddd8ac3824c,new_ef5352f0,Test City,XX,delivered,2026-08-30 00:43:17,2026-08-30,2026-08,00,2026-08-29 00:43:17,2026-08-29 00:43:17,-1.0,1.0,144.52392712541058,credit_card,0.0
de11661d-65b0-467e-8585-8e49f9abbd41,new_ccb89eb8,Test City,XX,delivered,2026-08-30 00:43:17,2026-08-30,2026-08,00,2026-08-29 00:43:17,2026-08-29 00:43:17,-1.0,1.0,73.73137129706436,credit_card,0.0
5e6b2919-1d93-4993-828b-c58e2591abf2,new_18dd7083,Test City,XX,delivered,2026-08-30 00:43:17,2026-08-30,2026-08,00,2026-08-29 00:43:17,2026-08-29 00:43:17,-1.0,1.0,123.81884498603267,credit_card,0.0
cb40259c-968a-4a1b-b27d-f75e41f651a8,retained_2b9ef1e5,Test City,XX,delivered,2026-08-30 00:43:17,2026-08-30,2026-08,00,2026-08-29 00:43:17,2026-08-29 00:43:17,-1.0,1.0,134.6550045686193,credit_card,0.0
65179682-0404-4f7d-81d2-51b2ed9aead6,new_8df1ae93,Test City,XX,delivered,2026-08-29 23:43:17,2026-08-29,2026-08,23,2026-08-28 23:43:17,2026-08-28 23:43:17,-1.0,1.0,57.4405616832685,credit_card,0.0
16aa9b5a-4ce7-4fe2-b82d-73094bba261b,new_251efe94,Test City,XX,delivered,2026-08-29 23:43:17,2026-08-29,2026-08,23,2026-08-28 23:43:17,2026-08-28 23:43:17,-1.0,1.0,70.52933199252834,credit_card,0.0
c5402fdf-8e31-4a27-b9f8-b7b316683d12,new_a1065103,Test City,XX,delivered,2026-08-29 10:43:17,2026-08-29,2026-08,10,2026-08-28 10:43:17,2026-08-28 10:43:17,-1.0,1.0,83.42407150162309,credit_card,0.0
3ee5a57e-e15a-4093-8abe-0acbdfe031d7,new_e3d0db4a,Test City,XX,delivered,2026-08-29 09:43:17,2026-08-29,2026-08,09,2026-08-28 09:43:17,2026-08-28 09:43:17,-1.0,1.0,70.10857916056004,credit_card,0.0
a0c33a5d-ff89-437b-a7df-eea1afe152dd,new_551a5577,Test City,XX,delivered,2026-08-29 09:43:17,2026-08-29,2026-08,09,2026-08-28 09:43:17,2026-08-28 09:43:17,-1.0,1.0,131.56158265492638,credit_card,0.0
2797b52a-66fc-4f89-8351-1bf4e5806c31,new_ad2d4aff,Test City,XX,delivered,2026-08-29 09:43:17,2026-08-29,2026-08,09,2026-08-28 09:43:17,2026-08-28 09:43:17,-1.0,1.0,111.56213892551858,credit_card,0.0
171942f1-1202-4fb9-982f-973f7125fc8d,retained_5ab5ce2c,Test City,XX,delivered,2026-08-29 09:43:17,2026-08-29,2026-08,09,2026-08-28 09:43:17,2026-08-28 09:43:17,-1.0,1.0,108.35317095607704,credit_card,0.0
f5a167da-cb08-4f85-8f64-71fbe7419a36,new_6ebc7d0b,Test City,XX,delivered,2026-08-29 08:43:17,2026-08-29,2026-08,08,2026-08-28 08:43:17,2026-08-28 08:43:17,-1.0,1.0,111.76927149023098,credit_card,0.0
a3a3e160-1419-47a6-be43-e28d6c37d1a8,retained_c61954b1,Test City,XX,delivered,2026-08-29 08:43:17,2026-08-29,2026-08,08,2026-08-28 08:43:17,2026-08-28 08:43:17,-1.0,1.0,79.595587756063,credit_card,0.0
5cd5cc35-68b9-4c5a-be0c-d87bb5dbe4da,new_3dd70c97,Test City,XX,delivered,2026-08-29 07:43:17,2026-08-29,2026-08,07,2026-08-28 07:43:17,2026-08-28 07:43:17,-1.0,1.0,67.14920707461744,credit_card,0.0
c15e656b-e204-40f0-a902-3590847c5b31,retained_1f3b25fc,Test City,XX,delivered,2026-08-29 07:43:17,2026-08-29,2026-08,07,2026-08-28 07:43:17,2026-08-28 07:43:17,-1.0,1.0,72.71940746779062,credit_card,0.0
bedc5c5c-d8a0-4d0c-81d9-aaf80e24b047,new_5a78b9c8,Test City,XX,delivered,2026-08-29 06:43:17,2026-08-29,2026-08,06,2026-08-28 06:43:17,2026-08-28 06:43:17,-1.0,1.0,67.63976216474339,credit_card,0.0
a4a4610b-9f8e-48ee-b0bc-72d56e44d38a,new_d2e43ec9,Test City,XX,delivered,2026-08-29 06:43:17,2026-08-29,2026-08,06,2026-08-28 06:43:17,2026-08-28 06:43:17,-1.0,1.0,124.84642409625974,credit_card,0.0
0d26fad4-1e03-42ed-bc57-9ceaf4ae68b9,new_166dddb5,Test City,XX,delivered,2026-08-29 06:43:17,2026-08-29,2026-08,06,2026-08-28 06:43:17,2026-08-28 06:43:17,-1.0,1.0,124.10035302008909,credit_card,0.0
1dc81b1f-b315-4f3c-8a8a-dbecccf52435,new_dad84f15,Test City,XX,delivered,2026-08-29 06:43:17,2026-08-29,2026-08,06,2026-08-28 06:43:17,2026-08-28 06:43:17,-1.0,1.0,143.22064521063578,credit_card,0.0
bc49cb7d-20f4-4421-908e-8ce094a277e8,retained_c82fb2d7,Test City,XX,delivered,2026-08-29 06:43:17,2026-08-29,2026-08,06,2026-08-28 06:43:17,2026-08-28 06:43:17,-1.0,1.0,142.01730161605062,credit_card,0.0
470d47e6-cd5f-41fd-960d-e6cffbd0a5c1,new_82ced721,Test City,XX,delivered,2026-08-29 05:43:17,2026-08-29,2026-08,05,2026-08-28 05:43:17,2026-08-28 05:43:17,-1.0,1.0,132.5255178204858,credit_card,0.0
d1973cc0-2adb-47a2-a29a-5fdfffc46358,new_9fa8f569,Test City,XX,delivered,2026-08-29 05:43:17,2026-08-29,2026-08,05,2026-08-28 05:43:17,2026-08-28 05:43:17,-1.0,1.0,140.4153089136822,credit_card,0.0
a8411529-78d2-43af-a747-7e2464ae09bb,new_f794edc7,Test City,XX,delivered,2026-08-29 03:43:17,2026-08-29,2026-08,03,2026-08-28 03:43:17,2026-08-28 03:43:17,-1.0,1.0,117.75357534198272,credit_card,0.0
05c0172b-acd5-4724-b403-ae534517875e,new_7ff85ba6,Test City,XX,delivered,2026-08-29 03:43:17,2026-08-29,2026-08,03,2026-08-28 03:43:17,2026-08-28 03:43:17,-1.0,1.0,86.54824751738266,credit_card,0.0
53171b2c-ddb4-49e9-a7fc-5207d394c981,retained_942fb7dc,Test City,XX,delivered,2026-08-29 03:43:17,2026-08-29,2026-08,03,2026-08-28 03:43:17,2026-08-28 03:43:17,-1.0,1.0,84.22637177487847,credit_card,0.0
17ad5a3a-2828-4f98-a1a7-209b7704756a,new_2cb2b324,Test City,XX,delivered,2026-08-29 02:43:17,2026-08-29,2026-08,02,2026-08-28 02:43:17,2026-08-28 02:43:17,-1.0,1.0,57.047574844400174,credit_card,0.0
7d72ff9a-13f2-4a24-894c-f6f1d5e4077a,new_9c080fef,Test City,XX,delivered,2026-08-29 02:43:17,2026-08-29,2026-08,02,2026-08-28 02:43:17,2026-08-28 02:43:17,-1.0,1.0,94.26240897145072,credit_card,0.0
8c0e3595-fc66-4f65-8ca6-b819b345cbaa,new_45d85c15,Test City,XX,delivered,2026-08-29 02:43:17,2026-08-29,2026-08,02,2026-08-28 02:43:17,2026-08-28 02:43:17,-1.0,1.0,105.6436226171312,credit_card,0.0
6c4a2d82-f3a1-4526-a2b1-093e4321ec09,retained_41b77e11,Test City,XX,delivered,2026-08-29 02:43:17,2026-08-29,2026-08,02,2026-08-28 02:43:17,2026-08-28 02:43:17,-1.0,1.0,81.41672588153978,credit_card,0.0
2fbcb1f2-76e7-4f8b-a25f-82cc38a95874,new_973c9063,Test City,XX,delivered,2026-08-29 01:43:17,2026-08-29,2026-08,01,2026-08-28 01:43:17,2026-08-28 01:43:17,-1.0,1.0,107.21638917995972,credit_card,0.0
d7c9e0f6-5697-490f-8545-3e3e10f061e6,new_76cfc22c,Test City,XX,delivered,2026-08-29 00:43:17,2026-08-29,2026-08,00,2026-08-28 00:43:17,2026-08-28 00:43:17,-1.0,1.0,73.58466897543049,credit_card,0.0
1a9cca94-324f-407a-b331-d94e2e4e290b,retained_f0cb89d4,Test City,XX,delivered,2026-08-29 00:43:17,2026-08-29,2026-08,00,2026-08-28 00:43:17,2026-08-28 00:43:17,-1.0,1.0,96.61606424684493,credit_card,0.0
daae1a1a-3673-4695-a538-b227fad0f8a2,new_66e49f66,Test City,XX,delivered,2026-08-28 23:43:17,2026-08-28,2026-08,23,2026-08-27 23:43:17,2026-08-27 23:43:17,-1.0,1.0,87.51776741508411,credit_card,0.0
35adfea2-1459-45a5-b61f-4c1e9de06d46,new_62f7b9dd,Test City,XX,delivered,2026-08-28 23:43:17,2026-08-28,2026-08,23,2026-08-27 23:43:17,2026-08-27 23:43:17,-1.0,1.0,85.67407290629582,credit_card,0.0
b9ac7809-17d5-450e-8107-76f30b8814f6,new_e3d9cf39,Test City,XX,delivered,2026-08-28 10:43:17,2026-08-28,2026-08,10,2026-08-27 10:43:17,2026-08-27 10:43:17,-1.0,1.0,125.13357861314628,credit_card,0.0
15737950-d8d3-4154-9745-0f627528b15a,new_d52ffd3d,Test City,XX,delivered,2026-08-28 10:43:17,2026-08-28,2026-08,10,2026-08-27 10:43:17,2026-08-27 10:43:17,-1.0,1.0,129.76490335024116,credit_card,0.0
488a4d55-9b36-4952-8ca0-5768cdfb60b6,new_2b0e8656,Test City,XX,delivered,2026-08-28 10:43:17,2026-08-28,2026-08,10,2026-08-27 10:43:17,2026-08-27 10:43:17,-1.0,1.0,145.51066814220823,credit_card,0.0
e3fbd3ca-2cfb-4c35-9f5e-fb9b4146a9fd,retained_c68326b0,Test City,XX,delivered,2026-08-28 10:43:17,2026-08-28,2026-08,10,2026-08-27 10:43:17,2026-08-27 10:43:17,-1.0,1.0,113.50729480092244,credit_card,0.0
720d5f2e-dab6-4b3e-871b-8c9756059a1b,new_386f41bc,Test City,XX,delivered,2026-08-28 09:43:17,2026-08-28,2026-08,09,2026-08-27 09:43:17,2026-08-27 09:43:17,-1.0,1.0,88.03526100286484,credit_card,0.0
d0f2547e-2d49-497e-9be2-6a814b1b14cb,new_428c4418,Test City,XX,delivered,2026-08-28 09:43:17,2026-08-28,2026-08,09,2026-08-27 09:43:17,2026-08-27 09:43:17,-1.0,1.0,101.48296381104994,credit_card,0.0
7c87b420-3667-4cbb-ad0e-00adfa08950c,new_430b48b4,Test City,XX,delivered,2026-08-28 09:43:17,2026-08-28,2026-08,09,2026-08-27 09:43:17,2026-08-27 09:43:17,-1.0,1.0,129.55693354776315,credit_card,0.0
30d01cf9-7972-4f1d-a29e-940dd03a4092,retained_21f0c593,Test City,XX,delivered,2026-08-28 09:43:17,2026-08-28,2026-08,09,2026-08-27 09:43:17,2026-08-27 09:43:17,-1.0,1.0,62.80513221649559,credit_card,0.0
8bb00ef3-6ad1-472c-8d74-86698c9ac903,new_c6b9ffbf,Test City,XX,delivered,2026-08-28 08:43:17,2026-08-28,2026-08,08,2026-08-27 08:43:17,2026-08-27 08:43:17,-1.0,1.0,71.71027122045601,credit_card,0.0
ff6293fb-4729-4fb9-a3b8-a819fc34c51d,new_e8c1638a,Test City,XX,delivered,2026-08-28 08:43:17,2026-08-28,2026-08,08,2026-08-27 08:43:17,2026-08-27 08:43:17,-1.0,1.0,115.00974487734636,credit_card,0.0
d2039497-bab4-406d-8383-1a52527903d1,new_e741c31a,Test City,XX,delivered,2026-08-28 08:43:17,2026-08-28,2026-08,08,2026-08-27 08:43:17,2026-08-27 08:43:17,-1.0,1.0,115.42070982694305,credit_card,0.0
ad541232-1f3a-411b-bc37-9ce4c5495c42,retained_f728d577,Test City,XX,delivered,2026-08-28 08:43:17,2026-08-28,2026-08,08,2026-08-27 08:43:17,2026-08-27 08:43:17,-1.0,1.0,66.27050959596087,credit_card,0.0
55fac551-71c5-4340-9a2e-58d6af0a0513,new_3fe4acaa,Test City,XX,delivered,2026-08-28 07:43:17,2026-08-28,2026-08,07,2026-08-27 07:43:17,2026-08-27 07:43:17,-1.0,1.0,128.42755315088436,credit_card,0.0
b9be6a04-b91a-44b5-b60b-62899fb58084,new_c4a21f44,Test City,XX,delivered,2026-08-28 07:43:17,2026-08-28,2026-08,07,2026-08-27 07:43:17,2026-08-27 07:43:17,-1.0,1.0,86.40432521772807,credit_card,0.0
33d0bf11-f8fc-4dcc-8bcd-29cf0a4be7c7,new_965e2031,Test City,XX,delivered,2026-08-28 07:43:17,2026-08-28,2026-08,07,2026-08-27 07:43:17,2026-08-27 07:43:17,-1.0,1.0,147.60249317549403,credit_card,0.0
383bdf44-bcd5-4786-b33e-d9047b134312,new_a84494af,Test City,XX,delivered,2026-08-28 07:43:17,2026-08-28,2026-08,07,2026-08-27 07:43:17,2026-08-27 07:43:17,-1.0,1.0,136.04133114401313,credit_card,0.0
155bb5d1-81dc-4cb2-b45d-a04ca2fadcfd,new_925b9b92,Test City,XX,delivered,2026-08-28 07:43:17,2026-08-28,2026-08,07,2026-08-27 07:43:17,2026-08-27 07:43:17,-1.0,1.0,77.52597932106426,credit_card,0.0
be4aaea9-834b-4089-8ad3-f120ef3509f9,new_a8b573ba,Test City,XX,delivered,2026-08-28 07:43:17,2026-08-28,2026-08,07,2026-08-27 07:43:17,2026-08-27 07:43:17,-1.0,1.0,52.038563787445156,credit_card,0.0
070eb7eb-251e-445a-b37d-b30b28c1a591,new_03659115,Test City,XX,delivered,2026-08-28 06:43:17,2026-08-28,2026-08,06,2026-08-27 06:43:17,2026-08-27 06:43:17,-1.0,1.0,118.97375198176192,credit_card,0.0
e691778b-0cbe-49ca-8356-088c89855551,new_e91544a4,Test City,XX,delivered,2026-08-28 06:43:17,2026-08-28,2026-08,06,2026-08-27 06:43:17,2026-08-27 06:43:17,-1.0,1.0,143.87880129811782,credit_card,0.0
11dce73c-577c-4815-a4d0-5c67bc5d20ee,new_c0bce46b,Test City,XX,delivered,2026-08-28 06:43:17,2026-08-28,2026-08,06,2026-08-27 06:43:17,2026-08-27 06:43:17,-1.0,1.0,117.63602494396001,credit_card,0.0
58f9fa55-7f6b-463e-9e52-9e30a8f5f841,new_a2460387,Test City,XX,delivered,2026-08-28 06:43:17,2026-08-28,2026-08,06,2026-08-27 06:43:17,2026-08-27 06:43:17,-1.0,1.0,72.15279489302154,credit_card,0.0
0ce1fc27-7907-4ccc-b7a4-df5e465a2765,new_f3ff1eda,Test City,XX,delivered,2026-08-28 05:43:17,2026-08-28,2026-08,05,2026-08-27 05:43:17,2026-08-27 05:43:17,-1.0,1.0,94.63491626026476,credit_card,0.0
f059a0a8-4716-47ad-bbfa-61788b1eca98,retained_799e56ea,Test City,XX,delivered,2026-08-28 04:43:17,2026-08-28,2026-08,04,2026-08-27 04:43:17,2026-08-27 04:43:17,-1.0,1.0,91.27003633227741,credit_card,0.0
2113fdb6-1567-4a3f-a888-3b805fb1832b,new_de95d6bf,Test City,XX,delivered,2026-08-28 03:43:17,2026-08-28,2026-08,03,2026-08-27 03:43:17,2026-08-27 03:43:17,-1.0,1.0,102.57216334204682,credit_card,0.0
e4b68f59-ad72-45cf-814e-894f595c535e,new_a69a87c2,Test City,XX,delivered,2026-08-28 03:43:17,2026-08-28,2026-08,03,2026-08-27 03:43:17,2026-08-27 03:43:17,-1.0,1.0,60.48199611617453,credit_card,0.0
ea88ddf7-6a04-4079-a8e5-546c024f049a,new_14138254,Test City,XX,delivered,2026-08-28 03:43:17,2026-08-28,2026-08,03,2026-08-27 03:43:17,2026-08-27 03:43:17,-1.0,1.0,83.28056281903243,credit_card,0.0
38bd4115-18eb-435b-8805-0dda015fde7c,new_c041a406,Test City,XX,delivered,2026-08-28 02:43:17,2026-08-28,2026-08,02,2026-08-27 02:43:17,2026-08-27 02:43:17,-1.0,1.0,69.81340752690744,credit_card,0.0
710e47b6-1704-4645-998d-61b62dcdb2ce,new_1dba3c6b,Test City,XX,delivered,2026-08-28 02:43:17,2026-08-28,2026-08,02,2026-08-27 02:43:17,2026-08-27 02:43:17,-1.0,1.0,56.73239725764036,credit_card,0.0
1772595e-a070-41d4-8f2e-07af78ad0003,new_2cc4999b,Test City,XX,delivered,2026-08-28 02:43:17,2026-08-28,2026-08,02,2026-08-27 02:43:17,2026-08-27 02:43:17,-1.0,1.0,139.07193082720863,credit_card,0.0
fa6e556b-205c-465c-9314-9dd8eef5314e,new_18dd7083,Test City,XX,delivered,2026-08-28 02:43:17,2026-08-28,2026-08,02,2026-08-27 02:43:17,2026-08-27 02:43:17,-1.0,1.0,115.94239422243699,credit_card,0.0
9de0a771-9267-4f2e-8725-112a47eff05a,retained_e196a14a,Test City,XX,delivered,2026-08-28 02:43:17,2026-08-28,2026-08,02,2026-08-27 02:43:17,2026-08-27 02:43:17,-1.0,1.0,139.74643171741843,credit_card,0.0
c6d0db28-391e-47b7-a096-31e6f0b1e6a6,retained_24e0b3fa,Test City,XX,delivered,2026-08-28 02:43:17,2026-08-28,2026-08,02,2026-08-27 02:43:17,2026-08-27 02:43:17,-1.0,1.0,122.48523817358799,credit_card,0.0
9f70ac1a-f528-4ee9-92f7-ed017890c320,new_b77279e8,Test City,XX,delivered,2026-08-28 01:43:17,2026-08-28,2026-08,01,2026-08-27 01:43:17,2026-08-27 01:43:17,-1.0,1.0,75.40415606766116,credit_card,0.0
e924f783-a927-4266-9879-303ae8aac545,new_0bc00927,Test City,XX,delivered,2026-08-28 01:43:17,2026-08-28,2026-08,01,2026-08-27 01:43:17,2026-08-27 01:43:17,-1.0,1.0,66.39628567390666,credit_card,0.0
a5009b39-b0a3-4390-a272-8cccb9dd90d6,new_2eea0a5f,Test City,XX,delivered,2026-08-28 01:43:17,2026-08-28,2026-08,01,2026-08-27 01:43:17,2026-08-27 01:43:17,-1.0,1.0,71.0076879875638,credit_card,0.0
8e72552a-f19e-46bb-bff5-67289f23ea2f,new_49049779,Test City,XX,delivered,2026-08-28 01:43:17,2026-08-28,2026-08,01,2026-08-27 01:43:17,2026-08-27 01:43:17,-1.0,1.0,132.56607838119606,credit_card,0.0
207a277b-75f5-4c08-ab1f-7649e240603f,new_c65f44cb,Test City,XX,delivered,2026-08-28 01:43:17,2026-08-28,2026-08,01,2026-08-27 01:43:17,2026-08-27 01:43:17,-1.0,1.0,114.74600145454892,credit_card,0.0
ee3bd07c-e2fd-47d5-ab29-215d6efaba46,new_30195237,Test City,XX,delivered,2026-08-28 00:43:17,2026-08-28,2026-08,00,2026-08-27 00:43:17,2026-08-27 00:43:17,-1.0,1.0,128.51399825731656,credit_card,0.0
5412612d-c8b7-49eb-8b0d-162c0a4a260a,retained_0a8f572e,Test City,XX,delivered,2026-08-28 00:43:17,2026-08-28,2026-08,00,2026-08-27 00:43:17,2026-08-27 00:43:17,-1.0,1.0,88.43834764122843,credit_card,0.0
8aabe61c-f1c1-4e2d-b0c8-1d8eb8a24ffa,retained_617e5f99,Test City,XX,delivered,2026-08-28 00:43:17,2026-08-28,2026-08,00,2026-08-27 00:43:17,2026-08-27 00:43:17,-1.0,1.0,69.25378733001212,credit_card,0.0
4ed93ebe-980e-4a94-8f60-a70a81845e7f,new_2b7c225f,Test City,XX,delivered,2026-08-27 23:43:17,2026-08-27,2026-08,23,2026-08-26 23:43:17,2026-08-26 23:43:17,-1.0,1.0,69.99162127282665,credit_card,0.0
bb4a93ec-1b51-4cee-824e-ec147dadb26f,new_821ad629,Test City,XX,delivered,2026-08-27 23:43:17,2026-08-27,2026-08,23,2026-08-26 23:43:17,2026-08-26 23:43:17,-1.0,1.0,123.46943666445527,credit_card,0.0
013536c5-8892-4bff-a433-61e429308da6,retained_9d3ca1c8,Test City,XX,delivered,2026-08-27 23:43:17,2026-08-27,2026-08,23,2026-08-26 23:43:17,2026-08-26 23:43:17,-1.0,1.0,81.88386361034986,credit_card,0.0
251f5406-ead2-40b5-830d-102145155e7a,new_4b24110b,Test City,XX,delivered,2026-08-27 10:43:17,2026-08-27,2026-08,10,2026-08-26 10:43:17,2026-08-26 10:43:17,-1.0,1.0,84.41263425136692,credit_card,0.0
d1b36fe9-c842-4c20-b4bd-47e43b0b0bad,new_8465bab7,Test City,XX,delivered,2026-08-27 10:43:17,2026-08-27,2026-08,10,2026-08-26 10:43:17,2026-08-26 10:43:17,-1.0,1.0,111.2602407781822,credit_card,0.0
8fd85b23-ea2e-4357-acfe-6369fcd37004,new_9fa8f569,Test City,XX,delivered,2026-08-27 10:43:17,2026-08-27,2026-08,10,2026-08-26 10:43:17,2026-08-26 10:43:17,-1.0,1.0,122.90281009159058,credit_card,0.0
e4e05f33-c12d-48ef-8996-bc7981a8520d,new_4d5f029c,Test City,XX,delivered,2026-08-27 10:43:17,2026-08-27,2026-08,10,2026-08-26 10:43:17,2026-08-26 10:43:17,-1.0,1.0,118.91203411306695,credit_card,0.0
558065df-a907-4af6-b28e-42e18dc17966,retained_9a274794,Test City,XX,delivered,2026-08-27 10:43:17,2026-08-27,2026-08,10,2026-08-26 10:43:17,2026-08-26 10:43:17,-1.0,1.0,90.9085081548144,credit_card,0.0
9936f0cd-f0db-4dff-a95f-0b99285b2f33,retained_d261eb7c,Test City,XX,delivered,2026-08-27 10:43:17,2026-08-27,2026-08,10,2026-08-26 10:43:17,2026-08-26 10:43:17,-1.0,1.0,127.19944132664924,credit_card,0.0
d5dcca16-0045-4d70-b43f-057aff238955,new_c84df807,Test City,XX,delivered,2026-08-27 09:43:17,2026-08-27,2026-08,09,2026-08-26 09:43:17,2026-08-26 09:43:17,-1.0,1.0,59.60278574968305,credit_card,0.0
98f729f0-52b4-4144-9aae-8735bfe39ebd,new_83aa86da,Test City,XX,delivered,2026-08-27 09:43:17,2026-08-27,2026-08,09,2026-08-26 09:43:17,2026-08-26 09:43:17,-1.0,1.0,79.95791201825885,credit_card,0.0
b1961d1f-b016-46bb-b5c9-b8ee8c570e1d,retained_3384b7ce,Test City,XX,delivered,2026-08-27 09:43:17,2026-08-27,2026-08,09,2026-08-26 09:43:17,2026-08-26 09:43:17,-1.0,1.0,125.93064389762199,credit_card,0.0
58b142ee-0d82-4e6d-bcc3-d1cdd879b29e,retained_0326d8d3,Test City,XX,delivered,2026-08-27 09:43:17,2026-08-27,2026-08,09,2026-08-26 09:43:17,2026-08-26 09:43:17,-1.0,1.0,124.46219772881994,credit_card,0.0
6a31d894-96f3-44f3-aeec-ff1bc8a34bfd,new_cef1ae34,Test City,XX,delivered,2026-08-27 07:43:17,2026-08-27,2026-08,07,2026-08-26 07:43:17,2026-08-26 07:43:17,-1.0,1.0,66.55547857408573,credit_card,0.0
4bd21dfb-eafe-4e7d-bc57-ad2bfda7044c,new_62925d0c,Test City,XX,delivered,2026-08-27 07:43:17,2026-08-27,2026-08,07,2026-08-26 07:43:17,2026-08-26 07:43:17,-1.0,1.0,100.48747754186589,credit_card,0.0
8536dcd4-a7d6-4bdb-88d3-743539e45323,new_c74b0a37,Test City,XX,delivered,2026-08-27 07:43:17,2026-08-27,2026-08,07,2026-08-26 07:43:17,2026-08-26 07:43:17,-1.0,1.0,64.29866157028465,credit_card,0.0
f477311c-d074-46a3-8777-41193ff9aeec,new_4ece8e65,Test City,XX,delivered,2026-08-27 07:43:17,2026-08-27,2026-08,07,2026-08-26 07:43:17,2026-08-26 07:43:17,-1.0,1.0,82.59733592830767,credit_card,0.0
1f6dab9d-de44-4464-9db0-532a90d7181c,new_7196611d,Test City,XX,delivered,2026-08-27 07:43:17,2026-08-27,2026-08,07,2026-08-26 07:43:17,2026-08-26 07:43:17,-1.0,1.0,75.9850627450637,credit_card,0.0
aa3bcc15-f2bb-4e39-9672-825329285772,new_c81a3356,Test City,XX,delivered,2026-08-27 07:43:17,2026-08-27,2026-08,07,2026-08-26 07:43:17,2026-08-26 07:43:17,-1.0,1.0,134.63507157798762,credit_card,0.0
c57ce79f-1237-4bb6-a130-ff637d251c59,retained_2040eff4,Test City,XX,delivered,2026-08-27 07:43:17,2026-08-27,2026-08,07,2026-08-26 07:43:17,2026-08-26 07:43:17,-1.0,1.0,66.97295552859958,credit_card,0.0
2a5746d1-1c4a-4995-be62-5bef273b0ed2,new_4e93f042,Test City,XX,delivered,2026-08-27 06:43:17,2026-08-27,2026-08,06,2026-08-26 06:43:17,2026-08-26 06:43:17,-1.0,1.0,128.97837062465678,credit_card,0.0
e4915885-245b-4191-83ad-90fdbd65a4b1,new_fb810318,Test City,XX,delivered,2026-08-27 06:43:17,2026-08-27,2026-08,06,2026-08-26 06:43:17,2026-08-26 06:43:17,-1.0,1.0,114.12798232593053,credit_card,0.0
fb476236-4b64-4b4c-b2c7-6eee87f0085b,new_a05d48e5,Test City,XX,delivered,2026-08-27 06:43:17,2026-08-27,2026-08,06,2026-08-26 06:43:17,2026-08-26 06:43:17,-1.0,1.0,111.82465073190832,credit_card,0.0
ab0fc990-03ae-4687-9fca-0d98ff5dbc05,new_de9b6ac2,Test City,XX,delivered,2026-08-27 06:43:17,2026-08-27,2026-08,06,2026-08-26 06:43:17,2026-08-26 06:43:17,-1.0,1.0,118.86066670312313,credit_card,0.0
b88fbfeb-8036-40b0-be63-ca631be6d17a,new_8e0988c3,Test City,XX,delivered,2026-08-27 06:43:17,2026-08-27,2026-08,06,2026-08-26 06:43:17,2026-08-26 06:43:17,-1.0,1.0,148.01567223656423,credit_card,0.0
f22e7619-75ba-42dc-b878-d24d0d9ba83d,retained_36b5bf0b,Test City,XX,delivered,2026-08-27 06:43:17,2026-08-27,2026-08,06,2026-08-26 06:43:17,2026-08-26 06:43:17,-1.0,1.0,106.57961578550501,credit_card,0.0
c1241099-b738-4dac-94e9-5a90e6f0fce5,new_3556042c,Test City,XX,delivered,2026-08-27 05:43:17,2026-08-27,2026-08,05,2026-08-26 05:43:17,2026-08-26 05:43:17,-1.0,1.0,75.3565227833536,credit_card,0.0
64281a62-0695-4d7c-8612-635ea845b623,new_f84eaef6,Test City,XX,delivered,2026-08-27 05:43:17,2026-08-27,2026-08,05,2026-08-26 05:43:17,2026-08-26 05:43:17,-1.0,1.0,124.09271643704984,credit_card,0.0
d447fa68-8e77-446e-b98e-a0ca80fd0321,new_265949a5,Test City,XX,delivered,2026-08-27 05:43:17,2026-08-27,2026-08,05,2026-08-26 05:43:17,2026-08-26 05:43:17,-1.0,1.0,112.63376557591575,credit_card,0.0
ff42cef1-05a4-4a46-96de-b59a8988ab2b,new_c0235f59,Test City,XX,delivered,2026-08-27 04:43:17,2026-08-27,2026-08,04,2026-08-26 04:43:17,2026-08-26 04:43:17,-1.0,1.0,139.2277306440044,credit_card,0.0
0160c48e-0024-409b-856e-63a17d2ee2dc,new_0f1eb70b,Test City,XX,delivered,2026-08-27 04:43:17,2026-08-27,2026-08,04,2026-08-26 04:43:17,2026-08-26 04:43:17,-1.0,1.0,141.18064323002238,credit_card,0.0
39bb9247-b7ec-46c6-93e9-202137415046,retained_b10daef7,Test City,XX,delivered,2026-08-27 04:43:17,2026-08-27,2026-08,04,2026-08-26 04:43:17,2026-08-26 04:43:17,-1.0,1.0,95.94957399649593,credit_card,0.0
077296e8-04d1-426a-95e9-5f2109930994,retained_c61954b1,Test City,XX,delivered,2026-08-27 04:43:17,2026-08-27,2026-08,04,2026-08-26 04:43:17,2026-08-26 04:43:17,-1.0,1.0,83.60365712456743,credit_card,0.0
bf53a01b-9e43-4f3c-b229-175e20edb098,new_b62ef39d,Test City,XX,delivered,2026-08-27 03:43:17,2026-08-27,2026-08,03,2026-08-26 03:43:17,2026-08-26 03:43:17,-1.0,1.0,112.37928183195365,credit_card,0.0
e9a51d54-62ab-49cb-97d2-a09c60f60015,new_f32c7bcb,Test City,XX,delivered,2026-08-27 03:43:17,2026-08-27,2026-08,03,2026-08-26 03:43:17,2026-08-26 03:43:17,-1.0,1.0,113.83296354816221,credit_card,0.0
965ca40b-fbaa-45b2-abe1-62374f2fcdcb,retained_1a91b784,Test City,XX,delivered,2026-08-27 03:43:17,2026-08-27,2026-08,03,2026-08-26 03:43:17,2026-08-26 03:43:17,-1.0,1.0,92.10286985078848,credit_card,0.0
11187e61-398b-4e7b-b233-51e06972e0ec,new_83aa86da,Test City,XX,delivered,2026-08-27 02:43:17,2026-08-27,2026-08,02,2026-08-26 02:43:17,2026-08-26 02:43:17,-1.0,1.0,69.4589830154574,credit_card,0.0
30d7e154-dcc4-4a29-a248-68e128d5b506,retained_e63a3018,Test City,XX,delivered,2026-08-27 02:43:17,2026-08-27,2026-08,02,2026-08-26 02:43:17,2026-08-26 02:43:17,-1.0,1.0,137.5472856186664,credit_card,0.0
1200d8d1-44f1-445d-b6b8-f0fabfbd9026,new_1ce77d84,Test City,XX,delivered,2026-08-27 01:43:17,2026-08-27,2026-08,01,2026-08-26 01:43:17,2026-08-26 01:43:17,-1.0,1.0,104.12122544301876,credit_card,0.0
0288dd8f-0012-471b-aeb4-776e6978e201,retained_27b4c840,Test City,XX,delivered,2026-08-27 01:43:17,2026-08-27,2026-08,01,2026-08-26 01:43:17,2026-08-26 01:43:17,-1.0,1.0,89.02997293060841,credit_card,0.0
831d6da7-1fb4-481f-b47d-dd5a4f997e4c,new_08c4e517,Test City,XX,delivered,2026-08-27 00:43:17,2026-08-27,2026-08,00,2026-08-26 00:43:17,2026-08-26 00:43:17,-1.0,1.0,140.14764730526377,credit_card,0.0
2b2303dc-1df9-4c95-aade-66c4c7c121ae,new_57211242,Test City,XX,delivered,2026-08-27 00:43:17,2026-08-27,2026-08,00,2026-08-26 00:43:17,2026-08-26 00:43:17,-1.0,1.0,123.92405788010231,credit_card,0.0
1e8673f5-4f83-4e7a-884c-5a3958f4ee3d,retained_ce429f8c,Test City,XX,delivered,2026-08-27 00:43:17,2026-08-27,2026-08,00,2026-08-26 00:43:17,2026-08-26 00:43:17,-1.0,1.0,120.98301525116787,credit_card,0.0
12978c11-6124-4108-9ca0-964d857b2fa4,retained_528bbdcc,Test City,XX,delivered,2026-08-27 00:43:17,2026-08-27,2026-08,00,2026-08-26 00:43:17,2026-08-26 00:43:17,-1.0,1.0,128.7298206695306,credit_card,0.0
c7243183-a4b3-4fe5-a1fc-d68a1f22e28a,retained_d7ebbb62,Test City,XX,delivered,2026-08-26 23:43:17,2026-08-26,2026-08,23,2026-08-25 23:43:17,2026-08-25 23:43:17,-1.0,1.0,142.6513357301112,credit_card,0.0
1b78a304-8356-44ee-bab9-c367368cfe55,retained_a3e35c09,Test City,XX,delivered,2026-08-26 23:43:17,2026-08-26,2026-08,23,2026-08-25 23:43:17,2026-08-25 23:43:17,-1.0,1.0,87.19391671673634,credit_card,0.0
7f3c731f-e72d-42aa-80d9-03838e5771e0,new_98066bd9,Test City,XX,delivered,2026-08-26 10:43:17,2026-08-26,2026-08,10,2026-08-25 10:43:17,2026-08-25 10:43:17,-1.0,1.0,122.34383978117152,credit_card,0.0
9983f2ec-34ca-4ae0-a29b-27229b0f3358,new_4ef74680,Test City,XX,delivered,2026-08-26 10:43:17,2026-08-26,2026-08,10,2026-08-25 10:43:17,2026-08-25 10:43:17,-1.0,1.0,146.0585142093591,credit_card,0.0
0c2e6bf3-d98b-4129-95e0-16537a4d1dca,new_f5e571fb,Test City,XX,delivered,2026-08-26 10:43:17,2026-08-26,2026-08,10,2026-08-25 10:43:17,2026-08-25 10:43:17,-1.0,1.0,149.90788645976653,credit_card,0.0
ce38a0c7-8864-4ea2-87d2-b4f0a9a2edb7,new_11b1945b,Test City,XX,delivered,2026-08-26 09:43:17,2026-08-26,2026-08,09,2026-08-25 09:43:17,2026-08-25 09:43:17,-1.0,1.0,97.01652201781529,credit_card,0.0
31d27693-0419-45a5-b62d-91132f8e393c,new_d8968da9,Test City,XX,delivered,2026-08-26 09:43:17,2026-08-26,2026-08,09,2026-08-25 09:43:17,2026-08-25 09:43:17,-1.0,1.0,94.05569314583613,credit_card,0.0
0cabf361-91c5-4637-be0c-24229b4f592e,new_2b61f698,Test City,XX,delivered,2026-08-26 09:43:17,2026-08-26,2026-08,09,2026-08-25 09:43:17,2026-08-25 09:43:17,-1.0,1.0,126.52968158329455,credit_card,0.0
100f7e6b-57e3-42e8-9818-ea48ba84fa7a,new_53f1dab6,Test City,XX,delivered,2026-08-26 09:43:17,2026-08-26,2026-08,09,2026-08-25 09:43:17,2026-08-25 09:43:17,-1.0,1.0,57.28296948101198,credit_card,0.0
e350bf75-9c9e-41a7-bcf0-340248ddb707,new_788f251c,Test City,XX,delivered,2026-08-26 08:43:17,2026-08-26,2026-08,08,2026-08-25 08:43:17,2026-08-25 08:43:17,-1.0,1.0,85.73565394750256,credit_card,0.0
903a4234-6a09-46c3-b5ef-4d65e2c615a4,new_6df13a75,Test City,XX,delivered,2026-08-26 08:43:17,2026-08-26,2026-08,08,2026-08-25 08:43:17,2026-08-25 08:43:17,-1.0,1.0,116.15230261166255,credit_card,0.0
eecaa106-3f23-46f8-a633-37514341114f,new_ad3acd69,Test City,XX,delivered,2026-08-26 08:43:17,2026-08-26,2026-08,08,2026-08-25 08:43:17,2026-08-25 08:43:17,-1.0,1.0,51.41968140018579,credit_card,0.0
74dd17ff-c3e9-49c0-a005-b5c5d97151d0,new_a3743e28,Test City,XX,delivered,2026-08-26 08:43:17,2026-08-26,2026-08,08,2026-08-25 08:43:17,2026-08-25 08:43:17,-1.0,1.0,108.7299780592536,credit_card,0.0
ffae0825-41da-4023-9312-db5b5a401a9f,new_48f1285a,Test City,XX,delivered,2026-08-26 07:43:17,2026-08-26,2026-08,07,2026-08-25 07:43:17,2026-08-25 07:43:17,-1.0,1.0,89.72576575852541,credit_card,0.0
6d6529aa-2466-4a01-bc3c-961afee56c2a,retained_1a4bb6c6,Test City,XX,delivered,2026-08-26 07:43:17,2026-08-26,2026-08,07,2026-08-25 07:43:17,2026-08-25 07:43:17,-1.0,1.0,147.64369539750902,credit_card,0.0
9500ae03-95d2-4f4b-aad7-96ea0c4710c3,retained_1a703e37,Test City,XX,delivered,2026-08-26 07:43:17,2026-08-26,2026-08,07,2026-08-25 07:43:17,2026-08-25 07:43:17,-1.0,1.0,83.21470444006137,credit_card,0.0
7d45e189-e923-4ab6-9de1-7709dbefc4f5,new_ac161320,Test City,XX,delivered,2026-08-26 06:43:17,2026-08-26,2026-08,06,2026-08-25 06:43:17,2026-08-25 06:43:17,-1.0,1.0,94.51875885818266,credit_card,0.0
72865984-bc03-4155-9191-40598d21e611,new_030e3027,Test City,XX,delivered,2026-08-26 06:43:17,2026-08-26,2026-08,06,2026-08-25 06:43:17,2026-08-25 06:43:17,-1.0,1.0,121.93959507961402,credit_card,0.0
7e81b89f-ac7f-4037-addc-5a96b75e9930,retained_06d36389,Test City,XX,delivered,2026-08-26 06:43:17,2026-08-26,2026-08,06,2026-08-25 06:43:17,2026-08-25 06:43:17,-1.0,1.0,73.98391379393954,credit_card,0.0
68a2fdf9-800b-4f70-9109-a3863868e57a,new_cdf347d8,Test City,XX,delivered,2026-08-26 05:43:17,2026-08-26,2026-08,05,2026-08-25 05:43:17,2026-08-25 05:43:17,-1.0,1.0,63.82052695681122,credit_card,0.0
4e6ef781-8e08-44c7-9a9a-2b1b44d418bb,new_9558c232,Test City,XX,delivered,2026-08-26 05:43:17,2026-08-26,2026-08,05,2026-08-25 05:43:17,2026-08-25 05:43:17,-1.0,1.0,84.04893244613581,credit_card,0.0
e8637277-ce94-4acc-a901-a6ff9b4c7096,new_2b61f698,Test City,XX,delivered,2026-08-26 05:43:17,2026-08-26,2026-08,05,2026-08-25 05:43:17,2026-08-25 05:43:17,-1.0,1.0,70.94941941085021,credit_card,0.0
cd17c528-b50a-4966-89e1-4b188d972597,retained_713dc636,Test City,XX,delivered,2026-08-26 05:43:17,2026-08-26,2026-08,05,2026-08-25 05:43:17,2026-08-25 05:43:17,-1.0,1.0,146.44911574390946,credit_card,0.0
020dcd71-6b1c-47a8-9909-475110c6c168,new_e233f25c,Test City,XX,delivered,2026-08-26 04:43:17,2026-08-26,2026-08,04,2026-08-25 04:43:17,2026-08-25 04:43:17,-1.0,1.0,132.05183514994405,credit_card,0.0
779ad0c7-ff60-4830-84b6-4599488662be,new_05d965f7,Test City,XX,delivered,2026-08-26 04:43:17,2026-08-26,2026-08,04,2026-08-25 04:43:17,2026-08-25 04:43:17,-1.0,1.0,80.41296520285584,credit_card,0.0
6024b5fc-454f-4890-9b68-43127f811c7e,new_ccc88e69,Test City,XX,delivered,2026-08-26 03:43:17,2026-08-26,2026-08,03,2026-08-25 03:43:17,2026-08-25 03:43:17,-1.0,1.0,74.28525633111795,credit_card,0.0
b5d5b9cb-4408-4a6b-a8d7-e770085de3b3,new_7ce8eb0d,Test City,XX,delivered,2026-08-26 03:43:17,2026-08-26,2026-08,03,2026-08-25 03:43:17,2026-08-25 03:43:17,-1.0,1.0,104.05233185780587,credit_card,0.0
c797f3d0-09e9-46c8-ac3f-90f6dcae5281,new_cda6df86,Test City,XX,delivered,2026-08-26 03:43:17,2026-08-26,2026-08,03,2026-08-25 03:43:17,2026-08-25 03:43:17,-1.0,1.0,72.84648000519633,credit_card,0.0
2a9fca77-30d2-4560-a405-f81041337c61,retained_16d3bfa1,Test City,XX,delivered,2026-08-26 03:43:17,2026-08-26,2026-08,03,2026-08-25 03:43:17,2026-08-25 03:43:17,-1.0,1.0,123.0502420457728,credit_card,0.0
2d6e6410-a60c-4f2f-8974-b37f849736c7,new_08c4e517,Test City,XX,delivered,2026-08-26 02:43:17,2026-08-26,2026-08,02,2026-08-25 02:43:17,2026-08-25 02:43:17,-1.0,1.0,62.817722759724134,credit_card,0.0
7e962596-48a4-4fb4-bcb6-0c3dc592faac,new_b3d9180a,Test City,XX,delivered,2026-08-26 02:43:17,2026-08-26,2026-08,02,2026-08-25 02:43:17,2026-08-25 02:43:17,-1.0,1.0,139.74485512557246,credit_card,0.0
047107bd-be68-41cc-ac63-7d5f66b5f051,new_ebe31ce2,Test City,XX,delivered,2026-08-26 02:43:17,2026-08-26,2026-08,02,2026-08-25 02:43:17,2026-08-25 02:43:17,-1.0,1.0,135.95492708506998,credit_card,0.0
07ba5f00-0094-4c0e-b906-3126906cffe2,new_97512e3d,Test City,XX,delivered,2026-08-26 02:43:17,2026-08-26,2026-08,02,2026-08-25 02:43:17,2026-08-25 02:43:17,-1.0,1.0,140.0290508998939,credit_card,0.0
31b828e2-561b-45ed-ab5d-3c327cb3276f,retained_b10daef7,Test City,XX,delivered,2026-08-26 02:43:17,2026-08-26,2026-08,02,2026-08-25 02:43:17,2026-08-25 02:43:17,-1.0,1.0,103.3372282029685,credit_card,0.0
a903487e-5724-47d1-9897-a61bd48ebd83,new_dad84f15,Test City,XX,delivered,2026-08-26 01:43:17,2026-08-26,2026-08,01,2026-08-25 01:43:17,2026-08-25 01:43:17,-1.0,1.0,145.22110294746096,credit_card,0.0
243f188f-3dba-432f-9501-b19ba555c950,new_404c5417,Test City,XX,delivered,2026-08-26 01:43:17,2026-08-26,2026-08,01,2026-08-25 01:43:17,2026-08-25 01:43:17,-1.0,1.0,132.58864833347144,credit_card,0.0
d3d1a6ec-ddcd-4435-b18d-935f715af993,retained_11d5ce41,Test City,XX,delivered,2026-08-26 01:43:17,2026-08-26,2026-08,01,2026-08-25 01:43:17,2026-08-25 01:43:17,-1.0,1.0,90.37533810425893,credit_card,0.0
1d0634e9-6af9-4fbd-9fec-f7e257bda4da,new_c4a21f44,Test City,XX,delivered,2026-08-26 00:43:17,2026-08-26,2026-08,00,2026-08-25 00:43:17,2026-08-25 00:43:17,-1.0,1.0,129.6941963347893,credit_card,0.0
bed11024-d22a-4d5a-b21f-bef13f49e951,new_766ba4c3,Test City,XX,delivered,2026-08-26 00:43:17,2026-08-26,2026-08,00,2026-08-25 00:43:17,2026-08-25 00:43:17,-1.0,1.0,108.70772175807376,credit_card,0.0
224478ea-77a3-4a18-91a7-19b217826bf1,new_24068e0c,Test City,XX,delivered,2026-08-26 00:43:17,2026-08-26,2026-08,00,2026-08-25 00:43:17,2026-08-25 00:43:17,-1.0,1.0,84.67926773769045,credit_card,0.0
b813519f-aaf0-4d09-afc2-99d2127929a1,new_3bf7e511,Test City,XX,delivered,2026-08-25 23:43:17,2026-08-25,2026-08,23,2026-08-24 23:43:17,2026-08-24 23:43:17,-1.0,1.0,88.01039095879887,credit_card,0.0
53c08d1d-fb02-486c-bd6b-dc0ce5ee5ea2,new_7c3b699c,Test City,XX,delivered,2026-08-25 23:43:17,2026-08-25,2026-08,23,2026-08-24 23:43:17,2026-08-24 23:43:17,-1.0,1.0,118.61004737445894,credit_card,0.0
628e44a0-20f0-402d-8b18-4b92948c6b2b,new_0bb7e59b,Test City,XX,delivered,2026-08-25 23:43:17,2026-08-25,2026-08,23,2026-08-24 23:43:17,2026-08-24 23:43:17,-1.0,1.0,129.14630252243478,credit_card,0.0
861842b6-d19a-4f9b-b04d-7a16fdbda755,new_75e5f785,Test City,XX,delivered,2026-08-25 23:43:17,2026-08-25,2026-08,23,2026-08-24 23:43:17,2026-08-24 23:43:17,-1.0,1.0,118.34002535459429,credit_card,0.0
eb77d668-bba2-497c-ae35-8cb820a64624,new_15703697,Test City,XX,delivered,2026-08-25 23:43:17,2026-08-25,2026-08,23,2026-08-24 23:43:17,2026-08-24 23:43:17,-1.0,1.0,87.5524993293579,credit_card,0.0
92ae3e41-c3a8-40ea-af64-b3c7bb1a7f06,new_d805ed9c,Test City,XX,delivered,2026-08-25 23:43:17,2026-08-25,2026-08,23,2026-08-24 23:43:17,2026-08-24 23:43:17,-1.0,1.0,99.77212108990825,credit_card,0.0
113c9581-2c7b-4834-9703-e00aa49c94ed,new_1505363b,Test City,XX,delivered,2026-08-25 10:43:17,2026-08-25,2026-08,10,2026-08-24 10:43:17,2026-08-24 10:43:17,-1.0,1.0,60.74690532797629,credit_card,0.0
b6779dff-0d63-491a-b3e1-dc422092deef,new_b12cf195,Test City,XX,delivered,2026-08-25 09:43:17,2026-08-25,2026-08,09,2026-08-24 09:43:17,2026-08-24 09:43:17,-1.0,1.0,71.35798086395484,credit_card,0.0
68316b84-5d23-4add-bb62-9dae6bcc48b3,new_cd1e9c22,Test City,XX,delivered,2026-08-25 09:43:17,2026-08-25,2026-08,09,2026-08-24 09:43:17,2026-08-24 09:43:17,-1.0,1.0,94.51862814966852,credit_card,0.0
b35e741d-5635-40df-9922-9a3fd872a575,retained_2f3b8047,Test City,XX,delivered,2026-08-25 09:43:17,2026-08-25,2026-08,09,2026-08-24 09:43:17,2026-08-24 09:43:17,-1.0,1.0,94.00017619324544,credit_card,0.0
63b64537-a01d-4b8e-b1b5-773fc58090a7,new_941fcddd,Test City,XX,delivered,2026-08-25 08:43:17,2026-08-25,2026-08,08,2026-08-24 08:43:17,2026-08-24 08:43:17,-1.0,1.0,98.47213301948503,credit_card,0.0
5c161b56-12d6-4cdc-83a7-791c45de1ea0,new_9207e1a7,Test City,XX,delivered,2026-08-25 08:43:17,2026-08-25,2026-08,08,2026-08-24 08:43:17,2026-08-24 08:43:17,-1.0,1.0,88.51030914984895,credit_card,0.0
833cfba2-63a4-4fef-9485-bc0a3d5fbfc8,new_39483109,Test City,XX,delivered,2026-08-25 08:43:17,2026-08-25,2026-08,08,2026-08-24 08:43:17,2026-08-24 08:43:17,-1.0,1.0,114.44951284761721,credit_card,0.0
48cec67c-64e3-4a36-8416-41fbccb9af8c,new_c7f27f02,Test City,XX,delivered,2026-08-25 07:43:17,2026-08-25,2026-08,07,2026-08-24 07:43:17,2026-08-24 07:43:17,-1.0,1.0,51.855229197378236,credit_card,0.0
fbd4f335-87bb-4273-99b7-16a218e15f8b,new_b7a178d6,Test City,XX,delivered,2026-08-25 06:43:17,2026-08-25,2026-08,06,2026-08-24 06:43:17,2026-08-24 06:43:17,-1.0,1.0,138.75803980368738,credit_card,0.0
8f362556-94ea-40b6-a00c-9e4eeb1bdaf9,new_6d734d43,Test City,XX,delivered,2026-08-25 06:43:17,2026-08-25,2026-08,06,2026-08-24 06:43:17,2026-08-24 06:43:17,-1.0,1.0,51.04171280480146,credit_card,0.0
3a6c237d-44fa-48ad-99ff-d80507b9f088,retained_1560c479,Test City,XX,delivered,2026-08-25 06:43:17,2026-08-25,2026-08,06,2026-08-24 06:43:17,2026-08-24 06:43:17,-1.0,1.0,97.6877142404314,credit_card,0.0
34851b65-fb3c-4f55-b661-2105d09a6924,retained_9d3ca1c8,Test City,XX,delivered,2026-08-25 06:43:17,2026-08-25,2026-08,06,2026-08-24 06:43:17,2026-08-24 06:43:17,-1.0,1.0,108.33323525555653,credit_card,0.0
16d4f54f-1651-4024-bc16-94dcd4af9921,new_c39dbaa6,Test City,XX,delivered,2026-08-25 05:43:17,2026-08-25,2026-08,05,2026-08-24 05:43:17,2026-08-24 05:43:17,-1.0,1.0,149.79484066290152,credit_card,0.0
72e58f68-9488-48b2-a95a-f11ef7745ab0,new_1b1435e0,Test City,XX,delivered,2026-08-25 05:43:17,2026-08-25,2026-08,05,2026-08-24 05:43:17,2026-08-24 05:43:17,-1.0,1.0,115.07498038584714,credit_card,0.0
4c093230-105b-4d5b-b4cf-6c8c364c7f35,new_c64a0b2b,Test City,XX,delivered,2026-08-25 05:43:17,2026-08-25,2026-08,05,2026-08-24 05:43:17,2026-08-24 05:43:17,-1.0,1.0,131.4078026382702,credit_card,0.0
50110519-2d9c-4131-a068-262736ac1ae3,new_325d7c32,Test City,XX,delivered,2026-08-25 03:43:17,2026-08-25,2026-08,03,2026-08-24 03:43:17,2026-08-24 03:43:17,-1.0,1.0,60.677123552192725,credit_card,0.0
dfbf0ce8-e65d-44be-b093-48d87cb97fd1,new_46adca23,Test City,XX,delivered,2026-08-25 03:43:17,2026-08-25,2026-08,03,2026-08-24 03:43:17,2026-08-24 03:43:17,-1.0,1.0,107.38300550938906,credit_card,0.0
1981529e-375f-4ccb-92dc-90826cf2e9ea,new_0a885e52,Test City,XX,delivered,2026-08-25 02:43:17,2026-08-25,2026-08,02,2026-08-24 02:43:17,2026-08-24 02:43:17,-1.0,1.0,86.53180421154615,credit_card,0.0
7e3c8f52-e4c2-4708-a143-e2417de089c5,new_75bc11df,Test City,XX,delivered,2026-08-25 02:43:17,2026-08-25,2026-08,02,2026-08-24 02:43:17,2026-08-24 02:43:17,-1.0,1.0,119.26182305931165,credit_card,0.0
dfb60273-7400-434b-9c8e-b0e9d4f78899,new_d0b74f7f,Test City,XX,delivered,2026-08-25 02:43:17,2026-08-25,2026-08,02,2026-08-24 02:43:17,2026-08-24 02:43:17,-1.0,1.0,78.68925657758525,credit_card,0.0
730d071c-0e0f-475a-970e-f6361e33f200,retained_6f4d7f2c,Test City,XX,delivered,2026-08-25 02:43:17,2026-08-25,2026-08,02,2026-08-24 02:43:17,2026-08-24 02:43:17,-1.0,1.0,122.57844569092637,credit_card,0.0
8c2e4281-2bbf-4a72-b6d8-0f0ce235d5d5,new_a84494af,Test City,XX,delivered,2026-08-25 00:43:17,2026-08-25,2026-08,00,2026-08-24 00:43:17,2026-08-24 00:43:17,-1.0,1.0,123.23072674682705,credit_card,0.0
78d96e27-7a29-4bd9-87d0-d0ec4ea9714d,new_49049779,Test City,XX,delivered,2026-08-25 00:43:17,2026-08-25,2026-08,00,2026-08-24 00:43:17,2026-08-24 00:43:17,-1.0,1.0,135.64022583711687,credit_card,0.0
8f6d335f-24b0-4a31-8f05-bb9cc2215fd6,retained_6fb8d563,Test City,XX,delivered,2026-08-25 00:43:17,2026-08-25,2026-08,00,2026-08-24 00:43:17,2026-08-24 00:43:17,-1.0,1.0,88.58487501397425,credit_card,0.0
706e9fc4-a3da-4058-8ea3-b19a51a6a58e,new_ca587ce3,Test City,XX,delivered,2026-08-24 23:43:17,2026-08-24,2026-08,23,2026-08-23 23:43:17,2026-08-23 23:43:17,-1.0,1.0,87.39773420738582,credit_card,0.0
377084a0-19ab-4b09-b7df-81c15da8f771,new_941bbbab,Test City,XX,delivered,2026-08-24 23:43:17,2026-08-24,2026-08,23,2026-08-23 23:43:17,2026-08-23 23:43:17,-1.0,1.0,112.46941168613124,credit_card,0.0
77097007-e57b-4a0b-8a1c-54c85e698951,retained_34aa3912,Test City,XX,delivered,2026-08-24 23:43:17,2026-08-24,2026-08,23,2026-08-23 23:43:17,2026-08-23 23:43:17,-1.0,1.0,133.04708242562822,credit_card,0.0
6b4b8675-7df1-4b81-9260-7dbbed678707,retained_3ac36a39,Test City,XX,delivered,2026-08-24 23:43:17,2026-08-24,2026-08,23,2026-08-23 23:43:17,2026-08-23 23:43:17,-1.0,1.0,97.22371884524824,credit_card,0.0
f54bbbb9-32ec-47d8-b756-91c692442eb4,retained_cdfe66da,Test City,XX,delivered,2026-08-24 23:43:17,2026-08-24,2026-08,23,2026-08-23 23:43:17,2026-08-23 23:43:17,-1.0,1.0,51.911121665188595,credit_card,0.0
52fba694-24ac-4ab7-b3f7-d998ace8cf79,new_8c350947,Test City,XX,delivered,2026-08-24 10:43:17,2026-08-24,2026-08,10,2026-08-23 10:43:17,2026-08-23 10:43:17,-1.0,1.0,83.39173926768655,credit_card,0.0
dba4b18d-a2b4-445e-aa15-5a5dc95a2cfe,new_d11b1019,Test City,XX,delivered,2026-08-24 10:43:17,2026-08-24,2026-08,10,2026-08-23 10:43:17,2026-08-23 10:43:17,-1.0,1.0,101.36197003201832,credit_card,0.0
2096ff9f-c4fb-4820-ab12-ea8c83a39400,new_5e04f1ee,Test City,XX,delivered,2026-08-24 10:43:17,2026-08-24,2026-08,10,2026-08-23 10:43:17,2026-08-23 10:43:17,-1.0,1.0,127.10571367352729,credit_card,0.0
7a6b3202-3a8c-48ce-b30e-e17561f09679,retained_e63a3018,Test City,XX,delivered,2026-08-24 10:43:17,2026-08-24,2026-08,10,2026-08-23 10:43:17,2026-08-23 10:43:17,-1.0,1.0,120.1664875167099,credit_card,0.0
1602e70d-130f-4a5f-bb40-863760bce5ea,new_742953e7,Test City,XX,delivered,2026-08-24 09:43:17,2026-08-24,2026-08,09,2026-08-23 09:43:17,2026-08-23 09:43:17,-1.0,1.0,135.6301301738131,credit_card,0.0
da02b25a-90a4-4892-8ea1-4896bd39eac8,new_fb810318,Test City,XX,delivered,2026-08-24 08:43:17,2026-08-24,2026-08,08,2026-08-23 08:43:17,2026-08-23 08:43:17,-1.0,1.0,63.080685698602935,credit_card,0.0
397b75e5-10d1-4a65-abd2-4dcc91b89575,retained_f728d577,Test City,XX,delivered,2026-08-24 07:43:17,2026-08-24,2026-08,07,2026-08-23 07:43:17,2026-08-23 07:43:17,-1.0,1.0,91.12913891257568,credit_card,0.0
8d06d0ee-a8e3-4a5b-a86f-a1ea0be0f833,new_61924b5f,Test City,XX,delivered,2026-08-24 06:43:17,2026-08-24,2026-08,06,2026-08-23 06:43:17,2026-08-23 06:43:17,-1.0,1.0,59.95901534990692,credit_card,0.0
ee55010f-b7de-46cf-9fb6-9665680adcc4,new_c419f03b,Test City,XX,delivered,2026-08-24 05:43:17,2026-08-24,2026-08,05,2026-08-23 05:43:17,2026-08-23 05:43:17,-1.0,1.0,109.13978033905788,credit_card,0.0
82416b46-2857-4227-b53c-8cb2309ea574,retained_ccc28068,Test City,XX,delivered,2026-08-24 05:43:17,2026-08-24,2026-08,05,2026-08-23 05:43:17,2026-08-23 05:43:17,-1.0,1.0,53.14514142081658,credit_card,0.0
cafe7795-147c-420b-9616-9a79ad2b6f94,new_05fa0c25,Test City,XX,delivered,2026-08-24 04:43:17,2026-08-24,2026-08,04,2026-08-23 04:43:17,2026-08-23 04:43:17,-1.0,1.0,52.40365542783041,credit_card,0.0
fd4cf9d0-9dde-487a-8303-a97b4fecac99,new_17aaad4a,Test City,XX,delivered,2026-08-24 04:43:17,2026-08-24,2026-08,04,2026-08-23 04:43:17,2026-08-23 04:43:17,-1.0,1.0,107.11612941090823,credit_card,0.0
28cc5818-b665-4851-be88-01ff518aabbe,new_c419f03b,Test City,XX,delivered,2026-08-24 04:43:17,2026-08-24,2026-08,04,2026-08-23 04:43:17,2026-08-23 04:43:17,-1.0,1.0,135.69112243322226,credit_card,0.0
82161c42-d559-40c0-9838-9616dcbf6b3d,new_03f44e59,Test City,XX,delivered,2026-08-24 03:43:17,2026-08-24,2026-08,03,2026-08-23 03:43:17,2026-08-23 03:43:17,-1.0,1.0,107.77940831079678,credit_card,0.0
5fa99607-d2dd-4cf0-9d0d-f0537b2d15b8,new_d52ffd3d,Test City,XX,delivered,2026-08-24 03:43:17,2026-08-24,2026-08,03,2026-08-23 03:43:17,2026-08-23 03:43:17,-1.0,1.0,114.92136385316023,credit_card,0.0
3e2ea790-cf99-488d-be81-0bc6a69b877c,new_9dbc9b81,Test City,XX,delivered,2026-08-24 03:43:17,2026-08-24,2026-08,03,2026-08-23 03:43:17,2026-08-23 03:43:17,-1.0,1.0,134.6968732688394,credit_card,0.0
ec1af02e-6780-4d35-9a8d-5c18185f1506,retained_b861f15b,Test City,XX,delivered,2026-08-24 03:43:17,2026-08-24,2026-08,03,2026-08-23 03:43:17,2026-08-23 03:43:17,-1.0,1.0,146.48523157532654,credit_card,0.0
b7a93fa4-d0fc-4532-83df-36d06856a365,retained_e39fc251,Test City,XX,delivered,2026-08-24 03:43:17,2026-08-24,2026-08,03,2026-08-23 03:43:17,2026-08-23 03:43:17,-1.0,1.0,80.10154820097074,credit_card,0.0
1682d310-625f-4988-ba5f-02a1f4cf56bb,retained_16aa7ade,Test City,XX,delivered,2026-08-24 03:43:17,2026-08-24,2026-08,03,2026-08-23 03:43:17,2026-08-23 03:43:17,-1.0,1.0,110.4429111503118,credit_card,0.0
649ac9ff-b28e-449c-aba4-c21b4d9c8c43,new_45f67192,Test City,XX,delivered,2026-08-24 02:43:17,2026-08-24,2026-08,02,2026-08-23 02:43:17,2026-08-23 02:43:17,-1.0,1.0,90.99102509910685,credit_card,0.0
68432855-0165-435e-a2c7-02004ed8d207,new_92df2f3a,Test City,XX,delivered,2026-08-24 02:43:17,2026-08-24,2026-08,02,2026-08-23 02:43:17,2026-08-23 02:43:17,-1.0,1.0,146.08222542363418,credit_card,0.0
74628836-79cf-40c6-a42c-3855993ffc96,new_b5f668df,Test City,XX,delivered,2026-08-24 02:43:17,2026-08-24,2026-08,02,2026-08-23 02:43:17,2026-08-23 02:43:17,-1.0,1.0,52.04847195877087,credit_card,0.0
82f836e8-53d5-4c10-b3fa-a0f1cd25a6d0,retained_f4b339fa,Test City,XX,delivered,2026-08-24 02:43:17,2026-08-24,2026-08,02,2026-08-23 02:43:17,2026-08-23 02:43:17,-1.0,1.0,70.00741141676968,credit_card,0.0
c4ad8f04-780d-4eec-bf53-958c8df820ab,retained_edf84328,Test City,XX,delivered,2026-08-24 02:43:17,2026-08-24,2026-08,02,2026-08-23 02:43:17,2026-08-23 02:43:17,-1.0,1.0,69.02217396247191,credit_card,0.0
d21cd6b6-2923-4a03-a85c-3d5b2f534ed9,new_e24826db,Test City,XX,delivered,2026-08-24 01:43:17,2026-08-24,2026-08,01,2026-08-23 01:43:17,2026-08-23 01:43:17,-1.0,1.0,76.81355501734937,credit_card,0.0
f2060874-6a99-458c-b03f-594134fde023,new_aa022abe,Test City,XX,delivered,2026-08-24 01:43:17,2026-08-24,2026-08,01,2026-08-23 01:43:17,2026-08-23 01:43:17,-1.0,1.0,123.59155496248042,credit_card,0.0
626d1516-82e1-4dc3-bb08-e99900445e36,new_b58fb4b7,Test City,XX,delivered,2026-08-24 00:43:17,2026-08-24,2026-08,00,2026-08-23 00:43:17,2026-08-23 00:43:17,-1.0,1.0,65.37178966578476,credit_card,0.0
b38d060a-a492-418e-8d5b-58636328cb2a,new_a9e82303,Test City,XX,delivered,2026-08-24 00:43:17,2026-08-24,2026-08,00,2026-08-23 00:43:17,2026-08-23 00:43:17,-1.0,1.0,136.38851148824511,credit_card,0.0
318b4b86-868f-462b-ab7f-0a5b4c698df3,new_fd8e35fe,Test City,XX,delivered,2026-08-23 23:43:17,2026-08-23,2026-08,23,2026-08-22 23:43:17,2026-08-22 23:43:17,-1.0,1.0,63.82655370198553,credit_card,0.0
21ca6a37-5b25-4c5d-9525-5cb44b780351,new_2504f504,Test City,XX,delivered,2026-08-23 23:43:17,2026-08-23,2026-08,23,2026-08-22 23:43:17,2026-08-22 23:43:17,-1.0,1.0,113.3086057513849,credit_card,0.0
948ef20b-251b-4b1e-aeac-1f12d9594cbc,new_c368fb83,Test City,XX,delivered,2026-08-23 23:43:17,2026-08-23,2026-08,23,2026-08-22 23:43:17,2026-08-22 23:43:17,-1.0,1.0,70.87061298746836,credit_card,0.0
e9b33e60-912f-46e1-8aa8-19a93fd1c6c9,new_adc614cf,Test City,XX,delivered,2026-08-23 10:43:17,2026-08-23,2026-08,10,2026-08-22 10:43:17,2026-08-22 10:43:17,-1.0,1.0,127.43740640892838,credit_card,0.0
a690ffdb-ad40-4d6b-9992-e61b2c9ce48b,new_9e8792d7,Test City,XX,delivered,2026-08-23 10:43:17,2026-08-23,2026-08,10,2026-08-22 10:43:17,2026-08-22 10:43:17,-1.0,1.0,131.94827886082103,credit_card,0.0
c8188653-f268-4f4c-b270-01595b861c4d,new_6de5acab,Test City,XX,delivered,2026-08-23 09:43:17,2026-08-23,2026-08,09,2026-08-22 09:43:17,2026-08-22 09:43:17,-1.0,1.0,89.2373568289367,credit_card,0.0
fcfae8c4-1117-426b-ba97-250447457178,new_1d72c9bc,Test City,XX,delivered,2026-08-23 09:43:17,2026-08-23,2026-08,09,2026-08-22 09:43:17,2026-08-22 09:43:17,-1.0,1.0,103.25744900096998,credit_card,0.0
f8844ff3-af18-4160-bf2a-201e9c80366d,new_7fe9eeec,Test City,XX,delivered,2026-08-23 09:43:17,2026-08-23,2026-08,09,2026-08-22 09:43:17,2026-08-22 09:43:17,-1.0,1.0,108.93818743392983,credit_card,0.0
c2fe65d3-34da-4c27-b395-c50a08d137dc,retained_1a703e37,Test City,XX,delivered,2026-08-23 09:43:17,2026-08-23,2026-08,09,2026-08-22 09:43:17,2026-08-22 09:43:17,-1.0,1.0,59.382844967339906,credit_card,0.0
57b385e7-d50d-4e3e-a3db-668dbfa3cca0,new_51d7815b,Test City,XX,delivered,2026-08-23 08:43:17,2026-08-23,2026-08,08,2026-08-22 08:43:17,2026-08-22 08:43:17,-1.0,1.0,130.96016617573764,credit_card,0.0
ec4dbd3d-e65d-47c9-bb5d-c74ec5bbb1b4,retained_6b99180c,Test City,XX,delivered,2026-08-23 07:43:17,2026-08-23,2026-08,07,2026-08-22 07:43:17,2026-08-22 07:43:17,-1.0,1.0,95.09616499749474,credit_card,0.0
2dcdcb12-8d1c-4a85-9292-5a5dd51703c6,new_8f5d5b4e,Test City,XX,delivered,2026-08-23 06:43:17,2026-08-23,2026-08,06,2026-08-22 06:43:17,2026-08-22 06:43:17,-1.0,1.0,131.75739668468265,credit_card,0.0
b3504a0e-4e88-4871-b2ae-b4d91aee12c0,new_e38d8687,Test City,XX,delivered,2026-08-23 06:43:17,2026-08-23,2026-08,06,2026-08-22 06:43:17,2026-08-22 06:43:17,-1.0,1.0,59.92065185025001,credit_card,0.0
325584e2-d3bd-4de6-90c9-89b848cecd46,new_55500e1c,Test City,XX,delivered,2026-08-23 06:43:17,2026-08-23,2026-08,06,2026-08-22 06:43:17,2026-08-22 06:43:17,-1.0,1.0,110.47065349343222,credit_card,0.0
94b55e32-a3ed-48c3-b019-04570e92d8a6,retained_772ec7d5,Test City,XX,delivered,2026-08-23 06:43:17,2026-08-23,2026-08,06,2026-08-22 06:43:17,2026-08-22 06:43:17,-1.0,1.0,124.07711067704916,credit_card,0.0
2a054406-0093-4dbc-89b5-b4b717573489,retained_c61954b1,Test City,XX,delivered,2026-08-23 06:43:17,2026-08-23,2026-08,06,2026-08-22 06:43:17,2026-08-22 06:43:17,-1.0,1.0,58.29760747696237,credit_card,0.0
fde0a109-14d3-44c2-a94c-e4e9dd3105f9,new_c1033687,Test City,XX,delivered,2026-08-23 05:43:17,2026-08-23,2026-08,05,2026-08-22 05:43:17,2026-08-22 05:43:17,-1.0,1.0,86.1133636498889,credit_card,0.0
73c442c8-aa02-498d-aa81-bd7068600af3,retained_3daadc74,Test City,XX,delivered,2026-08-23 05:43:17,2026-08-23,2026-08,05,2026-08-22 05:43:17,2026-08-22 05:43:17,-1.0,1.0,75.51058986984717,credit_card,0.0
2dce3598-b45c-44ef-b2bd-5e4a1584e45d,retained_4cd90e44,Test City,XX,delivered,2026-08-23 05:43:17,2026-08-23,2026-08,05,2026-08-22 05:43:17,2026-08-22 05:43:17,-1.0,1.0,69.00724864163917,credit_card,0.0
dce66e18-59dc-4728-b925-5ec8a60fc9e1,retained_30f5fb7f,Test City,XX,delivered,2026-08-23 05:43:17,2026-08-23,2026-08,05,2026-08-22 05:43:17,2026-08-22 05:43:17,-1.0,1.0,93.42864007859193,credit_card,0.0
053b7f40-5db8-4860-8889-de63d9257bb0,new_52482aaa,Test City,XX,delivered,2026-08-23 04:43:17,2026-08-23,2026-08,04,2026-08-22 04:43:17,2026-08-22 04:43:17,-1.0,1.0,120.39784759605007,credit_card,0.0
47dd6ae6-b472-4718-9156-31e5413de899,new_05a61168,Test City,XX,delivered,2026-08-23 04:43:17,2026-08-23,2026-08,04,2026-08-22 04:43:17,2026-08-22 04:43:17,-1.0,1.0,89.58491852769956,credit_card,0.0
a229c854-0286-42d3-a850-5c3105f6e173,new_1b1435e0,Test City,XX,delivered,2026-08-23 04:43:17,2026-08-23,2026-08,04,2026-08-22 04:43:17,2026-08-22 04:43:17,-1.0,1.0,125.43409302213539,credit_card,0.0
8a216aef-4a62-496e-86b3-eab8697e49ee,new_1499e0cd,Test City,XX,delivered,2026-08-23 04:43:17,2026-08-23,2026-08,04,2026-08-22 04:43:17,2026-08-22 04:43:17,-1.0,1.0,50.26714852334582,credit_card,0.0
e6393750-529f-4a01-8079-fcbf60a1d32e,retained_11d5ce41,Test City,XX,delivered,2026-08-23 04:43:17,2026-08-23,2026-08,04,2026-08-22 04:43:17,2026-08-22 04:43:17,-1.0,1.0,148.250090887716,credit_card,0.0
66026bc5-86ce-434a-b024-8868aa6b9338,retained_1841395c,Test City,XX,delivered,2026-08-23 04:43:17,2026-08-23,2026-08,04,2026-08-22 04:43:17,2026-08-22 04:43:17,-1.0,1.0,96.424204560547,credit_card,0.0
170c0ce6-a276-47b8-a9b0-715ac6aa038c,new_ff9647dc,Test City,XX,delivered,2026-08-23 01:43:17,2026-08-23,2026-08,01,2026-08-22 01:43:17,2026-08-22 01:43:17,-1.0,1.0,114.6719098465309,credit_card,0.0
48fd45e9-2988-400f-8f51-fa856b6d4db2,retained_dc3c8772,Test City,XX,delivered,2026-08-23 01:43:17,2026-08-23,2026-08,01,2026-08-22 01:43:17,2026-08-22 01:43:17,-1.0,1.0,74.24185656605184,credit_card,0.0
2e35f824-2c66-4ca7-a09f-ff2cc57fda19,new_382632db,Test City,XX,delivered,2026-08-23 00:43:17,2026-08-23,2026-08,00,2026-08-22 00:43:17,2026-08-22 00:43:17,-1.0,1.0,59.40443943440367,credit_card,0.0
6d476598-593a-46c3-b062-898f74a487b8,new_1721889d,Test City,XX,delivered,2026-08-23 00:43:17,2026-08-23,2026-08,00,2026-08-22 00:43:17,2026-08-22 00:43:17,-1.0,1.0,68.93347253606503,credit_card,0.0
f463adc4-5bb4-452f-a012-1cfc26a299b0,new_73ba7d5f,Test City,XX,delivered,2026-08-23 00:43:17,2026-08-23,2026-08,00,2026-08-22 00:43:17,2026-08-22 00:43:17,-1.0,1.0,57.98872153616212,credit_card,0.0
12190086-1156-44e1-bc9e-4251d1c37793,new_a57b2d81,Test City,XX,delivered,2026-08-23 00:43:17,2026-08-23,2026-08,00,2026-08-22 00:43:17,2026-08-22 00:43:17,-1.0,1.0,95.747325076283,credit_card,0.0
0eecfeb1-9cc3-4177-a276-7db5a6e2e9a8,new_8e0988c3,Test City,XX,delivered,2026-08-22 23:43:17,2026-08-22,2026-08,23,2026-08-21 23:43:17,2026-08-21 23:43:17,-1.0,1.0,126.27802819172062,credit_card,0.0
6d8d00ca-3b89-488b-8f36-23ef822095c6,new_e062e1f8,Test City,XX,delivered,2026-08-22 10:43:17,2026-08-22,2026-08,10,2026-08-21 10:43:17,2026-08-21 10:43:17,-1.0,1.0,135.64504204887467,credit_card,0.0
0fe49c04-3824-4780-b2ed-7e544266463c,new_c29f4299,Test City,XX,delivered,2026-08-22 09:43:17,2026-08-22,2026-08,09,2026-08-21 09:43:17,2026-08-21 09:43:17,-1.0,1.0,54.964614186601814,credit_card,0.0
213c657d-d8c4-47e5-8ef6-eb92f5920892,new_7d9c9e47,Test City,XX,delivered,2026-08-22 09:43:17,2026-08-22,2026-08,09,2026-08-21 09:43:17,2026-08-21 09:43:17,-1.0,1.0,59.797593257869906,credit_card,0.0
871643ec-57a0-4f2e-b889-dacf796737f6,new_1a72d4f5,Test City,XX,delivered,2026-08-22 09:43:17,2026-08-22,2026-08,09,2026-08-21 09:43:17,2026-08-21 09:43:17,-1.0,1.0,93.88984083276625,credit_card,0.0
4d48b84e-4b2b-4a12-8d51-1176959a6e11,new_1b8eb329,Test City,XX,delivered,2026-08-22 08:43:17,2026-08-22,2026-08,08,2026-08-21 08:43:17,2026-08-21 08:43:17,-1.0,1.0,57.43547437161403,credit_card,0.0
ac73b2c8-90ee-44b2-95b3-1de1b62df308,new_b336dd5b,Test City,XX,delivered,2026-08-22 08:43:17,2026-08-22,2026-08,08,2026-08-21 08:43:17,2026-08-21 08:43:17,-1.0,1.0,66.39307995276943,credit_card,0.0
81752ca5-f662-40b4-9f64-df6f8cfb86aa,new_fdb458d0,Test City,XX,delivered,2026-08-22 08:43:17,2026-08-22,2026-08,08,2026-08-21 08:43:17,2026-08-21 08:43:17,-1.0,1.0,50.644631618478364,credit_card,0.0
1807b1af-1258-4300-9c5f-db1adac8f835,new_55c12c09,Test City,XX,delivered,2026-08-22 07:43:17,2026-08-22,2026-08,07,2026-08-21 07:43:17,2026-08-21 07:43:17,-1.0,1.0,114.50245793203416,credit_card,0.0
bb43fe83-d7b1-4f47-8dc9-35714283eed1,retained_01e5ca31,Test City,XX,delivered,2026-08-22 07:43:17,2026-08-22,2026-08,07,2026-08-21 07:43:17,2026-08-21 07:43:17,-1.0,1.0,148.3213271259533,credit_card,0.0
fc39823c-d7de-4a98-a9bb-2f6209bc83bb,new_266079a9,Test City,XX,delivered,2026-08-22 05:43:17,2026-08-22,2026-08,05,2026-08-21 05:43:17,2026-08-21 05:43:17,-1.0,1.0,112.51374757985681,credit_card,0.0
701b4cf6-39d1-4b50-aaeb-0b79dfa7f306,new_1d9a2ffe,Test City,XX,delivered,2026-08-22 05:43:17,2026-08-22,2026-08,05,2026-08-21 05:43:17,2026-08-21 05:43:17,-1.0,1.0,137.30989200589315,credit_card,0.0
eeaeb289-5f3d-4a04-89db-90e481cdea58,new_404c5417,Test City,XX,delivered,2026-08-22 05:43:17,2026-08-22,2026-08,05,2026-08-21 05:43:17,2026-08-21 05:43:17,-1.0,1.0,101.0688355679678,credit_card,0.0
45edb297-6e14-4714-9b80-e60e5694c7d1,new_45f67192,Test City,XX,delivered,2026-08-22 04:43:17,2026-08-22,2026-08,04,2026-08-21 04:43:17,2026-08-21 04:43:17,-1.0,1.0,106.70185368385893,credit_card,0.0
1a84ce47-edeb-4ad4-a828-8ff90b099aca,new_13cb5583,Test City,XX,delivered,2026-08-22 04:43:17,2026-08-22,2026-08,04,2026-08-21 04:43:17,2026-08-21 04:43:17,-1.0,1.0,148.2972237584559,credit_card,0.0
680627f2-3c12-473e-ba7e-4246e3df7840,new_80fdb001,Test City,XX,delivered,2026-08-22 04:43:17,2026-08-22,2026-08,04,2026-08-21 04:43:17,2026-08-21 04:43:17,-1.0,1.0,87.21051826368961,credit_card,0.0
660ac244-2298-4cba-875c-e4be5b77ab78,new_4bb2f5fc,Test City,XX,delivered,2026-08-22 04:43:17,2026-08-22,2026-08,04,2026-08-21 04:43:17,2026-08-21 04:43:17,-1.0,1.0,98.10676886073975,credit_card,0.0
7278a397-acb4-43e6-ac4e-21c0cd8028bd,retained_3643879c,Test City,XX,delivered,2026-08-22 04:43:17,2026-08-22,2026-08,04,2026-08-21 04:43:17,2026-08-21 04:43:17,-1.0,1.0,83.67034154450383,credit_card,0.0
309c80f6-ad44-4286-b5f9-12ab53e79b47,new_f5e571fb,Test City,XX,delivered,2026-08-22 03:43:17,2026-08-22,2026-08,03,2026-08-21 03:43:17,2026-08-21 03:43:17,-1.0,1.0,105.87051227042627,credit_card,0.0
bba5b283-99aa-44d3-a1f2-e0786a17f891,retained_c2d5fdb1,Test City,XX,delivered,2026-08-22 03:43:17,2026-08-22,2026-08,03,2026-08-21 03:43:17,2026-08-21 03:43:17,-1.0,1.0,58.29347230824116,credit_card,0.0
824caa14-e742-41a9-b50e-6b20c9db1c4c,retained_abc3350f,Test City,XX,delivered,2026-08-22 03:43:17,2026-08-22,2026-08,03,2026-08-21 03:43:17,2026-08-21 03:43:17,-1.0,1.0,110.67870914221496,credit_card,0.0
04e13375-ce93-4d75-915a-9d8643ec0f46,retained_f09f8ede,Test City,XX,delivered,2026-08-22 03:43:17,2026-08-22,2026-08,03,2026-08-21 03:43:17,2026-08-21 03:43:17,-1.0,1.0,89.14913651097051,credit_card,0.0
64142902-4f55-4c5f-9853-304241e9fed0,new_745819f0,Test City,XX,delivered,2026-08-22 02:43:17,2026-08-22,2026-08,02,2026-08-21 02:43:17,2026-08-21 02:43:17,-1.0,1.0,63.58496439648455,credit_card,0.0
754b5e72-0824-4248-bbfd-0d55b68de6e9,new_1a5251de,Test City,XX,delivered,2026-08-22 02:43:17,2026-08-22,2026-08,02,2026-08-21 02:43:17,2026-08-21 02:43:17,-1.0,1.0,54.89561844822052,credit_card,0.0
402578b2-8124-48b9-9507-4cdcea1c8ff7,new_8914f77b,Test City,XX,delivered,2026-08-22 02:43:17,2026-08-22,2026-08,02,2026-08-21 02:43:17,2026-08-21 02:43:17,-1.0,1.0,128.93765036564852,credit_card,0.0
afa3e2f7-ac22-4324-9494-58737dc7909e,new_4b97fa27,Test City,XX,delivered,2026-08-22 02:43:17,2026-08-22,2026-08,02,2026-08-21 02:43:17,2026-08-21 02:43:17,-1.0,1.0,91.40976761479055,credit_card,0.0
747502b2-2eb1-4032-bb3f-36c598345e46,new_38334dbf,Test City,XX,delivered,2026-08-22 01:43:17,2026-08-22,2026-08,01,2026-08-21 01:43:17,2026-08-21 01:43:17,-1.0,1.0,82.10106612104286,credit_card,0.0
b864d587-d934-4c7b-9a88-5e8a608cff36,new_95dfd2d7,Test City,XX,delivered,2026-08-22 01:43:17,2026-08-22,2026-08,01,2026-08-21 01:43:17,2026-08-21 01:43:17,-1.0,1.0,103.98000550917035,credit_card,0.0
829bd4c5-31aa-4dea-82a7-de360c5ae4cd,new_e5a8efd7,Test City,XX,delivered,2026-08-22 00:43:17,2026-08-22,2026-08,00,2026-08-21 00:43:17,2026-08-21 00:43:17,-1.0,1.0,59.61534228602325,credit_card,0.0
704d8789-f150-436f-b4f4-d693812b8725,new_a6b3588f,Test City,XX,delivered,2026-08-22 00:43:17,2026-08-22,2026-08,00,2026-08-21 00:43:17,2026-08-21 00:43:17,-1.0,1.0,109.356718831651,credit_card,0.0
c39703b9-f350-4d1b-b9fd-b4c15f01c29d,retained_98976e0f,Test City,XX,delivered,2026-08-22 00:43:17,2026-08-22,2026-08,00,2026-08-21 00:43:17,2026-08-21 00:43:17,-1.0,1.0,114.42479868707284,credit_card,0.0
5cd8aacd-8425-4640-a001-e786459cbb6c,new_6ebc7d0b,Test City,XX,delivered,2026-08-21 23:43:17,2026-08-21,2026-08,23,2026-08-20 23:43:17,2026-08-20 23:43:17,-1.0,1.0,50.773487683807396,credit_card,0.0
c23b9360-2bfb-4ba0-9270-804ecaf66fb9,new_c6a5186a,Test City,XX,delivered,2026-08-21 23:43:17,2026-08-21,2026-08,23,2026-08-20 23:43:17,2026-08-20 23:43:17,-1.0,1.0,68.98922817659707,credit_card,0.0
39504804-3b28-4f6c-b553-0f924936f827,new_b12cf195,Test City,XX,delivered,2026-08-21 23:43:17,2026-08-21,2026-08,23,2026-08-20 23:43:17,2026-08-20 23:43:17,-1.0,1.0,115.7739286795387,credit_card,0.0
71c43ed9-ba90-4a0d-af84-25d54726c4b9,retained_62ea579a,Test City,XX,delivered,2026-08-21 23:43:17,2026-08-21,2026-08,23,2026-08-20 23:43:17,2026-08-20 23:43:17,-1.0,1.0,73.25872011104386,credit_card,0.0
391a4fcc-1a88-4def-be2d-2550a7fa5952,new_61924b5f,Test City,XX,delivered,2026-08-21 09:43:17,2026-08-21,2026-08,09,2026-08-20 09:43:17,2026-08-20 09:43:17,-1.0,1.0,86.29701578294743,credit_card,0.0
f3507520-5e42-4edc-98e6-3b633d4a8f9a,new_95fff147,Test City,XX,delivered,2026-08-21 09:43:17,2026-08-21,2026-08,09,2026-08-20 09:43:17,2026-08-20 09:43:17,-1.0,1.0,80.80594943175703,credit_card,0.0
e2b9a121-4873-4c96-b821-c44985bef224,retained_2959c743,Test City,XX,delivered,2026-08-21 09:43:17,2026-08-21,2026-08,09,2026-08-20 09:43:17,2026-08-20 09:43:17,-1.0,1.0,125.97994131714668,credit_card,0.0
3bd58e15-0ee0-4324-a4d9-9a8e561cc1ce,new_a97b301e,Test City,XX,delivered,2026-08-21 08:43:17,2026-08-21,2026-08,08,2026-08-20 08:43:17,2026-08-20 08:43:17,-1.0,1.0,133.6073782313763,credit_card,0.0
7bd4e3b9-98c1-43c4-9c13-357eb6734178,new_1662ecaa,Test City,XX,delivered,2026-08-21 07:43:17,2026-08-21,2026-08,07,2026-08-20 07:43:17,2026-08-20 07:43:17,-1.0,1.0,140.14476467925746,credit_card,0.0
70b9f09d-ce71-40b7-a065-279fa029004f,retained_79a36229,Test City,XX,delivered,2026-08-21 07:43:17,2026-08-21,2026-08,07,2026-08-20 07:43:17,2026-08-20 07:43:17,-1.0,1.0,72.04789088370684,credit_card,0.0
152276b9-0844-4147-b3e2-728bc3f436bb,new_941fcddd,Test City,XX,delivered,2026-08-21 06:43:17,2026-08-21,2026-08,06,2026-08-20 06:43:17,2026-08-20 06:43:17,-1.0,1.0,79.96163350139089,credit_card,0.0
c2ea390c-6064-41ef-b8e4-5f17ea4d68f7,new_1d72c9bc,Test City,XX,delivered,2026-08-21 06:43:17,2026-08-21,2026-08,06,2026-08-20 06:43:17,2026-08-20 06:43:17,-1.0,1.0,106.28674174841461,credit_card,0.0
27adfd65-df8b-4e27-bf56-c124bb731b57,new_64bfcf74,Test City,XX,delivered,2026-08-21 06:43:17,2026-08-21,2026-08,06,2026-08-20 06:43:17,2026-08-20 06:43:17,-1.0,1.0,83.18706635311197,credit_card,0.0
cbaafc56-c1a4-4cac-b8e9-101f3d4ff00c,retained_45b772e9,Test City,XX,delivered,2026-08-21 06:43:17,2026-08-21,2026-08,06,2026-08-20 06:43:17,2026-08-20 06:43:17,-1.0,1.0,93.46092101850718,credit_card,0.0
c62c3c91-b322-45ca-8f92-92b1cb1bb65b,new_d5e8a0e1,Test City,XX,delivered,2026-08-21 05:43:17,2026-08-21,2026-08,05,2026-08-20 05:43:17,2026-08-20 05:43:17,-1.0,1.0,53.97825310425084,credit_card,0.0
b329b09c-6dd3-4d95-88fb-bd1533ababa4,new_c31b8b83,Test City,XX,delivered,2026-08-21 05:43:17,2026-08-21,2026-08,05,2026-08-20 05:43:17,2026-08-20 05:43:17,-1.0,1.0,71.79386908090254,credit_card,0.0
47fb8a4a-9d4c-4fda-a611-7e864b6e8013,retained_7268f50c,Test City,XX,delivered,2026-08-21 05:43:17,2026-08-21,2026-08,05,2026-08-20 05:43:17,2026-08-20 05:43:17,-1.0,1.0,76.06413801428486,credit_card,0.0
e511c854-2961-4b6f-a1bb-99e446b9eb8e,new_740d7878,Test City,XX,delivered,2026-08-21 04:43:17,2026-08-21,2026-08,04,2026-08-20 04:43:17,2026-08-20 04:43:17,-1.0,1.0,73.73164562929827,credit_card,0.0
2b32752c-28ec-4ff3-b979-0522da5adddd,new_e4c8dd79,Test City,XX,delivered,2026-08-21 04:43:17,2026-08-21,2026-08,04,2026-08-20 04:43:17,2026-08-20 04:43:17,-1.0,1.0,148.47094154690456,credit_card,0.0
07250f99-1cff-488f-bba0-d1bdc7d6b162,new_65cdd161,Test City,XX,delivered,2026-08-21 03:43:17,2026-08-21,2026-08,03,2026-08-20 03:43:17,2026-08-20 03:43:17,-1.0,1.0,54.45897933660602,credit_card,0.0
a3882f4d-4279-40aa-beaa-993fa7420149,new_bddc96f1,Test City,XX,delivered,2026-08-21 02:43:17,2026-08-21,2026-08,02,2026-08-20 02:43:17,2026-08-20 02:43:17,-1.0,1.0,95.46038083873381,credit_card,0.0
6b30019e-9081-4003-8363-525f2a1d4b4f,new_99a24464,Test City,XX,delivered,2026-08-21 02:43:17,2026-08-21,2026-08,02,2026-08-20 02:43:17,2026-08-20 02:43:17,-1.0,1.0,100.21228558410412,credit_card,0.0
b64e48b5-74af-4422-a1a7-6e66fa49603c,new_a0dda765,Test City,XX,delivered,2026-08-21 02:43:17,2026-08-21,2026-08,02,2026-08-20 02:43:17,2026-08-20 02:43:17,-1.0,1.0,51.29733343402235,credit_card,0.0
028b37db-ac65-417b-8e7b-44fd03476464,retained_c6ed662e,Test City,XX,delivered,2026-08-21 02:43:17,2026-08-21,2026-08,02,2026-08-20 02:43:17,2026-08-20 02:43:17,-1.0,1.0,59.51949679726489,credit_card,0.0
ec236c67-2076-47c5-ab1f-8799abcb4d29,retained_db3a92c9,Test City,XX,delivered,2026-08-21 01:43:17,2026-08-21,2026-08,01,2026-08-20 01:43:17,2026-08-20 01:43:17,-1.0,1.0,135.69521917491375,credit_card,0.0
0d07218c-5eee-40a6-ba8b-92496fad7d4d,retained_1d8f7976,Test City,XX,delivered,2026-08-21 01:43:17,2026-08-21,2026-08,01,2026-08-20 01:43:17,2026-08-20 01:43:17,-1.0,1.0,127.49738269843235,credit_card,0.0
58af2606-94e8-46cb-9460-0b49a0e42b4f,new_d2d1f8d8,Test City,XX,delivered,2026-08-21 00:43:17,2026-08-21,2026-08,00,2026-08-20 00:43:17,2026-08-20 00:43:17,-1.0,1.0,51.362693855488196,credit_card,0.0
37ece83a-4368-4a43-9dcf-5d14958b54d5,new_ad3acd69,Test City,XX,delivered,2026-08-21 00:43:17,2026-08-21,2026-08,00,2026-08-20 00:43:17,2026-08-20 00:43:17,-1.0,1.0,55.86674832701579,credit_card,0.0
51463ce3-7435-4033-bdbe-7d4486b090c6,retained_6769a39f,Test City,XX,delivered,2026-08-21 00:43:17,2026-08-21,2026-08,00,2026-08-20 00:43:17,2026-08-20 00:43:17,-1.0,1.0,52.54015481139288,credit_card,0.0
017af2b7-09c3-404a-9a3d-949d360d2dbf,new_8714a466,Test City,XX,delivered,2026-08-20 23:43:17,2026-08-20,2026-08,23,2026-08-19 23:43:17,2026-08-19 23:43:17,-1.0,1.0,70.32180751439341,credit_card,0.0
f29a6f8c-691f-4be6-a2b1-041d3ea99746,new_cf8335e9,Test City,XX,delivered,2026-08-20 23:43:17,2026-08-20,2026-08,23,2026-08-19 23:43:17,2026-08-19 23:43:17,-1.0,1.0,103.09812502827018,credit_card,0.0
b21cff77-541a-42e8-9956-75d842088bd7,retained_76fea19c,Test City,XX,delivered,2026-08-20 23:43:17,2026-08-20,2026-08,23,2026-08-19 23:43:17,2026-08-19 23:43:17,-1.0,1.0,132.58977590621652,credit_card,0.0
05027aa0-a9db-44e2-87c6-819ccb9b35df,retained_feed5aa6,Test City,XX,delivered,2026-08-20 23:43:17,2026-08-20,2026-08,23,2026-08-19 23:43:17,2026-08-19 23:43:17,-1.0,1.0,143.08629867956975,credit_card,0.0
cff8850c-c1eb-4c61-accc-4db54a837263,new_166dddb5,Test City,XX,delivered,2026-08-20 10:43:17,2026-08-20,2026-08,10,2026-08-19 10:43:17,2026-08-19 10:43:17,-1.0,1.0,55.97776518615491,credit_card,0.0
3d19de5f-14af-4d51-82ab-1dc282bd3aa0,new_ef5352f0,Test City,XX,delivered,2026-08-20 09:43:17,2026-08-20,2026-08,09,2026-08-19 09:43:17,2026-08-19 09:43:17,-1.0,1.0,129.74665034507206,credit_card,0.0
3c1adba5-14a7-4fe5-a2ba-ebfce35596fe,new_d1432963,Test City,XX,delivered,2026-08-20 09:43:17,2026-08-20,2026-08,09,2026-08-19 09:43:17,2026-08-19 09:43:17,-1.0,1.0,140.54044409169535,credit_card,0.0
df076198-3bd0-4f53-9408-5c005c5394c6,new_63beeaff,Test City,XX,delivered,2026-08-20 06:43:17,2026-08-20,2026-08,06,2026-08-19 06:43:17,2026-08-19 06:43:17,-1.0,1.0,103.92921205761188,credit_card,0.0
341ade87-5ee8-453b-b14b-4de1a8caf827,new_18b6a234,Test City,XX,delivered,2026-08-20 06:43:17,2026-08-20,2026-08,06,2026-08-19 06:43:17,2026-08-19 06:43:17,-1.0,1.0,91.49079006032558,credit_card,0.0
d71e5c5e-db6e-488f-9438-c61ca6710613,retained_b6592f36,Test City,XX,delivered,2026-08-20 06:43:17,2026-08-20,2026-08,06,2026-08-19 06:43:17,2026-08-19 06:43:17,-1.0,1.0,121.15978613342806,credit_card,0.0
40cf025f-a0c8-44e7-8c25-5ba48bef11a2,new_82ced721,Test City,XX,delivered,2026-08-20 05:43:17,2026-08-20,2026-08,05,2026-08-19 05:43:17,2026-08-19 05:43:17,-1.0,1.0,142.70470473027507,credit_card,0.0
2a35de33-b218-4471-81ba-0956e10c103c,new_551a5577,Test City,XX,delivered,2026-08-20 05:43:17,2026-08-20,2026-08,05,2026-08-19 05:43:17,2026-08-19 05:43:17,-1.0,1.0,101.13416877271894,credit_card,0.0
6dcf0571-72db-4f7b-bd24-3baa461dec5d,retained_e6c17b5e,Test City,XX,delivered,2026-08-20 05:43:17,2026-08-20,2026-08,05,2026-08-19 05:43:17,2026-08-19 05:43:17,-1.0,1.0,80.30947787970726,credit_card,0.0
175fc611-3c46-4c0d-877b-7b942481946c,new_71547144,Test City,XX,delivered,2026-08-20 04:43:17,2026-08-20,2026-08,04,2026-08-19 04:43:17,2026-08-19 04:43:17,-1.0,1.0,57.33337076865136,credit_card,0.0
a8d29083-e4ae-438f-8312-87487b8d96b6,new_e24826db,Test City,XX,delivered,2026-08-20 04:43:17,2026-08-20,2026-08,04,2026-08-19 04:43:17,2026-08-19 04:43:17,-1.0,1.0,120.50964509247525,credit_card,0.0
68b7e6b5-39eb-4c5d-a00d-b73cd85bdd9f,new_ab15e98e,Test City,XX,delivered,2026-08-20 04:43:17,2026-08-20,2026-08,04,2026-08-19 04:43:17,2026-08-19 04:43:17,-1.0,1.0,77.47378875957634,credit_card,0.0
6b0bfea4-a7c4-40e0-940d-5bfbd4a482df,new_f12d4ef1,Test City,XX,delivered,2026-08-20 03:43:17,2026-08-20,2026-08,03,2026-08-19 03:43:17,2026-08-19 03:43:17,-1.0,1.0,117.70195414267587,credit_card,0.0
17ec87c4-d87e-41f7-aad7-0f7d1904447b,retained_bcfbd417,Test City,XX,delivered,2026-08-20 03:43:17,2026-08-20,2026-08,03,2026-08-19 03:43:17,2026-08-19 03:43:17,-1.0,1.0,130.75054148314354,credit_card,0.0
c316bfb4-d535-4932-992c-692e2f5b7425,new_d1432963,Test City,XX,delivered,2026-08-20 02:43:17,2026-08-20,2026-08,02,2026-08-19 02:43:17,2026-08-19 02:43:17,-1.0,1.0,77.64952687506138,credit_card,0.0
c8ae0295-2382-4737-9ac0-a077cfc1dd39,new_925b9b92,Test City,XX,delivered,2026-08-20 02:43:17,2026-08-20,2026-08,02,2026-08-19 02:43:17,2026-08-19 02:43:17,-1.0,1.0,55.49289658621138,credit_card,0.0
93bf955f-0c3f-4783-863d-174a2e60446f,new_bcccccb5,Test City,XX,delivered,2026-08-20 02:43:17,2026-08-20,2026-08,02,2026-08-19 02:43:17,2026-08-19 02:43:17,-1.0,1.0,103.64426514586111,credit_card,0.0
6f36c018-7ff6-497e-af18-a56df6afc6aa,new_cd748331,Test City,XX,delivered,2026-08-20 01:43:17,2026-08-20,2026-08,01,2026-08-19 01:43:17,2026-08-19 01:43:17,-1.0,1.0,100.24698388931905,credit_card,0.0
2e384666-7fa5-4c98-bd42-183d625e9e90,new_c419f03b,Test City,XX,delivered,2026-08-20 01:43:17,2026-08-20,2026-08,01,2026-08-19 01:43:17,2026-08-19 01:43:17,-1.0,1.0,137.61121525610685,credit_card,0.0
1b2d6e89-0508-488a-8070-a38527245d64,new_e80a563c,Test City,XX,delivered,2026-08-20 01:43:17,2026-08-20,2026-08,01,2026-08-19 01:43:17,2026-08-19 01:43:17,-1.0,1.0,83.81171765635685,credit_card,0.0
e859d5d7-f0a8-496a-aca6-cdb39481bca5,retained_2f82229f,Test City,XX,delivered,2026-08-20 01:43:17,2026-08-20,2026-08,01,2026-08-19 01:43:17,2026-08-19 01:43:17,-1.0,1.0,103.41463606615925,credit_card,0.0
4ae86a64-66eb-4230-a7f5-e62596849d48,new_4c9d5422,Test City,XX,delivered,2026-08-20 00:43:17,2026-08-20,2026-08,00,2026-08-19 00:43:17,2026-08-19 00:43:17,-1.0,1.0,80.9248753475836,credit_card,0.0
b7ba6e29-4693-4f0b-873d-47ab59092262,retained_0e1ae950,Test City,XX,delivered,2026-08-20 00:43:17,2026-08-20,2026-08,00,2026-08-19 00:43:17,2026-08-19 00:43:17,-1.0,1.0,118.52284221749323,credit_card,0.0
c7898882-d0f8-4ace-8c3d-8b2339494027,retained_73c26b2c,Test City,XX,delivered,2026-08-20 00:43:17,2026-08-20,2026-08,00,2026-08-19 00:43:17,2026-08-19 00:43:17,-1.0,1.0,113.74895963096856,credit_card,0.0
b1a64cfb-d993-4506-a58d-49553f0d3134,retained_43d02ae6,Test City,XX,delivered,2026-08-20 00:43:17,2026-08-20,2026-08,00,2026-08-19 00:43:17,2026-08-19 00:43:17,-1.0,1.0,102.90835036231604,credit_card,0.0
022ff939-c2c5-4317-beda-addd5d72fe4d,new_81560b79,Test City,XX,delivered,2026-08-19 23:43:17,2026-08-19,2026-08,23,2026-08-18 23:43:17,2026-08-18 23:43:17,-1.0,1.0,90.14058199647285,credit_card,0.0
c64a2110-3102-4cf8-82af-c3445597497c,new_e38d8687,Test City,XX,delivered,2026-08-19 23:43:17,2026-08-19,2026-08,23,2026-08-18 23:43:17,2026-08-18 23:43:17,-1.0,1.0,116.47335798083844,credit_card,0.0
09789400-49b7-40ee-96f6-7de45b1b8658,new_c1033687,Test City,XX,delivered,2026-08-19 10:43:17,2026-08-19,2026-08,10,2026-08-18 10:43:17,2026-08-18 10:43:17,-1.0,1.0,61.665703650301566,credit_card,0.0
c43afea1-4af3-4398-ad46-4ac3065fcc6b,new_95fff147,Test City,XX,delivered,2026-08-19 10:43:17,2026-08-19,2026-08,10,2026-08-18 10:43:17,2026-08-18 10:43:17,-1.0,1.0,60.22099030728033,credit_card,0.0
8de696c9-50f5-49c1-b745-64e9075c8883,new_b593b8d0,Test City,XX,delivered,2026-08-19 10:43:17,2026-08-19,2026-08,10,2026-08-18 10:43:17,2026-08-18 10:43:17,-1.0,1.0,100.21913313723644,credit_card,0.0
d2f3e2f1-3b42-4337-869c-ada11201e8d0,retained_1d8f7976,Test City,XX,delivered,2026-08-19 10:43:17,2026-08-19,2026-08,10,2026-08-18 10:43:17,2026-08-18 10:43:17,-1.0,1.0,66.06194763803819,credit_card,0.0
a29419d9-8326-4323-8a9a-9ce35027f8fd,new_c99c86c9,Test City,XX,delivered,2026-08-19 09:43:17,2026-08-19,2026-08,09,2026-08-18 09:43:17,2026-08-18 09:43:17,-1.0,1.0,107.31030022389083,credit_card,0.0
785c4f76-250d-4fe2-9623-8f3b9a39c8c1,new_00566644,Test City,XX,delivered,2026-08-19 09:43:17,2026-08-19,2026-08,09,2026-08-18 09:43:17,2026-08-18 09:43:17,-1.0,1.0,51.13570886316392,credit_card,0.0
49be8df1-2501-4ef9-abd9-845e674f41c5,new_73ba7d5f,Test City,XX,delivered,2026-08-19 09:43:17,2026-08-19,2026-08,09,2026-08-18 09:43:17,2026-08-18 09:43:17,-1.0,1.0,148.12098969852968,credit_card,0.0
e9b0bdc1-b6d7-46b0-8934-75041ea792fa,new_1137c944,Test City,XX,delivered,2026-08-19 08:43:17,2026-08-19,2026-08,08,2026-08-18 08:43:17,2026-08-18 08:43:17,-1.0,1.0,78.74392707717581,credit_card,0.0
b4bca038-00f0-4f18-af39-2d4ddbe92fd5,retained_6f4d7f2c,Test City,XX,delivered,2026-08-19 08:43:17,2026-08-19,2026-08,08,2026-08-18 08:43:17,2026-08-18 08:43:17,-1.0,1.0,72.81112463736672,credit_card,0.0
1fe2ca75-ebfd-4930-ab08-cdaa9bcdaef8,new_973c9063,Test City,XX,delivered,2026-08-19 07:43:17,2026-08-19,2026-08,07,2026-08-18 07:43:17,2026-08-18 07:43:17,-1.0,1.0,106.66559371364092,credit_card,0.0
d36faa21-1216-4df1-a8f3-e16bb91902ef,new_8714a466,Test City,XX,delivered,2026-08-19 07:43:17,2026-08-19,2026-08,07,2026-08-18 07:43:17,2026-08-18 07:43:17,-1.0,1.0,50.04762483675198,credit_card,0.0
e17519d9-bcff-4f13-8bc2-16e4989b97a9,new_3576d50d,Test City,XX,delivered,2026-08-19 07:43:17,2026-08-19,2026-08,07,2026-08-18 07:43:17,2026-08-18 07:43:17,-1.0,1.0,79.27547753919663,credit_card,0.0
ec1bc3a4-3435-4673-b4d1-80c153ee194e,retained_ad4663aa,Test City,XX,delivered,2026-08-19 07:43:17,2026-08-19,2026-08,07,2026-08-18 07:43:17,2026-08-18 07:43:17,-1.0,1.0,99.90173666585376,credit_card,0.0
f29a1834-e2c1-4ef2-80a0-67c875a6304a,new_265b2a69,Test City,XX,delivered,2026-08-19 06:43:17,2026-08-19,2026-08,06,2026-08-18 06:43:17,2026-08-18 06:43:17,-1.0,1.0,59.039373151368544,credit_card,0.0
08c99d98-06dc-4a36-afb4-acc52b8c5e83,new_bb9052c0,Test City,XX,delivered,2026-08-19 06:43:17,2026-08-19,2026-08,06,2026-08-18 06:43:17,2026-08-18 06:43:17,-1.0,1.0,103.94583884608873,credit_card,0.0
dc5b034d-5de8-4556-b62b-269f1403b0e2,new_a3743e28,Test City,XX,delivered,2026-08-19 06:43:17,2026-08-19,2026-08,06,2026-08-18 06:43:17,2026-08-18 06:43:17,-1.0,1.0,56.056147633545805,credit_card,0.0
b25ed32b-4c6f-4f92-bf05-346dcbd00b65,new_3c32108a,Test City,XX,delivered,2026-08-19 06:43:17,2026-08-19,2026-08,06,2026-08-18 06:43:17,2026-08-18 06:43:17,-1.0,1.0,72.552872679906,credit_card,0.0
d34d6280-a1c2-47d7-9ebe-d34a1ec6371b,retained_0d7a0f66,Test City,XX,delivered,2026-08-19 05:43:17,2026-08-19,2026-08,05,2026-08-18 05:43:17,2026-08-18 05:43:17,-1.0,1.0,84.01188554227257,credit_card,0.0
714df7fb-5c0c-449e-aea7-85514c713ebf,retained_27b4c840,Test City,XX,delivered,2026-08-19 05:43:17,2026-08-19,2026-08,05,2026-08-18 05:43:17,2026-08-18 05:43:17,-1.0,1.0,55.41639496540427,credit_card,0.0
7cbd1257-f30f-4ca2-8e0d-aaced116d46b,retained_66c654e5,Test City,XX,delivered,2026-08-19 05:43:17,2026-08-19,2026-08,05,2026-08-18 05:43:17,2026-08-18 05:43:17,-1.0,1.0,122.03676840898302,credit_card,0.0
ad835839-d774-4e4c-948f-095f181808a8,new_588f23dc,Test City,XX,delivered,2026-08-19 04:43:17,2026-08-19,2026-08,04,2026-08-18 04:43:17,2026-08-18 04:43:17,-1.0,1.0,95.61374332561853,credit_card,0.0
e5e8ef83-94b7-415a-8d0b-7586ed32035e,new_ed186d93,Test City,XX,delivered,2026-08-19 04:43:17,2026-08-19,2026-08,04,2026-08-18 04:43:17,2026-08-18 04:43:17,-1.0,1.0,98.68890188286507,credit_card,0.0
1e9e5781-7121-417b-83a8-b5b4e82ecebb,new_1216c665,Test City,XX,delivered,2026-08-19 04:43:17,2026-08-19,2026-08,04,2026-08-18 04:43:17,2026-08-18 04:43:17,-1.0,1.0,64.14198277585808,credit_card,0.0
2ea7e1a5-d983-4487-9618-6c5877bdd048,new_e0bf1f5e,Test City,XX,delivered,2026-08-19 04:43:17,2026-08-19,2026-08,04,2026-08-18 04:43:17,2026-08-18 04:43:17,-1.0,1.0,109.1644919995239,credit_card,0.0
ba3ff90c-0d56-4d61-a3c3-5c79db353d78,new_b2029734,Test City,XX,delivered,2026-08-19 03:43:17,2026-08-19,2026-08,03,2026-08-18 03:43:17,2026-08-18 03:43:17,-1.0,1.0,148.6273453601036,credit_card,0.0
c7154eef-c8bd-4684-9e8e-b11b8c3ad543,retained_7f97f9d9,Test City,XX,delivered,2026-08-19 03:43:17,2026-08-19,2026-08,03,2026-08-18 03:43:17,2026-08-18 03:43:17,-1.0,1.0,107.36521087949805,credit_card,0.0
fe9c5754-2d89-4ea8-928c-8a0ef6ea3d37,new_7e3a11a3,Test City,XX,delivered,2026-08-19 02:43:17,2026-08-19,2026-08,02,2026-08-18 02:43:17,2026-08-18 02:43:17,-1.0,1.0,64.80402789003568,credit_card,0.0
c8eab22c-84d5-460d-997e-8805dda5e848,new_3dd846ff,Test City,XX,delivered,2026-08-19 02:43:17,2026-08-19,2026-08,02,2026-08-18 02:43:17,2026-08-18 02:43:17,-1.0,1.0,148.46701852201403,credit_card,0.0
9231bee0-e9af-4c49-b4ff-1894f16ba159,new_54b7d4b4,Test City,XX,delivered,2026-08-19 01:43:17,2026-08-19,2026-08,01,2026-08-18 01:43:17,2026-08-18 01:43:17,-1.0,1.0,104.98545993934536,credit_card,0.0
f76c8ed7-5338-4d47-9c0b-4b821cd42010,retained_be36b464,Test City,XX,delivered,2026-08-19 01:43:17,2026-08-19,2026-08,01,2026-08-18 01:43:17,2026-08-18 01:43:17,-1.0,1.0,107.10350234866857,credit_card,0.0
c4d62765-2bd7-4b0d-8a48-7800dcd97244,retained_874924ac,Test City,XX,delivered,2026-08-19 01:43:17,2026-08-19,2026-08,01,2026-08-18 01:43:17,2026-08-18 01:43:17,-1.0,1.0,147.03648084384463,credit_card,0.0
a4863afc-15ac-43c3-b653-ff096ee7fd46,new_c39dbaa6,Test City,XX,delivered,2026-08-19 00:43:17,2026-08-19,2026-08,00,2026-08-18 00:43:17,2026-08-18 00:43:17,-1.0,1.0,127.5894733783648,credit_card,0.0
ec9ebbe4-4204-4852-a6d2-e6cb369a9e0a,new_4ef74680,Test City,XX,delivered,2026-08-19 00:43:17,2026-08-19,2026-08,00,2026-08-18 00:43:17,2026-08-18 00:43:17,-1.0,1.0,71.06168602441886,credit_card,0.0
d39c3d2d-aa12-44fe-a998-5302ab1de239,new_783502f1,Test City,XX,delivered,2026-08-18 23:43:17,2026-08-18,2026-08,23,2026-08-17 23:43:17,2026-08-17 23:43:17,-1.0,1.0,124.73679112269198,credit_card,0.0
8dedb510-3e01-44b4-a103-877ac7a71c89,new_5f39c31d,Test City,XX,delivered,2026-08-18 23:43:17,2026-08-18,2026-08,23,2026-08-17 23:43:17,2026-08-17 23:43:17,-1.0,1.0,136.13426833192077,credit_card,0.0
afb784e2-e395-4205-967a-49aa75bddccc,new_ca587ce3,Test City,XX,delivered,2026-08-18 10:43:17,2026-08-18,2026-08,10,2026-08-17 10:43:17,2026-08-17 10:43:17,-1.0,1.0,54.61694510975376,credit_card,0.0
fe95aa9a-216d-45b9-999f-563e646769c7,new_895526aa,Test City,XX,delivered,2026-08-18 10:43:17,2026-08-18,2026-08,10,2026-08-17 10:43:17,2026-08-17 10:43:17,-1.0,1.0,97.81409172524414,credit_card,0.0
90fef4e6-814c-4856-866b-11569010de0a,new_7ce8eb0d,Test City,XX,delivered,2026-08-18 10:43:17,2026-08-18,2026-08,10,2026-08-17 10:43:17,2026-08-17 10:43:17,-1.0,1.0,138.83797937027822,credit_card,0.0
dff50243-1dc3-4fc7-8a47-1dd7d4b6f2ac,new_09829b4e,Test City,XX,delivered,2026-08-18 09:43:17,2026-08-18,2026-08,09,2026-08-17 09:43:17,2026-08-17 09:43:17,-1.0,1.0,56.07738554739854,credit_card,0.0
cad682be-dd30-4500-aded-25515691d306,new_66569776,Test City,XX,delivered,2026-08-18 09:43:17,2026-08-18,2026-08,09,2026-08-17 09:43:17,2026-08-17 09:43:17,-1.0,1.0,85.47492375135678,credit_card,0.0
bd4cca78-6ce4-4e81-8544-e28d240b9a37,new_28ead17f,Test City,XX,delivered,2026-08-18 09:43:17,2026-08-18,2026-08,09,2026-08-17 09:43:17,2026-08-17 09:43:17,-1.0,1.0,96.10067934344838,credit_card,0.0
6eaeb42d-a60c-41f2-b751-ad0f808dc2d7,new_3e136125,Test City,XX,delivered,2026-08-18 09:43:17,2026-08-18,2026-08,09,2026-08-17 09:43:17,2026-08-17 09:43:17,-1.0,1.0,86.31732491701663,credit_card,0.0
7f16f5f2-24b0-4cbe-9d70-724aa623d106,new_ac310721,Test City,XX,delivered,2026-08-18 09:43:17,2026-08-18,2026-08,09,2026-08-17 09:43:17,2026-08-17 09:43:17,-1.0,1.0,53.10990502285476,credit_card,0.0
a681461d-3b95-407c-ab94-22a3e5925e92,new_fb1a9694,Test City,XX,delivered,2026-08-18 08:43:17,2026-08-18,2026-08,08,2026-08-17 08:43:17,2026-08-17 08:43:17,-1.0,1.0,80.46899706963438,credit_card,0.0
7d37d1ea-84e2-443b-93cf-3138607a061c,new_ac161320,Test City,XX,delivered,2026-08-18 08:43:17,2026-08-18,2026-08,08,2026-08-17 08:43:17,2026-08-17 08:43:17,-1.0,1.0,90.43477626257297,credit_card,0.0
cf0dc3be-8e51-46f1-af16-1ad55c243ddd,new_0bb7e59b,Test City,XX,delivered,2026-08-18 08:43:17,2026-08-18,2026-08,08,2026-08-17 08:43:17,2026-08-17 08:43:17,-1.0,1.0,90.78148399027191,credit_card,0.0
62d5dd46-9fa9-4e48-b0c4-cc7f00ae1205,new_74eeb434,Test City,XX,delivered,2026-08-18 08:43:17,2026-08-18,2026-08,08,2026-08-17 08:43:17,2026-08-17 08:43:17,-1.0,1.0,54.31723222000029,credit_card,0.0
eedf8d02-e891-4dc4-b38c-848f000f0aa9,retained_f0cb89d4,Test City,XX,delivered,2026-08-18 08:43:17,2026-08-18,2026-08,08,2026-08-17 08:43:17,2026-08-17 08:43:17,-1.0,1.0,136.20158648220195,credit_card,0.0
a7f08476-af11-49cf-a361-1ceda8d1ed37,retained_032f61af,Test City,XX,delivered,2026-08-18 08:43:17,2026-08-18,2026-08,08,2026-08-17 08:43:17,2026-08-17 08:43:17,-1.0,1.0,79.73801335687112,credit_card,0.0
3870e4b1-bd97-4a70-b751-abc5e456544c,new_8079033c,Test City,XX,delivered,2026-08-18 07:43:17,2026-08-18,2026-08,07,2026-08-17 07:43:17,2026-08-17 07:43:17,-1.0,1.0,95.71473442011683,credit_card,0.0
e56b316b-dbba-4c07-b40b-9c5bb661ecbe,new_67eeba99,Test City,XX,delivered,2026-08-18 07:43:17,2026-08-18,2026-08,07,2026-08-17 07:43:17,2026-08-17 07:43:17,-1.0,1.0,54.71258196298948,credit_card,0.0
a198fe50-d49c-4e79-9eac-ad0002b72519,new_b8c5b4fb,Test City,XX,delivered,2026-08-18 07:43:17,2026-08-18,2026-08,07,2026-08-17 07:43:17,2026-08-17 07:43:17,-1.0,1.0,115.20758641834219,credit_card,0.0
ad36b277-a98c-4096-beaa-dbf2a667fc40,retained_799e56ea,Test City,XX,delivered,2026-08-18 07:43:17,2026-08-18,2026-08,07,2026-08-17 07:43:17,2026-08-17 07:43:17,-1.0,1.0,139.78169683094842,credit_card,0.0
9ece8448-1399-41f7-b1b2-cab2e990df21,new_f4e1c3a0,Test City,XX,delivered,2026-08-18 05:43:17,2026-08-18,2026-08,05,2026-08-17 05:43:17,2026-08-17 05:43:17,-1.0,1.0,123.39160024709048,credit_card,0.0
35f646a3-512c-4b2c-8bcb-72399101206d,retained_3e8db31a,Test City,XX,delivered,2026-08-18 05:43:17,2026-08-18,2026-08,05,2026-08-17 05:43:17,2026-08-17 05:43:17,-1.0,1.0,75.207823700283,credit_card,0.0
a644fdab-2be9-4af7-856b-6abea9914ada,new_c4f73d48,Test City,XX,delivered,2026-08-18 03:43:17,2026-08-18,2026-08,03,2026-08-17 03:43:17,2026-08-17 03:43:17,-1.0,1.0,109.61137893363502,credit_card,0.0
25bf133c-2a5f-4ab0-a4a4-c17f76b8bfe7,retained_3e21a02b,Test City,XX,delivered,2026-08-18 03:43:17,2026-08-18,2026-08,03,2026-08-17 03:43:17,2026-08-17 03:43:17,-1.0,1.0,115.82765381594693,credit_card,0.0
cc4cbbad-6145-4f5d-81c6-2f60e9b23290,new_8ff081fe,Test City,XX,delivered,2026-08-18 02:43:17,2026-08-18,2026-08,02,2026-08-17 02:43:17,2026-08-17 02:43:17,-1.0,1.0,99.25310706023953,credit_card,0.0
2188942c-8a98-41a0-8de0-eddc6df49e65,new_4ad0f458,Test City,XX,delivered,2026-08-18 02:43:17,2026-08-18,2026-08,02,2026-08-17 02:43:17,2026-08-17 02:43:17,-1.0,1.0,144.9795844158135,credit_card,0.0
f6b2fdc4-e6f4-48d0-98ef-ba1e31fa5a26,new_68b53e7f,Test City,XX,delivered,2026-08-18 02:43:17,2026-08-18,2026-08,02,2026-08-17 02:43:17,2026-08-17 02:43:17,-1.0,1.0,104.71666919113392,credit_card,0.0
952f4dcc-e460-4e0b-854a-4f5aad1946c2,new_6d734d43,Test City,XX,delivered,2026-08-18 02:43:17,2026-08-18,2026-08,02,2026-08-17 02:43:17,2026-08-17 02:43:17,-1.0,1.0,105.95414687981793,credit_card,0.0
c2c45474-3ae1-4e73-96d7-648b27e2c395,new_14138254,Test City,XX,delivered,2026-08-18 02:43:17,2026-08-18,2026-08,02,2026-08-17 02:43:17,2026-08-17 02:43:17,-1.0,1.0,62.52111561194988,credit_card,0.0
808b125d-458c-4215-a545-3755a1867b88,new_431b05c3,Test City,XX,delivered,2026-08-18 01:43:17,2026-08-18,2026-08,01,2026-08-17 01:43:17,2026-08-17 01:43:17,-1.0,1.0,98.01475853980337,credit_card,0.0
8fc89ed0-77ca-43f1-b373-506d5ef49b90,new_ac0b690e,Test City,XX,delivered,2026-08-18 01:43:17,2026-08-18,2026-08,01,2026-08-17 01:43:17,2026-08-17 01:43:17,-1.0,1.0,135.44697449704995,credit_card,0.0
65b03fb2-6815-4f4d-8b64-0c96675bd11e,new_64bfcf74,Test City,XX,delivered,2026-08-18 01:43:17,2026-08-18,2026-08,01,2026-08-17 01:43:17,2026-08-17 01:43:17,-1.0,1.0,76.34279036754948,credit_card,0.0
1649e483-09ce-4399-96a2-1deeb7deb224,new_b8f878f2,Test City,XX,delivered,2026-08-18 00:43:17,2026-08-18,2026-08,00,2026-08-17 00:43:17,2026-08-17 00:43:17,-1.0,1.0,127.44110442268126,credit_card,0.0
81310e6e-ebe3-4896-94f8-f833517d5f68,new_24917566,Test City,XX,delivered,2026-08-18 00:43:17,2026-08-18,2026-08,00,2026-08-17 00:43:17,2026-08-17 00:43:17,-1.0,1.0,123.48266998051207,credit_card,0.0
62628179-0eb1-4da8-8175-f87ec43938b7,new_53d25b7d,Test City,XX,delivered,2026-08-18 00:43:17,2026-08-18,2026-08,00,2026-08-17 00:43:17,2026-08-17 00:43:17,-1.0,1.0,144.01233998313006,credit_card,0.0
87004557-f44b-4b6d-a7e5-f49d27e0a12d,new_a5970a33,Test City,XX,delivered,2026-08-18 00:43:17,2026-08-18,2026-08,00,2026-08-17 00:43:17,2026-08-17 00:43:17,-1.0,1.0,101.71321923772754,credit_card,0.0
4620abf6-9543-484f-b21d-b8a6afc0b929,new_0a885e52,Test City,XX,delivered,2026-08-18 00:43:17,2026-08-18,2026-08,00,2026-08-17 00:43:17,2026-08-17 00:43:17,-1.0,1.0,116.77520855829925,credit_card,0.0
22afc2d3-f0e3-457d-9d07-9d32f7a1fc8e,new_c93c3cce,Test City,XX,delivered,2026-08-18 00:43:17,2026-08-18,2026-08,00,2026-08-17 00:43:17,2026-08-17 00:43:17,-1.0,1.0,80.127026936768,credit_card,0.0
a3c80404-037d-49ce-b4bd-7f641a51ec55,retained_bcfbd417,Test City,XX,delivered,2026-08-18 00:43:17,2026-08-18,2026-08,00,2026-08-17 00:43:17,2026-08-17 00:43:17,-1.0,1.0,115.8859744572333,credit_card,0.0
61708c55-635e-40bf-83b8-460d7ad5d1fb,retained_642ee069,Test City,XX,delivered,2026-08-17 10:43:17,2026-08-17,2026-08,10,2026-08-16 10:43:17,2026-08-16 10:43:17,-1.0,1.0,109.08515281523694,credit_card,0.0
be9995b4-4071-4f76-9434-f991e12e0a50,retained_16d3bfa1,Test City,XX,delivered,2026-08-17 10:43:17,2026-08-17,2026-08,10,2026-08-16 10:43:17,2026-08-16 10:43:17,-1.0,1.0,138.58794371185436,credit_card,0.0
47bf7609-9c4c-4d47-aef3-6cc5c239b9dc,retained_1f3b25fc,Test City,XX,delivered,2026-08-17 10:43:17,2026-08-17,2026-08,10,2026-08-16 10:43:17,2026-08-16 10:43:17,-1.0,1.0,82.10393770694046,credit_card,0.0
2b7b5b30-da12-4874-9704-7deb4a6a6a06,churn_1dca85ab,Test City,XX,delivered,2026-08-17 10:43:17,2026-08-17,2026-08,10,2026-08-16 10:43:17,2026-08-16 10:43:17,-1.0,1.0,84.26666551583212,credit_card,0.0
c436da81-d8ee-4ef6-8fb7-1810a1c24566,churn_023a3140,Test City,XX,delivered,2026-08-17 10:43:17,2026-08-17,2026-08,10,2026-08-16 10:43:17,2026-08-16 10:43:17,-1.0,1.0,58.30759668461296,credit_card,0.0
965c36c9-f02c-4d0a-9557-7836e16be6d6,churn_abad054c,Test City,XX,delivered,2026-08-17 10:43:17,2026-08-17,2026-08,10,2026-08-16 10:43:17,2026-08-16 10:43:17,-1.0,1.0,117.30162377898401,credit_card,0.0
c8448d43-9fef-4d1e-9fbf-2a7c0b9411f0,churn_30cd8745,Test City,XX,delivered,2026-08-17 10:43:17,2026-08-17,2026-08,10,2026-08-16 10:43:17,2026-08-16 10:43:17,-1.0,1.0,118.36898255005784,credit_card,0.0
4e7af1cd-3d02-485a-aba0-8d4088c99d75,new_b42fffcd,Test City,XX,delivered,2026-08-17 09:43:17,2026-08-17,2026-08,09,2026-08-16 09:43:17,2026-08-16 09:43:17,-1.0,1.0,50.82716632121392,credit_card,0.0
f0362a76-fed1-479a-ab27-2ad067c7120b,new_8cf0b8f6,Test City,XX,delivered,2026-08-17 09:43:17,2026-08-17,2026-08,09,2026-08-16 09:43:17,2026-08-16 09:43:17,-1.0,1.0,66.80097928880265,credit_card,0.0
f3c8e9b2-0665-4a49-bff9-4c4fbb1ed125,new_bf8ddd96,Test City,XX,delivered,2026-08-17 09:43:17,2026-08-17,2026-08,09,2026-08-16 09:43:17,2026-08-16 09:43:17,-1.0,1.0,74.3876179771729,credit_card,0.0
a50eb6c9-bc41-4ad1-95b9-d6f8455084e7,retained_6d1e0e07,Test City,XX,delivered,2026-08-17 09:43:17,2026-08-17,2026-08,09,2026-08-16 09:43:17,2026-08-16 09:43:17,-1.0,1.0,106.70296981354079,credit_card,0.0
92637e62-0cf3-481f-af2d-0bbe0e88362c,churn_323b3eb5,Test City,XX,delivered,2026-08-17 09:43:17,2026-08-17,2026-08,09,2026-08-16 09:43:17,2026-08-16 09:43:17,-1.0,1.0,146.8193490214566,credit_card,0.0
8848c8a7-1b65-4077-a31a-6dc957eddcce,new_8de8754d,Test City,XX,delivered,2026-08-17 08:43:17,2026-08-17,2026-08,08,2026-08-16 08:43:17,2026-08-16 08:43:17,-1.0,1.0,125.9290156544836,credit_card,0.0
d71dfff7-aa14-4639-a942-3daeef2d6946,retained_bea18f48,Test City,XX,delivered,2026-08-17 08:43:17,2026-08-17,2026-08,08,2026-08-16 08:43:17,2026-08-16 08:43:17,-1.0,1.0,64.2549234526962,credit_card,0.0
d0fc168b-d48c-4cee-a558-42b33f17fa76,retained_e39fc251,Test City,XX,delivered,2026-08-17 08:43:17,2026-08-17,2026-08,08,2026-08-16 08:43:17,2026-08-16 08:43:17,-1.0,1.0,65.2984416296563,credit_card,0.0
8f9b6438-5a60-41d3-a421-7f02e8e7a125,retained_3b1d4fa2,Test City,XX,delivered,2026-08-17 08:43:17,2026-08-17,2026-08,08,2026-08-16 08:43:17,2026-08-16 08:43:17,-1.0,1.0,88.05097071661834,credit_card,0.0
86eb3414-4f51-4c90-a823-7343fc87ff34,churn_2a45e4b3,Test City,XX,delivered,2026-08-17 08:43:17,2026-08-17,2026-08,08,2026-08-16 08:43:17,2026-08-16 08:43:17,-1.0,1.0,76.31898559050484,credit_card,0.0
7fc4ead9-55b6-46bb-8633-63c89430aac3,churn_cf4fb22b,Test City,XX,delivered,2026-08-17 08:43:17,2026-08-17,2026-08,08,2026-08-16 08:43:17,2026-08-16 08:43:17,-1.0,1.0,125.20602903295863,credit_card,0.0
21fb0b48-4bdf-44ce-8480-e5fc342d10da,churn_94a82708,Test City,XX,delivered,2026-08-17 08:43:17,2026-08-17,2026-08,08,2026-08-16 08:43:17,2026-08-16 08:43:17,-1.0,1.0,142.87283468380184,credit_card,0.0
2ffa8657-7692-465c-b8d2-7bf1d2df120a,new_b2fd3b43,Test City,XX,delivered,2026-08-17 07:43:17,2026-08-17,2026-08,07,2026-08-16 07:43:17,2026-08-16 07:43:17,-1.0,1.0,107.28048499666018,credit_card,0.0
a90296dc-01ce-49a1-a6a4-8a247fd9d425,new_61c6768b,Test City,XX,delivered,2026-08-17 07:43:17,2026-08-17,2026-08,07,2026-08-16 07:43:17,2026-08-16 07:43:17,-1.0,1.0,66.062994392214,credit_card,0.0
c90bc31c-0743-4838-bab3-8d387a1dea25,new_3c32108a,Test City,XX,delivered,2026-08-17 07:43:17,2026-08-17,2026-08,07,2026-08-16 07:43:17,2026-08-16 07:43:17,-1.0,1.0,90.15013479806544,credit_card,0.0
25833f09-f237-4452-b90a-0978c39ecd6b,retained_504f8ef5,Test City,XX,delivered,2026-08-17 07:43:17,2026-08-17,2026-08,07,2026-08-16 07:43:17,2026-08-16 07:43:17,-1.0,1.0,90.19996749622824,credit_card,0.0
ac8e4909-9fde-4673-8b23-74a58fded45d,retained_fd7cebf6,Test City,XX,delivered,2026-08-17 07:43:17,2026-08-17,2026-08,07,2026-08-16 07:43:17,2026-08-16 07:43:17,-1.0,1.0,94.47478425197058,credit_card,0.0
3104497e-423e-4d3f-8288-5c17ebca1079,retained_62cfc0ae,Test City,XX,delivered,2026-08-17 07:43:17,2026-08-17,2026-08,07,2026-08-16 07:43:17,2026-08-16 07:43:17,-1.0,1.0,141.638858049708,credit_card,0.0
2b8291f6-a75d-4c5f-a22c-07f6806ebe5c,churn_4b6f210d,Test City,XX,delivered,2026-08-17 07:43:17,2026-08-17,2026-08,07,2026-08-16 07:43:17,2026-08-16 07:43:17,-1.0,1.0,111.77944649262452,credit_card,0.0
6c338d6e-d765-426a-9082-9e66374cc5c0,churn_dbc330cd,Test City,XX,delivered,2026-08-17 07:43:17,2026-08-17,2026-08,07,2026-08-16 07:43:17,2026-08-16 07:43:17,-1.0,1.0,62.472419373068,credit_card,0.0
6e477751-ed2a-4f05-bfb6-2be013703d2f,churn_47ebc05c,Test City,XX,delivered,2026-08-17 07:43:17,2026-08-17,2026-08,07,2026-08-16 07:43:17,2026-08-16 07:43:17,-1.0,1.0,56.5633416111654,credit_card,0.0
ad560911-2595-4c94-b3ad-7da7cf3aad5e,new_7678f165,Test City,XX,delivered,2026-08-17 06:43:17,2026-08-17,2026-08,06,2026-08-16 06:43:17,2026-08-16 06:43:17,-1.0,1.0,55.2773764813843,credit_card,0.0
af1b8dd2-39ee-4fb3-94b6-d098d7b1ef53,new_4c9d5422,Test City,XX,delivered,2026-08-17 06:43:17,2026-08-17,2026-08,06,2026-08-16 06:43:17,2026-08-16 06:43:17,-1.0,1.0,117.31321899668987,credit_card,0.0
bae63f76-260e-4c0c-8aa4-b7200f29e7bd,churn_27dac4f0,Test City,XX,delivered,2026-08-17 06:43:17,2026-08-17,2026-08,06,2026-08-16 06:43:17,2026-08-16 06:43:17,-1.0,1.0,80.38766746710756,credit_card,0.0
40994ede-b030-4708-a25d-b89c1e0d6c3c,churn_ffc21cd5,Test City,XX,delivered,2026-08-17 06:43:17,2026-08-17,2026-08,06,2026-08-16 06:43:17,2026-08-16 06:43:17,-1.0,1.0,106.4733085132112,credit_card,0.0
2f4f4eb2-4f1c-4a7a-8fd5-61491333ab22,churn_0f5e54f1,Test City,XX,delivered,2026-08-17 06:43:17,2026-08-17,2026-08,06,2026-08-16 06:43:17,2026-08-16 06:43:17,-1.0,1.0,111.29912682424327,credit_card,0.0
2cc0054e-2c0f-42a8-8b16-74fc9a57d1e0,churn_5527b8ae,Test City,XX,delivered,2026-08-17 06:43:17,2026-08-17,2026-08,06,2026-08-16 06:43:17,2026-08-16 06:43:17,-1.0,1.0,143.5931914792547,credit_card,0.0
e5f9aa34-6e90-4583-8843-8670b9def303,new_54b7d4b4,Test City,XX,delivered,2026-08-17 05:43:17,2026-08-17,2026-08,05,2026-08-16 05:43:17,2026-08-16 05:43:17,-1.0,1.0,92.52195752234755,credit_card,0.0
fd5c23ff-25c5-46bc-924c-bdab53cbb92c,new_2533369c,Test City,XX,delivered,2026-08-17 05:43:17,2026-08-17,2026-08,05,2026-08-16 05:43:17,2026-08-16 05:43:17,-1.0,1.0,66.3071923010718,credit_card,0.0
1f15d801-e3b6-4bb4-bced-9027914c118d,churn_303b6d34,Test City,XX,delivered,2026-08-17 05:43:17,2026-08-17,2026-08,05,2026-08-16 05:43:17,2026-08-16 05:43:17,-1.0,1.0,137.48460366371933,credit_card,0.0
fbf04aa4-ff20-4693-ad3c-818fb79c51ec,churn_ab90d4ec,Test City,XX,delivered,2026-08-17 05:43:17,2026-08-17,2026-08,05,2026-08-16 05:43:17,2026-08-16 05:43:17,-1.0,1.0,81.95092475691122,credit_card,0.0
a1ab592b-6de9-48e3-ae0a-9436507b05e5,churn_d35b7ccd,Test City,XX,delivered,2026-08-17 05:43:17,2026-08-17,2026-08,05,2026-08-16 05:43:17,2026-08-16 05:43:17,-1.0,1.0,138.02086218573362,credit_card,0.0
8a42e5c6-5630-44e6-907f-cc3791b6ee3e,new_9dbd8334,Test City,XX,delivered,2026-08-17 04:43:17,2026-08-17,2026-08,04,2026-08-16 04:43:17,2026-08-16 04:43:17,-1.0,1.0,70.3465056483656,credit_card,0.0
f6aa7512-d807-454c-9250-8a7e54f838bb,new_140e2370,Test City,XX,delivered,2026-08-17 04:43:17,2026-08-17,2026-08,04,2026-08-16 04:43:17,2026-08-16 04:43:17,-1.0,1.0,124.65939865131487,credit_card,0.0
55ff6875-beb5-4b9a-a949-fba2b2c97bd9,new_030e3027,Test City,XX,delivered,2026-08-17 04:43:17,2026-08-17,2026-08,04,2026-08-16 04:43:17,2026-08-16 04:43:17,-1.0,1.0,72.80299265556621,credit_card,0.0
444968ec-f2e6-40a6-ad6e-740d50510396,retained_2b9ef1e5,Test City,XX,delivered,2026-08-17 04:43:17,2026-08-17,2026-08,04,2026-08-16 04:43:17,2026-08-16 04:43:17,-1.0,1.0,64.71619621003858,credit_card,0.0
f52bd61c-5e05-4653-9014-e7d47d43baad,retained_073a41fb,Test City,XX,delivered,2026-08-17 04:43:17,2026-08-17,2026-08,04,2026-08-16 04:43:17,2026-08-16 04:43:17,-1.0,1.0,137.8895142768672,credit_card,0.0
53f02396-1fd9-43ec-b78a-90e526293ca9,churn_7b6badda,Test City,XX,delivered,2026-08-17 04:43:17,2026-08-17,2026-08,04,2026-08-16 04:43:17,2026-08-16 04:43:17,-1.0,1.0,113.31944295472769,credit_card,0.0
a9c5fa9a-aa0f-4059-9e1a-e5e75629198c,churn_f33f82ee,Test City,XX,delivered,2026-08-17 04:43:17,2026-08-17,2026-08,04,2026-08-16 04:43:17,2026-08-16 04:43:17,-1.0,1.0,123.41936876926162,credit_card,0.0
1a74ec75-e015-44bf-9c44-f68f8ef8ec44,churn_f7af9db1,Test City,XX,delivered,2026-08-17 04:43:17,2026-08-17,2026-08,04,2026-08-16 04:43:17,2026-08-16 04:43:17,-1.0,1.0,85.48288546212854,credit_card,0.0
79e51ed1-e8e7-4426-9785-ae8f1afb279b,churn_37eb69d5,Test City,XX,delivered,2026-08-17 04:43:17,2026-08-17,2026-08,04,2026-08-16 04:43:17,2026-08-16 04:43:17,-1.0,1.0,75.59166700129195,credit_card,0.0
29a6fcc3-3308-4d14-9fbb-309fb3c97dac,churn_d4cdc845,Test City,XX,delivered,2026-08-17 04:43:17,2026-08-17,2026-08,04,2026-08-16 04:43:17,2026-08-16 04:43:17,-1.0,1.0,127.1713322912537,credit_card,0.0
d14afbc4-5480-4c23-a7c2-bd7eb7c82533,churn_e9afd50d,Test City,XX,delivered,2026-08-17 04:43:17,2026-08-17,2026-08,04,2026-08-16 04:43:17,2026-08-16 04:43:17,-1.0,1.0,63.32872412645586,credit_card,0.0
8980caae-b342-4c68-b625-72c2ca4b3f39,churn_b4d7da75,Test City,XX,delivered,2026-08-17 04:43:17,2026-08-17,2026-08,04,2026-08-16 04:43:17,2026-08-16 04:43:17,-1.0,1.0,132.29782980330978,credit_card,0.0
35acc348-1805-4fea-aa09-50cc268e0bf7,new_ac5a7649,Test City,XX,delivered,2026-08-17 03:43:17,2026-08-17,2026-08,03,2026-08-16 03:43:17,2026-08-16 03:43:17,-1.0,1.0,117.04837317555055,credit_card,0.0
09e732d3-b15a-4ee3-a443-e17516e031ed,new_d5699377,Test City,XX,delivered,2026-08-17 03:43:17,2026-08-17,2026-08,03,2026-08-16 03:43:17,2026-08-16 03:43:17,-1.0,1.0,122.14616533738246,credit_card,0.0
001f9e4b-f03b-4e9d-9c2c-6e8d4ed3cc8b,new_ff94c1e0,Test City,XX,delivered,2026-08-17 03:43:17,2026-08-17,2026-08,03,2026-08-16 03:43:17,2026-08-16 03:43:17,-1.0,1.0,137.26009040531451,credit_card,0.0
22b16faa-f47b-4dc8-83dd-1afc44e0345a,new_bad0faea,Test City,XX,delivered,2026-08-17 03:43:17,2026-08-17,2026-08,03,2026-08-16 03:43:17,2026-08-16 03:43:17,-1.0,1.0,135.87641494012487,credit_card,0.0
284cc9b8-efd2-4039-bca7-5ed420855c66,new_4e043fb8,Test City,XX,delivered,2026-08-17 03:43:17,2026-08-17,2026-08,03,2026-08-16 03:43:17,2026-08-16 03:43:17,-1.0,1.0,89.79247605733681,credit_card,0.0
95b32b12-1363-45b0-b5fa-7e766de0af46,new_0d083c0c,Test City,XX,delivered,2026-08-17 03:43:17,2026-08-17,2026-08,03,2026-08-16 03:43:17,2026-08-16 03:43:17,-1.0,1.0,96.293385217838,credit_card,0.0
2d671dd7-e80e-4d10-8549-c85bd7737327,retained_f39e3138,Test City,XX,delivered,2026-08-17 03:43:17,2026-08-17,2026-08,03,2026-08-16 03:43:17,2026-08-16 03:43:17,-1.0,1.0,96.29958925736955,credit_card,0.0
4faca41f-4c82-49d2-b6b0-8fff271b0534,retained_dc3c8772,Test City,XX,delivered,2026-08-17 03:43:17,2026-08-17,2026-08,03,2026-08-16 03:43:17,2026-08-16 03:43:17,-1.0,1.0,119.00136640437529,credit_card,0.0
efecd79c-b389-41be-960d-e9747ae3cf53,retained_f0cb89d4,Test City,XX,delivered,2026-08-17 03:43:17,2026-08-17,2026-08,03,2026-08-16 03:43:17,2026-08-16 03:43:17,-1.0,1.0,68.38043194469427,credit_card,0.0
6983c991-e5e0-489f-8760-e528ef666c4d,retained_38506fc7,Test City,XX,delivered,2026-08-17 03:43:17,2026-08-17,2026-08,03,2026-08-16 03:43:17,2026-08-16 03:43:17,-1.0,1.0,103.71643468534253,credit_card,0.0
f1dfd907-4cd3-4cf4-a8ba-46de3ddc7a07,churn_5e57e4ec,Test City,XX,delivered,2026-08-17 03:43:17,2026-08-17,2026-08,03,2026-08-16 03:43:17,2026-08-16 03:43:17,-1.0,1.0,124.31960843365233,credit_card,0.0
93cce4f5-2aa3-416e-a3a9-d5057cee25aa,churn_4055dccc,Test City,XX,delivered,2026-08-17 03:43:17,2026-08-17,2026-08,03,2026-08-16 03:43:17,2026-08-16 03:43:17,-1.0,1.0,77.71077770630647,credit_card,0.0
47be15a4-4f7e-4e4c-b4a4-0a9f50ae4fd6,churn_411c6e54,Test City,XX,delivered,2026-08-17 03:43:17,2026-08-17,2026-08,03,2026-08-16 03:43:17,2026-08-16 03:43:17,-1.0,1.0,117.79832470494976,credit_card,0.0
46cf733b-2e4b-409d-8fef-a9389dbd6bf5,retained_98976e0f,Test City,XX,delivered,2026-08-17 02:43:17,2026-08-17,2026-08,02,2026-08-16 02:43:17,2026-08-16 02:43:17,-1.0,1.0,60.28186829271739,credit_card,0.0
b965e363-14a3-49c1-8ee9-5d3ccc86c077,retained_6769a39f,Test City,XX,delivered,2026-08-17 02:43:17,2026-08-17,2026-08,02,2026-08-16 02:43:17,2026-08-16 02:43:17,-1.0,1.0,85.03095279846636,credit_card,0.0
9aca5ce7-7f2a-4bef-a7dc-e833040b24a9,retained_57525ca8,Test City,XX,delivered,2026-08-17 02:43:17,2026-08-17,2026-08,02,2026-08-16 02:43:17,2026-08-16 02:43:17,-1.0,1.0,74.77575771279434,credit_card,0.0
240d7a75-a9a5-4ddd-ab70-8faabb594a0c,retained_3e8db31a,Test City,XX,delivered,2026-08-17 02:43:17,2026-08-17,2026-08,02,2026-08-16 02:43:17,2026-08-16 02:43:17,-1.0,1.0,66.92079247175789,credit_card,0.0
b781c517-a764-42cc-bf95-186ceb1ea1a3,churn_235e35b5,Test City,XX,delivered,2026-08-17 02:43:17,2026-08-17,2026-08,02,2026-08-16 02:43:17,2026-08-16 02:43:17,-1.0,1.0,67.39999419409276,credit_card,0.0
29bbb25c-eb31-491f-8799-6bc60235b7e2,churn_ef827f6c,Test City,XX,delivered,2026-08-17 02:43:17,2026-08-17,2026-08,02,2026-08-16 02:43:17,2026-08-16 02:43:17,-1.0,1.0,66.9334052209836,credit_card,0.0
28a06f2a-4079-4b49-99d6-92fa3c6ab448,new_f6906108,Test City,XX,delivered,2026-08-17 01:43:17,2026-08-17,2026-08,01,2026-08-16 01:43:17,2026-08-16 01:43:17,-1.0,1.0,142.71581166947902,credit_card,0.0
1282de7e-9fec-479d-941f-07f220c428c3,new_a7b83983,Test City,XX,delivered,2026-08-17 01:43:17,2026-08-17,2026-08,01,2026-08-16 01:43:17,2026-08-16 01:43:17,-1.0,1.0,135.5493184440851,credit_card,0.0
75f19db8-9b5a-4a2a-ab55-3966aa78b5bc,retained_7fb66e7a,Test City,XX,delivered,2026-08-17 01:43:17,2026-08-17,2026-08,01,2026-08-16 01:43:17,2026-08-16 01:43:17,-1.0,1.0,78.16491638347097,credit_card,0.0
53d1d35f-436e-4e93-91d5-8b71af264e11,retained_6dd91e87,Test City,XX,delivered,2026-08-17 01:43:17,2026-08-17,2026-08,01,2026-08-16 01:43:17,2026-08-16 01:43:17,-1.0,1.0,95.81503995136744,credit_card,0.0
ad39e85c-b22a-4620-ba97-d67ac1335d11,churn_d11edba2,Test City,XX,delivered,2026-08-17 01:43:17,2026-08-17,2026-08,01,2026-08-16 01:43:17,2026-08-16 01:43:17,-1.0,1.0,93.82810861845859,credit_card,0.0
780b23d2-7d00-4813-90f5-1c9a7eae0aa7,churn_f5170b89,Test City,XX,delivered,2026-08-17 01:43:17,2026-08-17,2026-08,01,2026-08-16 01:43:17,2026-08-16 01:43:17,-1.0,1.0,53.325877894381726,credit_card,0.0
4231457b-5547-4adb-8eca-6d61227a984f,new_7c3b699c,Test City,XX,delivered,2026-08-17 00:43:17,2026-08-17,2026-08,00,2026-08-16 00:43:17,2026-08-16 00:43:17,-1.0,1.0,112.12802891283854,credit_card,0.0
86746b49-14d9-497d-b70e-0946bc09dc0a,new_b7c55723,Test City,XX,delivered,2026-08-17 00:43:17,2026-08-17,2026-08,00,2026-08-16 00:43:17,2026-08-16 00:43:17,-1.0,1.0,105.41602254367851,credit_card,0.0
a216ca39-1441-41ca-b394-fb4b1de334b1,new_cf914883,Test City,XX,delivered,2026-08-17 00:43:17,2026-08-17,2026-08,00,2026-08-16 00:43:17,2026-08-16 00:43:17,-1.0,1.0,84.97790216783767,credit_card,0.0
e1d9f29c-a178-46b7-9aa3-c2400100db7a,new_4b4239f4,Test City,XX,delivered,2026-08-17 00:43:17,2026-08-17,2026-08,00,2026-08-16 00:43:17,2026-08-16 00:43:17,-1.0,1.0,98.31987202182879,credit_card,0.0
0067d175-c7fc-4dd6-92d8-ce47f28dbcd0,retained_ce4a17a1,Test City,XX,delivered,2026-08-17 00:43:17,2026-08-17,2026-08,00,2026-08-16 00:43:17,2026-08-16 00:43:17,-1.0,1.0,124.39638049040622,credit_card,0.0
cd885554-095b-432a-937b-2b36743ee43f,retained_cdfe66da,Test City,XX,delivered,2026-08-17 00:43:17,2026-08-17,2026-08,00,2026-08-16 00:43:17,2026-08-16 00:43:17,-1.0,1.0,122.08595794413475,credit_card,0.0
e67f3e24-63a5-403e-b4c9-8b67388ad485,retained_c68326b0,Test City,XX,delivered,2026-08-17 00:43:17,2026-08-17,2026-08,00,2026-08-16 00:43:17,2026-08-16 00:43:17,-1.0,1.0,72.80426949455608,credit_card,0.0
d1bc88e8-2069-412b-8e28-4c61bff0bb22,churn_6c5c7150,Test City,XX,delivered,2026-08-17 00:43:17,2026-08-17,2026-08,00,2026-08-16 00:43:17,2026-08-16 00:43:17,-1.0,1.0,89.73122263935505,credit_card,0.0
076b58e3-29a2-4202-bb51-619dc013643b,new_c21be7f0,Test City,XX,delivered,2026-08-16 23:43:17,2026-08-16,2026-08,23,2026-08-15 23:43:17,2026-08-15 23:43:17,-1.0,1.0,143.00619501841967,credit_card,0.0
3d38d5ae-2645-41b2-8c6e-1ad0818bb37b,churn_90f6bffc,Test City,XX,delivered,2026-08-16 23:43:17,2026-08-16,2026-08,23,2026-08-15 23:43:17,2026-08-15 23:43:17,-1.0,1.0,124.8475196759452,credit_card,0.0
61cac429-acfe-499c-8129-396e93a166ad,churn_231a3998,Test City,XX,delivered,2026-08-16 23:43:17,2026-08-16,2026-08,23,2026-08-15 23:43:17,2026-08-15 23:43:17,-1.0,1.0,118.34205067143156,credit_card,0.0
5204760d-8725-4931-8e94-b50363383f7d,churn_73f512d1,Test City,XX,delivered,2026-08-16 10:43:17,2026-08-16,2026-08,10,2026-08-15 10:43:17,2026-08-15 10:43:17,-1.0,1.0,59.48518886547731,credit_card,0.0
6d7bff58-d63f-40cf-9f43-4589ad605fbf,churn_6752b2b6,Test City,XX,delivered,2026-08-16 10:43:17,2026-08-16,2026-08,10,2026-08-15 10:43:17,2026-08-15 10:43:17,-1.0,1.0,82.0617911289444,credit_card,0.0
9f356aea-c662-4ee2-b39a-c8dedd2417cf,churn_58541795,Test City,XX,delivered,2026-08-16 10:43:17,2026-08-16,2026-08,10,2026-08-15 10:43:17,2026-08-15 10:43:17,-1.0,1.0,89.32543333658478,credit_card,0.0
71ba2fc6-7c0c-4e16-9096-c977d99b1210,churn_3a18836c,Test City,XX,delivered,2026-08-16 10:43:17,2026-08-16,2026-08,10,2026-08-15 10:43:17,2026-08-15 10:43:17,-1.0,1.0,80.62538729369832,credit_card,0.0
2c1c712b-0052-40b5-8565-646980a55c68,churn_992cbaf9,Test City,XX,delivered,2026-08-16 09:43:17,2026-08-16,2026-08,09,2026-08-15 09:43:17,2026-08-15 09:43:17,-1.0,1.0,112.93380712883544,credit_card,0.0
d20ab87f-356a-470b-aed7-bea788b72866,retained_2f82229f,Test City,XX,delivered,2026-08-16 08:43:17,2026-08-16,2026-08,08,2026-08-15 08:43:17,2026-08-15 08:43:17,-1.0,1.0,50.358810614793455,credit_card,0.0
bd3f835f-c224-42e4-8e3d-06c074584e73,churn_2700457b,Test City,XX,delivered,2026-08-16 08:43:17,2026-08-16,2026-08,08,2026-08-15 08:43:17,2026-08-15 08:43:17,-1.0,1.0,78.37287373671208,credit_card,0.0
d0e405c2-e48d-434f-ab59-db39826bf252,churn_9d96dfa8,Test City,XX,delivered,2026-08-16 08:43:17,2026-08-16,2026-08,08,2026-08-15 08:43:17,2026-08-15 08:43:17,-1.0,1.0,105.98206088402821,credit_card,0.0
d963c2ee-8fbf-4e37-8f30-249969b82f6c,churn_16ff788c,Test City,XX,delivered,2026-08-16 08:43:17,2026-08-16,2026-08,08,2026-08-15 08:43:17,2026-08-15 08:43:17,-1.0,1.0,126.43235472631338,credit_card,0.0
2ce18e3f-e07c-4723-8fc1-d6b12290bbf0,retained_7c551397,Test City,XX,delivered,2026-08-16 07:43:17,2026-08-16,2026-08,07,2026-08-15 07:43:17,2026-08-15 07:43:17,-1.0,1.0,58.94953519432807,credit_card,0.0
f03ca88b-a3e9-457e-85e4-1b1873979ad3,churn_21baa159,Test City,XX,delivered,2026-08-16 07:43:17,2026-08-16,2026-08,07,2026-08-15 07:43:17,2026-08-15 07:43:17,-1.0,1.0,98.43397782015353,credit_card,0.0
a65513ba-9dc3-4eda-9d1e-50eb5bf5a868,churn_792c2e30,Test City,XX,delivered,2026-08-16 07:43:17,2026-08-16,2026-08,07,2026-08-15 07:43:17,2026-08-15 07:43:17,-1.0,1.0,93.8434697832292,credit_card,0.0
fa77bf81-f41e-4ad1-a773-3587d9eff9ba,churn_18b3c2cc,Test City,XX,delivered,2026-08-16 07:43:17,2026-08-16,2026-08,07,2026-08-15 07:43:17,2026-08-15 07:43:17,-1.0,1.0,143.8130297521726,credit_card,0.0
3c38c7e1-ec1f-45e3-b10c-f4545cf44079,churn_68210532,Test City,XX,delivered,2026-08-16 06:43:17,2026-08-16,2026-08,06,2026-08-15 06:43:17,2026-08-15 06:43:17,-1.0,1.0,121.63198066543735,credit_card,0.0
8dab0941-2149-49da-b43b-879b9ff61349,churn_545fd8ca,Test City,XX,delivered,2026-08-16 06:43:17,2026-08-16,2026-08,06,2026-08-15 06:43:17,2026-08-15 06:43:17,-1.0,1.0,94.13653646854212,credit_card,0.0
4703f242-7624-4ce3-bab9-92feef67edbd,churn_66117c98,Test City,XX,delivered,2026-08-16 06:43:17,2026-08-16,2026-08,06,2026-08-15 06:43:17,2026-08-15 06:43:17,-1.0,1.0,83.3618075444858,credit_card,0.0
c732902f-6566-43e5-83fe-579572ca14b4,churn_f5170b89,Test City,XX,delivered,2026-08-16 05:43:17,2026-08-16,2026-08,05,2026-08-15 05:43:17,2026-08-15 05:43:17,-1.0,1.0,108.65161796823321,credit_card,0.0
1a176af9-8530-4ae3-947d-8a5f1876fdde,churn_5bf77593,Test City,XX,delivered,2026-08-16 05:43:17,2026-08-16,2026-08,05,2026-08-15 05:43:17,2026-08-15 05:43:17,-1.0,1.0,105.00783125905937,credit_card,0.0
578f9f4c-2b0a-4c6c-8fa7-1f6692aee799,churn_6a318612,Test City,XX,delivered,2026-08-16 03:43:17,2026-08-16,2026-08,03,2026-08-15 03:43:17,2026-08-15 03:43:17,-1.0,1.0,114.64862818308076,credit_card,0.0
8cdb17a5-5971-405b-9071-702393c544ed,churn_d46194cd,Test City,XX,delivered,2026-08-16 03:43:17,2026-08-16,2026-08,03,2026-08-15 03:43:17,2026-08-15 03:43:17,-1.0,1.0,148.7350768640623,credit_card,0.0
d4845644-7e44-40ab-abbe-e42da54e8868,churn_a6f72386,Test City,XX,delivered,2026-08-16 03:43:17,2026-08-16,2026-08,03,2026-08-15 03:43:17,2026-08-15 03:43:17,-1.0,1.0,71.7110571968092,credit_card,0.0
78921d1e-a033-4b5b-a377-01b5e64f4e66,churn_58278422,Test City,XX,delivered,2026-08-16 03:43:17,2026-08-16,2026-08,03,2026-08-15 03:43:17,2026-08-15 03:43:17,-1.0,1.0,53.45712510727802,credit_card,0.0
08bbf5fc-07ca-42d5-badb-566649df33f7,retained_2f1ce219,Test City,XX,delivered,2026-08-16 02:43:17,2026-08-16,2026-08,02,2026-08-15 02:43:17,2026-08-15 02:43:17,-1.0,1.0,86.04846041135224,credit_card,0.0
097b5115-ea55-4f83-8a09-1f22d44a7bff,retained_49e51eb4,Test City,XX,delivered,2026-08-16 02:43:17,2026-08-16,2026-08,02,2026-08-15 02:43:17,2026-08-15 02:43:17,-1.0,1.0,103.35133718729134,credit_card,0.0
5322d446-d996-4ba7-9bce-a6391f965574,retained_0326d8d3,Test City,XX,delivered,2026-08-16 02:43:17,2026-08-16,2026-08,02,2026-08-15 02:43:17,2026-08-15 02:43:17,-1.0,1.0,133.2172671701802,credit_card,0.0
e56a984b-e66e-443e-a8b6-d6f06ee13834,churn_cb25bd5d,Test City,XX,delivered,2026-08-16 02:43:17,2026-08-16,2026-08,02,2026-08-15 02:43:17,2026-08-15 02:43:17,-1.0,1.0,50.184224364009765,credit_card,0.0
ff1138b4-475f-4ef1-9530-14120db38f34,churn_4a153d94,Test City,XX,delivered,2026-08-16 02:43:17,2026-08-16,2026-08,02,2026-08-15 02:43:17,2026-08-15 02:43:17,-1.0,1.0,148.55698480729217,credit_card,0.0
90e70381-bb3b-4002-be43-70f517ff1f9e,churn_47d44044,Test City,XX,delivered,2026-08-16 02:43:17,2026-08-16,2026-08,02,2026-08-15 02:43:17,2026-08-15 02:43:17,-1.0,1.0,95.83818554376685,credit_card,0.0
308a71da-c45b-4f38-ab0e-22a2dbaa7a85,churn_5aa18aaf,Test City,XX,delivered,2026-08-16 01:43:17,2026-08-16,2026-08,01,2026-08-15 01:43:17,2026-08-15 01:43:17,-1.0,1.0,145.96427553695537,credit_card,0.0
a8c820ee-e118-4b5f-a09a-b8f19aac859b,churn_df2856ba,Test City,XX,delivered,2026-08-16 00:43:17,2026-08-16,2026-08,00,2026-08-15 00:43:17,2026-08-15 00:43:17,-1.0,1.0,126.25541548241947,credit_card,0.0
a8d9bdbe-8ed6-4ad1-b4b4-23ad3b3347fa,churn_4df26a0b,Test City,XX,delivered,2026-08-16 00:43:17,2026-08-16,2026-08,00,2026-08-15 00:43:17,2026-08-15 00:43:17,-1.0,1.0,68.25447481318076,credit_card,0.0
fc38e40e-5608-40b8-a21c-2c7027c58692,churn_5527b8ae,Test City,XX,delivered,2026-08-16 00:43:17,2026-08-16,2026-08,00,2026-08-15 00:43:17,2026-08-15 00:43:17,-1.0,1.0,70.08519872714318,credit_card,0.0
0d814905-085c-4d47-b45d-739f37af5065,retained_11006dcd,Test City,XX,delivered,2026-08-15 23:43:17,2026-08-15,2026-08,23,2026-08-14 23:43:17,2026-08-14 23:43:17,-1.0,1.0,82.04804903595213,credit_card,0.0
356fa933-6f79-4d18-95ca-723671f2f61d,churn_6b084098,Test City,XX,delivered,2026-08-15 23:43:17,2026-08-15,2026-08,23,2026-08-14 23:43:17,2026-08-14 23:43:17,-1.0,1.0,99.46812895957417,credit_card,0.0
00e122c5-c3eb-4010-91f7-c5cca5593aed,churn_c3e2372a,Test City,XX,delivered,2026-08-15 23:43:17,2026-08-15,2026-08,23,2026-08-14 23:43:17,2026-08-14 23:43:17,-1.0,1.0,68.81180742625419,credit_card,0.0
12ee3e25-2d72-46f2-bc48-ecc5640642b1,churn_3a0967a7,Test City,XX,delivered,2026-08-15 10:43:17,2026-08-15,2026-08,10,2026-08-14 10:43:17,2026-08-14 10:43:17,-1.0,1.0,59.264706607698,credit_card,0.0
414884d8-a2b9-4740-b888-32312c21b1db,churn_74815323,Test City,XX,delivered,2026-08-15 10:43:17,2026-08-15,2026-08,10,2026-08-14 10:43:17,2026-08-14 10:43:17,-1.0,1.0,77.46629947747824,credit_card,0.0
9aacc1bb-c388-4cf7-b4ec-69b9f96f4535,churn_25eda0fa,Test City,XX,delivered,2026-08-15 10:43:17,2026-08-15,2026-08,10,2026-08-14 10:43:17,2026-08-14 10:43:17,-1.0,1.0,135.64602678851452,credit_card,0.0
dfe03eeb-e45f-47a9-a8ba-1bc828836396,churn_293b3093,Test City,XX,delivered,2026-08-15 10:43:17,2026-08-15,2026-08,10,2026-08-14 10:43:17,2026-08-14 10:43:17,-1.0,1.0,97.00812801970469,credit_card,0.0
ac4d3ac2-8c1d-4a76-b603-0647fa1531a0,retained_e71f39e0,Test City,XX,delivered,2026-08-15 09:43:17,2026-08-15,2026-08,09,2026-08-14 09:43:17,2026-08-14 09:43:17,-1.0,1.0,139.91263592380506,credit_card,0.0
6d050e9c-e1ba-49da-8818-186bddce4801,churn_3cbc3f5d,Test City,XX,delivered,2026-08-15 09:43:17,2026-08-15,2026-08,09,2026-08-14 09:43:17,2026-08-14 09:43:17,-1.0,1.0,119.62349429226616,credit_card,0.0
76fae9e4-a646-42c7-bb32-acabafa418fc,churn_e87f7987,Test City,XX,delivered,2026-08-15 09:43:17,2026-08-15,2026-08,09,2026-08-14 09:43:17,2026-08-14 09:43:17,-1.0,1.0,96.16413461603388,credit_card,0.0
5b61ae53-d49e-4ccc-992a-357a5f438470,churn_9fe05c9b,Test City,XX,delivered,2026-08-15 09:43:17,2026-08-15,2026-08,09,2026-08-14 09:43:17,2026-08-14 09:43:17,-1.0,1.0,58.98398141998948,credit_card,0.0
af76ab7d-cbb4-424c-b782-453df66b5517,churn_b0a6e247,Test City,XX,delivered,2026-08-15 09:43:17,2026-08-15,2026-08,09,2026-08-14 09:43:17,2026-08-14 09:43:17,-1.0,1.0,71.78631628100962,credit_card,0.0
ac599396-6998-42fd-8fcd-17ce6e2d9bac,churn_c2275d78,Test City,XX,delivered,2026-08-15 09:43:17,2026-08-15,2026-08,09,2026-08-14 09:43:17,2026-08-14 09:43:17,-1.0,1.0,93.15189813948601,credit_card,0.0
54ca7034-9d0f-4c77-8662-e6438b26a064,retained_250622fb,Test City,XX,delivered,2026-08-15 08:43:17,2026-08-15,2026-08,08,2026-08-14 08:43:17,2026-08-14 08:43:17,-1.0,1.0,78.66670199043507,credit_card,0.0
8284bdb0-aeb0-4416-afcf-b88ecaa53ee6,churn_1ce71437,Test City,XX,delivered,2026-08-15 08:43:17,2026-08-15,2026-08,08,2026-08-14 08:43:17,2026-08-14 08:43:17,-1.0,1.0,117.43479035506017,credit_card,0.0
c055c5aa-3260-4501-a59c-116010f83c0b,churn_4fa8aab8,Test City,XX,delivered,2026-08-15 08:43:17,2026-08-15,2026-08,08,2026-08-14 08:43:17,2026-08-14 08:43:17,-1.0,1.0,91.73023514895071,credit_card,0.0
59f6bbc6-d3de-4aee-88db-1a976eb5c208,churn_04351786,Test City,XX,delivered,2026-08-15 08:43:17,2026-08-15,2026-08,08,2026-08-14 08:43:17,2026-08-14 08:43:17,-1.0,1.0,136.3313879168071,credit_card,0.0
fa35e891-85a7-4f61-9801-e9a5235a2c5f,churn_36ea5bef,Test City,XX,delivered,2026-08-15 08:43:17,2026-08-15,2026-08,08,2026-08-14 08:43:17,2026-08-14 08:43:17,-1.0,1.0,50.35261092451834,credit_card,0.0
f5603b7a-2da2-40fa-9ccd-7ad1f2aa371f,churn_59214f82,Test City,XX,delivered,2026-08-15 08:43:17,2026-08-15,2026-08,08,2026-08-14 08:43:17,2026-08-14 08:43:17,-1.0,1.0,130.00525983816732,credit_card,0.0
8350c6b8-4239-4de3-a06c-df32000576af,retained_6b19a518,Test City,XX,delivered,2026-08-15 07:43:17,2026-08-15,2026-08,07,2026-08-14 07:43:17,2026-08-14 07:43:17,-1.0,1.0,91.75352560542599,credit_card,0.0
fe4824d6-d146-4bc6-ab47-701df198d056,churn_b83f9462,Test City,XX,delivered,2026-08-15 07:43:17,2026-08-15,2026-08,07,2026-08-14 07:43:17,2026-08-14 07:43:17,-1.0,1.0,144.05911141808156,credit_card,0.0
a43f2e49-b299-4c1f-af0a-475618138142,churn_02415626,Test City,XX,delivered,2026-08-15 06:43:17,2026-08-15,2026-08,06,2026-08-14 06:43:17,2026-08-14 06:43:17,-1.0,1.0,76.1343188039959,credit_card,0.0
3622f755-7200-478d-945f-d58f429bbd1a,churn_40ad8e6b,Test City,XX,delivered,2026-08-15 06:43:17,2026-08-15,2026-08,06,2026-08-14 06:43:17,2026-08-14 06:43:17,-1.0,1.0,105.10965588723587,credit_card,0.0
b3ec2c85-92bb-4f6a-adc8-3fdece141957,churn_36577c0e,Test City,XX,delivered,2026-08-15 05:43:17,2026-08-15,2026-08,05,2026-08-14 05:43:17,2026-08-14 05:43:17,-1.0,1.0,89.91766568260863,credit_card,0.0
7c4a2380-9554-4de9-be7e-7c61e662b119,churn_fe984ca8,Test City,XX,delivered,2026-08-15 05:43:17,2026-08-15,2026-08,05,2026-08-14 05:43:17,2026-08-14 05:43:17,-1.0,1.0,63.86210586061409,credit_card,0.0
dd4aaa35-378e-48ba-959d-e2064e6a95f3,retained_f0cb89d4,Test City,XX,delivered,2026-08-15 04:43:17,2026-08-15,2026-08,04,2026-08-14 04:43:17,2026-08-14 04:43:17,-1.0,1.0,116.90177012124168,credit_card,0.0
34ed1022-6341-40ad-b42d-42d14717939f,churn_5aa18aaf,Test City,XX,delivered,2026-08-15 04:43:17,2026-08-15,2026-08,04,2026-08-14 04:43:17,2026-08-14 04:43:17,-1.0,1.0,144.40378270580925,credit_card,0.0
da4e51a9-3722-4d11-a8f3-50c1f5d55acc,churn_8d6387a2,Test City,XX,delivered,2026-08-15 04:43:17,2026-08-15,2026-08,04,2026-08-14 04:43:17,2026-08-14 04:43:17,-1.0,1.0,139.64342192862577,credit_card,0.0
4d980d87-9907-4351-a66d-912408928cbe,churn_a92afbee,Test City,XX,delivered,2026-08-15 04:43:17,2026-08-15,2026-08,04,2026-08-14 04:43:17,2026-08-14 04:43:17,-1.0,1.0,55.23050355182284,credit_card,0.0
ae286b7a-705a-4e34-925b-13e585126384,churn_bdc68603,Test City,XX,delivered,2026-08-15 04:43:17,2026-08-15,2026-08,04,2026-08-14 04:43:17,2026-08-14 04:43:17,-1.0,1.0,135.058343822327,credit_card,0.0
973bea0a-76fa-436f-a79a-3158bb38fe5d,churn_37fe8b3e,Test City,XX,delivered,2026-08-15 04:43:17,2026-08-15,2026-08,04,2026-08-14 04:43:17,2026-08-14 04:43:17,-1.0,1.0,108.01852559106591,credit_card,0.0
99adecf4-69d8-4220-9c4b-bcf5b9f0e437,retained_799e56ea,Test City,XX,delivered,2026-08-15 03:43:17,2026-08-15,2026-08,03,2026-08-14 03:43:17,2026-08-14 03:43:17,-1.0,1.0,55.83882123732346,credit_card,0.0
42f6568a-aa21-403f-9206-521b7d7d488d,retained_617e5f99,Test City,XX,delivered,2026-08-15 03:43:17,2026-08-15,2026-08,03,2026-08-14 03:43:17,2026-08-14 03:43:17,-1.0,1.0,120.23568216674181,credit_card,0.0
715b9496-f3a8-42e4-9656-3359e0cda2b1,churn_48bd03d9,Test City,XX,delivered,2026-08-15 03:43:17,2026-08-15,2026-08,03,2026-08-14 03:43:17,2026-08-14 03:43:17,-1.0,1.0,117.9376800884259,credit_card,0.0
46ed29d1-dd27-4c2b-be15-02276629e0c9,retained_6ed810e4,Test City,XX,delivered,2026-08-15 02:43:17,2026-08-15,2026-08,02,2026-08-14 02:43:17,2026-08-14 02:43:17,-1.0,1.0,61.40961716733094,credit_card,0.0
22167462-d5b7-4a73-aca9-a4209defb9ff,retained_6ac5fa15,Test City,XX,delivered,2026-08-15 02:43:17,2026-08-15,2026-08,02,2026-08-14 02:43:17,2026-08-14 02:43:17,-1.0,1.0,118.90201481915449,credit_card,0.0
a5b27e2a-cb43-4e78-80dd-a1e95c18779e,churn_08775c2e,Test City,XX,delivered,2026-08-15 02:43:17,2026-08-15,2026-08,02,2026-08-14 02:43:17,2026-08-14 02:43:17,-1.0,1.0,90.14750650459112,credit_card,0.0
2b2cbf7e-00b4-45d8-9f3d-ad23f7a25350,churn_94da74c3,Test City,XX,delivered,2026-08-15 02:43:17,2026-08-15,2026-08,02,2026-08-14 02:43:17,2026-08-14 02:43:17,-1.0,1.0,81.03656473268387,credit_card,0.0
dec8d0fb-1f18-4204-aa18-9726e45a2b8a,churn_4f2f584e,Test City,XX,delivered,2026-08-15 02:43:17,2026-08-15,2026-08,02,2026-08-14 02:43:17,2026-08-14 02:43:17,-1.0,1.0,126.43797923809186,credit_card,0.0
2e24055c-5b72-4ee8-bff7-ca1ac3256183,churn_aa4fbbf4,Test City,XX,delivered,2026-08-15 02:43:17,2026-08-15,2026-08,02,2026-08-14 02:43:17,2026-08-14 02:43:17,-1.0,1.0,149.5567513559046,credit_card,0.0
a8383278-80aa-4b43-9a18-befc5233e72a,churn_b131c2d1,Test City,XX,delivered,2026-08-15 02:43:17,2026-08-15,2026-08,02,2026-08-14 02:43:17,2026-08-14 02:43:17,-1.0,1.0,55.69227435765101,credit_card,0.0
c3e0f3ce-e4b2-471a-b918-fda69a5d85db,churn_1d500bc4,Test City,XX,delivered,2026-08-15 01:43:17,2026-08-15,2026-08,01,2026-08-14 01:43:17,2026-08-14 01:43:17,-1.0,1.0,124.93770252989847,credit_card,0.0
273b472f-6fe4-4c2f-8457-2d2f396b882e,churn_4a1b546a,Test City,XX,delivered,2026-08-15 01:43:17,2026-08-15,2026-08,01,2026-08-14 01:43:17,2026-08-14 01:43:17,-1.0,1.0,115.10911406593056,credit_card,0.0
209178a3-cb61-4764-8885-63c572d614bb,retained_fea99aae,Test City,XX,delivered,2026-08-15 00:43:17,2026-08-15,2026-08,00,2026-08-14 00:43:17,2026-08-14 00:43:17,-1.0,1.0,126.47485557139143,credit_card,0.0
1050f6d3-99db-416a-bda8-3c4db68caba9,retained_ffc03a42,Test City,XX,delivered,2026-08-15 00:43:17,2026-08-15,2026-08,00,2026-08-14 00:43:17,2026-08-14 00:43:17,-1.0,1.0,60.11788298562941,credit_card,0.0
fffb108d-6562-42b0-84a3-0eb0ba1a15f3,retained_d8d8322b,Test City,XX,delivered,2026-08-15 00:43:17,2026-08-15,2026-08,00,2026-08-14 00:43:17,2026-08-14 00:43:17,-1.0,1.0,73.57167979066844,credit_card,0.0
951a4b12-3680-488a-b214-2c123f28fc9b,retained_7dad4069,Test City,XX,delivered,2026-08-15 00:43:17,2026-08-15,2026-08,00,2026-08-14 00:43:17,2026-08-14 00:43:17,-1.0,1.0,65.81731394719866,credit_card,0.0
e99f9988-cf94-4c0d-8b0f-f96d9c6cf017,churn_60deb1c0,Test City,XX,delivered,2026-08-15 00:43:17,2026-08-15,2026-08,00,2026-08-14 00:43:17,2026-08-14 00:43:17,-1.0,1.0,137.53039470961448,credit_card,0.0
54814efc-44cf-427e-897a-8c7234236d8e,churn_64da17f0,Test City,XX,delivered,2026-08-15 00:43:17,2026-08-15,2026-08,00,2026-08-14 00:43:17,2026-08-14 00:43:17,-1.0,1.0,82.40799031956608,credit_card,0.0
59c65fb9-1518-4e7c-b9cc-e790fa5c4862,churn_3c5198f4,Test City,XX,delivered,2026-08-15 00:43:17,2026-08-15,2026-08,00,2026-08-14 00:43:17,2026-08-14 00:43:17,-1.0,1.0,81.57789208405916,credit_card,0.0
462f2c4d-1132-46f9-8edb-911ec13f61ed,churn_5c8b9610,Test City,XX,delivered,2026-08-15 00:43:17,2026-08-15,2026-08,00,2026-08-14 00:43:17,2026-08-14 00:43:17,-1.0,1.0,111.03177661300185,credit_card,0.0
198970d5-db44-4a75-9b61-758a5d89d93f,churn_6003715c,Test City,XX,delivered,2026-08-15 00:43:17,2026-08-15,2026-08,00,2026-08-14 00:43:17,2026-08-14 00:43:17,-1.0,1.0,131.34715305589242,credit_card,0.0
de7747c8-c678-47dc-a2a9-c4c9547f0981,churn_7eacb1d6,Test City,XX,delivered,2026-08-14 23:43:17,2026-08-14,2026-08,23,2026-08-13 23:43:17,2026-08-13 23:43:17,-1.0,1.0,50.641752075441374,credit_card,0.0
b9defed7-ba9b-4655-9705-929829ad19a1,churn_f459a7da,Test City,XX,delivered,2026-08-14 23:43:17,2026-08-14,2026-08,23,2026-08-13 23:43:17,2026-08-13 23:43:17,-1.0,1.0,135.95316329392463,credit_card,0.0
360b5d7b-d33d-4405-9366-a712a3346dbf,retained_9e340892,Test City,XX,delivered,2026-08-14 10:43:17,2026-08-14,2026-08,10,2026-08-13 10:43:17,2026-08-13 10:43:17,-1.0,1.0,79.60169003299347,credit_card,0.0
fa2a988a-a0f0-49a4-9495-3ffccada4cf0,churn_ea5042f6,Test City,XX,delivered,2026-08-14 10:43:17,2026-08-14,2026-08,10,2026-08-13 10:43:17,2026-08-13 10:43:17,-1.0,1.0,147.97036763938752,credit_card,0.0
891384c0-6b94-452f-a267-6d853805c408,churn_5cc906a6,Test City,XX,delivered,2026-08-14 10:43:17,2026-08-14,2026-08,10,2026-08-13 10:43:17,2026-08-13 10:43:17,-1.0,1.0,84.43445062328945,credit_card,0.0
86144952-5185-4bff-98a5-a03d12f12d6a,churn_1bcbdda8,Test City,XX,delivered,2026-08-14 10:43:17,2026-08-14,2026-08,10,2026-08-13 10:43:17,2026-08-13 10:43:17,-1.0,1.0,61.12275423294999,credit_card,0.0
8a25cabe-122c-44ac-ac35-d568f32ad982,churn_7b6badda,Test City,XX,delivered,2026-08-14 09:43:17,2026-08-14,2026-08,09,2026-08-13 09:43:17,2026-08-13 09:43:17,-1.0,1.0,50.40687092404298,credit_card,0.0
26051a73-df90-4d44-8d40-f41c3cdbabd2,churn_9f4df74f,Test City,XX,delivered,2026-08-14 09:43:17,2026-08-14,2026-08,09,2026-08-13 09:43:17,2026-08-13 09:43:17,-1.0,1.0,54.76794339295401,credit_card,0.0
2980c16c-8577-4946-94d1-f9b5940a8342,churn_3fdab65b,Test City,XX,delivered,2026-08-14 09:43:17,2026-08-14,2026-08,09,2026-08-13 09:43:17,2026-08-13 09:43:17,-1.0,1.0,121.59359536558357,credit_card,0.0
ff1973dd-9d03-4eda-8131-eeb3524befda,churn_bc557b73,Test City,XX,delivered,2026-08-14 09:43:17,2026-08-14,2026-08,09,2026-08-13 09:43:17,2026-08-13 09:43:17,-1.0,1.0,106.56405662032242,credit_card,0.0
247731a0-7a7b-4351-9627-e202455bb6f8,retained_6d1e0e07,Test City,XX,delivered,2026-08-14 08:43:17,2026-08-14,2026-08,08,2026-08-13 08:43:17,2026-08-13 08:43:17,-1.0,1.0,125.94889169310413,credit_card,0.0
38cad1fb-7ba6-4960-948e-7a662316117d,churn_9969dfa5,Test City,XX,delivered,2026-08-14 08:43:17,2026-08-14,2026-08,08,2026-08-13 08:43:17,2026-08-13 08:43:17,-1.0,1.0,87.86228817165816,credit_card,0.0
da25cea9-0ad0-4f46-bb8b-d411ec34622b,churn_5543786f,Test City,XX,delivered,2026-08-14 08:43:17,2026-08-14,2026-08,08,2026-08-13 08:43:17,2026-08-13 08:43:17,-1.0,1.0,131.82583207461357,credit_card,0.0
2c603bbf-69aa-4bbc-8eef-6d2c0e36d05b,churn_0021226f,Test City,XX,delivered,2026-08-14 08:43:17,2026-08-14,2026-08,08,2026-08-13 08:43:17,2026-08-13 08:43:17,-1.0,1.0,79.52379998193994,credit_card,0.0
0965ebb8-f35b-40f1-bede-f0b8684c20d2,churn_13658e96,Test City,XX,delivered,2026-08-14 08:43:17,2026-08-14,2026-08,08,2026-08-13 08:43:17,2026-08-13 08:43:17,-1.0,1.0,75.32390052090517,credit_card,0.0
46427322-6884-460d-9b4d-8bd83a4074c9,churn_3f16d813,Test City,XX,delivered,2026-08-14 08:43:17,2026-08-14,2026-08,08,2026-08-13 08:43:17,2026-08-13 08:43:17,-1.0,1.0,143.42953255136007,credit_card,0.0
75032152-5811-4e56-89aa-566e972e50c0,churn_c6c34234,Test City,XX,delivered,2026-08-14 08:43:17,2026-08-14,2026-08,08,2026-08-13 08:43:17,2026-08-13 08:43:17,-1.0,1.0,119.75489445314086,credit_card,0.0
242036db-9952-4c4f-99eb-0d473917b5b0,churn_1a9e879c,Test City,XX,delivered,2026-08-14 08:43:17,2026-08-14,2026-08,08,2026-08-13 08:43:17,2026-08-13 08:43:17,-1.0,1.0,105.51529048188608,credit_card,0.0
ffbd0df8-aa23-4155-92c1-2cff8807127c,retained_818650b8,Test City,XX,delivered,2026-08-14 07:43:17,2026-08-14,2026-08,07,2026-08-13 07:43:17,2026-08-13 07:43:17,-1.0,1.0,71.54440423023772,credit_card,0.0
4edc0201-c8e2-4b10-bd4e-da9f39d729f9,retained_e74b7b76,Test City,XX,delivered,2026-08-14 07:43:17,2026-08-14,2026-08,07,2026-08-13 07:43:17,2026-08-13 07:43:17,-1.0,1.0,121.28873055171901,credit_card,0.0
a4e1c781-a6fd-4000-99b6-55af2028bfeb,churn_f27148be,Test City,XX,delivered,2026-08-14 07:43:17,2026-08-14,2026-08,07,2026-08-13 07:43:17,2026-08-13 07:43:17,-1.0,1.0,141.6020541668361,credit_card,0.0
cadeb3cd-3515-498c-9bc5-32932abee6c2,churn_79c43140,Test City,XX,delivered,2026-08-14 07:43:17,2026-08-14,2026-08,07,2026-08-13 07:43:17,2026-08-13 07:43:17,-1.0,1.0,57.484269461132655,credit_card,0.0
7a7667d9-4481-4b58-a811-7c3124194ec6,churn_619298ac,Test City,XX,delivered,2026-08-14 07:43:17,2026-08-14,2026-08,07,2026-08-13 07:43:17,2026-08-13 07:43:17,-1.0,1.0,123.3726679975198,credit_card,0.0
cf0ad299-f3c7-4a07-bab2-6ebe29847161,retained_f5f3c3e6,Test City,XX,delivered,2026-08-14 06:43:17,2026-08-14,2026-08,06,2026-08-13 06:43:17,2026-08-13 06:43:17,-1.0,1.0,61.919546720704304,credit_card,0.0
1611e56b-ae00-405f-83c2-2908cbf61e05,churn_6d990826,Test City,XX,delivered,2026-08-14 06:43:17,2026-08-14,2026-08,06,2026-08-13 06:43:17,2026-08-13 06:43:17,-1.0,1.0,123.19117802691324,credit_card,0.0
78791953-11cb-4b68-975c-ab09208f2280,churn_cd7101c9,Test City,XX,delivered,2026-08-14 06:43:17,2026-08-14,2026-08,06,2026-08-13 06:43:17,2026-08-13 06:43:17,-1.0,1.0,116.69844753558051,credit_card,0.0
45665c87-2353-4130-9f97-46a9fef34a30,churn_e24b45d5,Test City,XX,delivered,2026-08-14 06:43:17,2026-08-14,2026-08,06,2026-08-13 06:43:17,2026-08-13 06:43:17,-1.0,1.0,60.20799462196111,credit_card,0.0
5a410412-dd6b-4e98-b612-9903001161c2,retained_1d8f7976,Test City,XX,delivered,2026-08-14 05:43:17,2026-08-14,2026-08,05,2026-08-13 05:43:17,2026-08-13 05:43:17,-1.0,1.0,77.87734812738128,credit_card,0.0
ab02f65a-d9a1-4dd4-bba8-c8237989fe68,churn_78b5e831,Test City,XX,delivered,2026-08-14 05:43:17,2026-08-14,2026-08,05,2026-08-13 05:43:17,2026-08-13 05:43:17,-1.0,1.0,111.74778649663955,credit_card,0.0
ba77f03a-c835-4206-9494-7f4f27c09b8f,churn_a35afef3,Test City,XX,delivered,2026-08-14 05:43:17,2026-08-14,2026-08,05,2026-08-13 05:43:17,2026-08-13 05:43:17,-1.0,1.0,107.01709157195394,credit_card,0.0
0fa6210a-bf8d-4102-958b-2979abc7dfef,retained_5c1d082c,Test City,XX,delivered,2026-08-14 04:43:17,2026-08-14,2026-08,04,2026-08-13 04:43:17,2026-08-13 04:43:17,-1.0,1.0,120.82332919641033,credit_card,0.0
6424a40c-db5a-436e-81ca-b8c43bcfa3eb,churn_0648f369,Test City,XX,delivered,2026-08-14 04:43:17,2026-08-14,2026-08,04,2026-08-13 04:43:17,2026-08-13 04:43:17,-1.0,1.0,110.27442248766326,credit_card,0.0
60066327-552e-4413-ae2d-756dac46b142,churn_606842b2,Test City,XX,delivered,2026-08-14 04:43:17,2026-08-14,2026-08,04,2026-08-13 04:43:17,2026-08-13 04:43:17,-1.0,1.0,130.88352853710558,credit_card,0.0
bdaa31b4-cb2b-4e7a-9898-e97c92810ede,churn_8ddd0ddc,Test City,XX,delivered,2026-08-14 04:43:17,2026-08-14,2026-08,04,2026-08-13 04:43:17,2026-08-13 04:43:17,-1.0,1.0,120.61546652346811,credit_card,0.0
6139f509-a7f1-4b99-8ca3-3466d6ddbc40,retained_d7ebbb62,Test City,XX,delivered,2026-08-14 03:43:17,2026-08-14,2026-08,03,2026-08-13 03:43:17,2026-08-13 03:43:17,-1.0,1.0,124.78627123805622,credit_card,0.0
4409958f-affa-47c0-8d49-dbe03d3cb66e,retained_4cd90e44,Test City,XX,delivered,2026-08-14 03:43:17,2026-08-14,2026-08,03,2026-08-13 03:43:17,2026-08-13 03:43:17,-1.0,1.0,63.65428644994894,credit_card,0.0
656d18ca-ae98-4e6f-9bf9-28cfe7f3b29c,churn_48498817,Test City,XX,delivered,2026-08-14 03:43:17,2026-08-14,2026-08,03,2026-08-13 03:43:17,2026-08-13 03:43:17,-1.0,1.0,63.40714994285889,credit_card,0.0
07af800a-2a36-44cf-8bfe-5e2a5d273c21,churn_df2856ba,Test City,XX,delivered,2026-08-14 03:43:17,2026-08-14,2026-08,03,2026-08-13 03:43:17,2026-08-13 03:43:17,-1.0,1.0,64.91277054512834,credit_card,0.0
aa53239c-ebec-4bd9-b806-bde7336d3360,churn_268067a9,Test City,XX,delivered,2026-08-14 03:43:17,2026-08-14,2026-08,03,2026-08-13 03:43:17,2026-08-13 03:43:17,-1.0,1.0,92.7480018068065,credit_card,0.0
30170c6c-648e-49c5-848b-47960f2286ac,churn_9b7ec292,Test City,XX,delivered,2026-08-14 02:43:17,2026-08-14,2026-08,02,2026-08-13 02:43:17,2026-08-13 02:43:17,-1.0,1.0,71.82922358582125,credit_card,0.0
9c61b2a8-65c8-4ce0-9bd7-11359ecca82b,churn_2331e945,Test City,XX,delivered,2026-08-14 02:43:17,2026-08-14,2026-08,02,2026-08-13 02:43:17,2026-08-13 02:43:17,-1.0,1.0,141.19740726659188,credit_card,0.0
4d83ff60-b6b9-4ab9-83f5-0d8087492f68,churn_bd816344,Test City,XX,delivered,2026-08-14 02:43:17,2026-08-14,2026-08,02,2026-08-13 02:43:17,2026-08-13 02:43:17,-1.0,1.0,108.74539310313654,credit_card,0.0
3b79817e-cef5-4d45-af5d-6f756b30d6ce,churn_8d6bac03,Test City,XX,delivered,2026-08-14 02:43:17,2026-08-14,2026-08,02,2026-08-13 02:43:17,2026-08-13 02:43:17,-1.0,1.0,117.45025062372117,credit_card,0.0
96711d25-70ff-4ed9-8485-dc764a13bf7f,churn_331e5397,Test City,XX,delivered,2026-08-14 02:43:17,2026-08-14,2026-08,02,2026-08-13 02:43:17,2026-08-13 02:43:17,-1.0,1.0,63.1311380386652,credit_card,0.0
7fc79f75-0aef-4f64-993a-3335dac5d6e4,churn_c74910d2,Test City,XX,delivered,2026-08-14 02:43:17,2026-08-14,2026-08,02,2026-08-13 02:43:17,2026-08-13 02:43:17,-1.0,1.0,137.10424427605912,credit_card,0.0
3c459b46-c44b-46b5-90ba-8cc44b5bf790,churn_ebe0e741,Test City,XX,delivered,2026-08-14 01:43:17,2026-08-14,2026-08,01,2026-08-13 01:43:17,2026-08-13 01:43:17,-1.0,1.0,130.6724119978275,credit_card,0.0
9cd25870-e7ca-4378-b7e8-1798f260e816,churn_f78fd9cd,Test City,XX,delivered,2026-08-14 01:43:17,2026-08-14,2026-08,01,2026-08-13 01:43:17,2026-08-13 01:43:17,-1.0,1.0,64.53962741820175,credit_card,0.0
fb0fba96-d7f6-47a2-8461-a19e5daa00df,retained_d49234b8,Test City,XX,delivered,2026-08-14 00:43:17,2026-08-14,2026-08,00,2026-08-13 00:43:17,2026-08-13 00:43:17,-1.0,1.0,52.42611025060214,credit_card,0.0
a1a52e01-9ca0-41c3-a471-b87b54a9e0c8,churn_b5b5339c,Test City,XX,delivered,2026-08-14 00:43:17,2026-08-14,2026-08,00,2026-08-13 00:43:17,2026-08-13 00:43:17,-1.0,1.0,103.20204858649342,credit_card,0.0
43187819-e3f8-42a6-95a1-5f6d09b678ae,churn_e597a397,Test City,XX,delivered,2026-08-14 00:43:17,2026-08-14,2026-08,00,2026-08-13 00:43:17,2026-08-13 00:43:17,-1.0,1.0,54.91528452822099,credit_card,0.0
20956e6e-6b05-4a94-bef6-5670824dd844,churn_6df08470,Test City,XX,delivered,2026-08-14 00:43:17,2026-08-14,2026-08,00,2026-08-13 00:43:17,2026-08-13 00:43:17,-1.0,1.0,101.73168308499893,credit_card,0.0
168147a8-6e5c-4b99-90c2-6c1130e3e4b7,churn_0bc57fab,Test City,XX,delivered,2026-08-14 00:43:17,2026-08-14,2026-08,00,2026-08-13 00:43:17,2026-08-13 00:43:17,-1.0,1.0,110.42797177469595,credit_card,0.0
e0c8b9a8-8369-478d-951c-b1f903f5d833,churn_64864eb0,Test City,XX,delivered,2026-08-13 23:43:17,2026-08-13,2026-08,23,2026-08-12 23:43:17,2026-08-12 23:43:17,-1.0,1.0,78.25495452691013,credit_card,0.0
0783aa85-a0cf-459d-9a0a-3b74dd429b5d,churn_3f838381,Test City,XX,delivered,2026-08-13 23:43:17,2026-08-13,2026-08,23,2026-08-12 23:43:17,2026-08-12 23:43:17,-1.0,1.0,79.04782404456404,credit_card,0.0
0121c6a1-e726-4d78-8e35-5136ed3fbce8,churn_d896b69c,Test City,XX,delivered,2026-08-13 23:43:17,2026-08-13,2026-08,23,2026-08-12 23:43:17,2026-08-12 23:43:17,-1.0,1.0,125.9157537723103,credit_card,0.0
8cb770b6-96c3-430d-88c0-7b270bda5690,churn_29035a75,Test City,XX,delivered,2026-08-13 23:43:17,2026-08-13,2026-08,23,2026-08-12 23:43:17,2026-08-12 23:43:17,-1.0,1.0,131.4325063149014,credit_card,0.0
c1603cfb-cda5-4d85-adf6-4dd22d2af561,churn_be00ecb1,Test City,XX,delivered,2026-08-13 10:43:17,2026-08-13,2026-08,10,2026-08-12 10:43:17,2026-08-12 10:43:17,-1.0,1.0,64.88335970840947,credit_card,0.0
08e24567-ac6d-4b00-918c-b8b9ac41617c,churn_5e17a2be,Test City,XX,delivered,2026-08-13 10:43:17,2026-08-13,2026-08,10,2026-08-12 10:43:17,2026-08-12 10:43:17,-1.0,1.0,107.71537796254171,credit_card,0.0
9e8d89a1-958b-4543-bde1-ea3edadce49d,churn_0a38d373,Test City,XX,delivered,2026-08-13 10:43:17,2026-08-13,2026-08,10,2026-08-12 10:43:17,2026-08-12 10:43:17,-1.0,1.0,63.98428311113102,credit_card,0.0
46885e86-4c75-4f1e-bedc-b5766e972394,retained_0e1ae950,Test City,XX,delivered,2026-08-13 09:43:17,2026-08-13,2026-08,09,2026-08-12 09:43:17,2026-08-12 09:43:17,-1.0,1.0,80.9372499034223,credit_card,0.0
40945148-6cb7-47e5-ac04-6c1e54528399,retained_713dc636,Test City,XX,delivered,2026-08-13 09:43:17,2026-08-13,2026-08,09,2026-08-12 09:43:17,2026-08-12 09:43:17,-1.0,1.0,53.40473506800541,credit_card,0.0
623be028-056f-4043-a9bb-e93fee6590d3,churn_5eacb6b5,Test City,XX,delivered,2026-08-13 09:43:17,2026-08-13,2026-08,09,2026-08-12 09:43:17,2026-08-12 09:43:17,-1.0,1.0,122.29316816178849,credit_card,0.0
e8b35616-e331-47ba-904c-f8cde47408e8,churn_d7504aac,Test City,XX,delivered,2026-08-13 08:43:17,2026-08-13,2026-08,08,2026-08-12 08:43:17,2026-08-12 08:43:17,-1.0,1.0,55.49192599538926,credit_card,0.0
8efe642c-7a74-47b4-9823-8f9ee6d3e1c2,churn_ae82b0c1,Test City,XX,delivered,2026-08-13 08:43:17,2026-08-13,2026-08,08,2026-08-12 08:43:17,2026-08-12 08:43:17,-1.0,1.0,64.96637145395049,credit_card,0.0
0a51a647-81dd-44dd-931d-c1efee23b656,churn_f6e23ece,Test City,XX,delivered,2026-08-13 08:43:17,2026-08-13,2026-08,08,2026-08-12 08:43:17,2026-08-12 08:43:17,-1.0,1.0,119.6486103811775,credit_card,0.0
987a8b49-5722-4326-aa4f-6fcffd06eb9f,retained_f09f8ede,Test City,XX,delivered,2026-08-13 07:43:17,2026-08-13,2026-08,07,2026-08-12 07:43:17,2026-08-12 07:43:17,-1.0,1.0,111.19450954734953,credit_card,0.0
cb4343bc-b5a4-47ac-86b2-ecccc9050e3d,churn_cedd29cd,Test City,XX,delivered,2026-08-13 07:43:17,2026-08-13,2026-08,07,2026-08-12 07:43:17,2026-08-12 07:43:17,-1.0,1.0,131.11766297331062,credit_card,0.0
159822bb-f6ee-4b2a-a501-1ace4eaa6330,churn_bcf5e958,Test City,XX,delivered,2026-08-13 07:43:17,2026-08-13,2026-08,07,2026-08-12 07:43:17,2026-08-12 07:43:17,-1.0,1.0,149.75413026666652,credit_card,0.0
bd979892-e603-4742-bef9-a07c1373e28d,churn_e8989162,Test City,XX,delivered,2026-08-13 06:43:17,2026-08-13,2026-08,06,2026-08-12 06:43:17,2026-08-12 06:43:17,-1.0,1.0,118.94929653309498,credit_card,0.0
a40ff864-a21a-4182-9f2c-02f352d6e7b5,retained_259b77ac,Test City,XX,delivered,2026-08-13 05:43:17,2026-08-13,2026-08,05,2026-08-12 05:43:17,2026-08-12 05:43:17,-1.0,1.0,92.38785350074862,credit_card,0.0
b030601b-243c-4ab8-a577-2a6b4b5df014,churn_167aa6bf,Test City,XX,delivered,2026-08-13 05:43:17,2026-08-13,2026-08,05,2026-08-12 05:43:17,2026-08-12 05:43:17,-1.0,1.0,148.75482258623734,credit_card,0.0
5e935b34-4f01-489b-acae-74310df102bf,churn_42131fad,Test City,XX,delivered,2026-08-13 04:43:17,2026-08-13,2026-08,04,2026-08-12 04:43:17,2026-08-12 04:43:17,-1.0,1.0,118.07805251555617,credit_card,0.0
9485bdd2-9337-4ba2-9804-3b78b33cfa6b,retained_599f62ab,Test City,XX,delivered,2026-08-13 03:43:17,2026-08-13,2026-08,03,2026-08-12 03:43:17,2026-08-12 03:43:17,-1.0,1.0,62.81402583347933,credit_card,0.0
3b7d33ff-ff8b-45a7-a755-d2216acfdedd,retained_4cd90e44,Test City,XX,delivered,2026-08-13 03:43:17,2026-08-13,2026-08,03,2026-08-12 03:43:17,2026-08-12 03:43:17,-1.0,1.0,80.07373459467945,credit_card,0.0
3967c182-ed68-40dd-b947-fefcf25e431b,churn_ff973c0b,Test City,XX,delivered,2026-08-13 03:43:17,2026-08-13,2026-08,03,2026-08-12 03:43:17,2026-08-12 03:43:17,-1.0,1.0,131.82928996670228,credit_card,0.0
b880f5a1-96f1-4e12-aa3d-4b118fffa917,churn_1fadb958,Test City,XX,delivered,2026-08-13 03:43:17,2026-08-13,2026-08,03,2026-08-12 03:43:17,2026-08-12 03:43:17,-1.0,1.0,127.26876865229924,credit_card,0.0
3d04c0a0-2829-4fae-8800-0b2cc4bd8ea9,churn_2d8ba7ce,Test City,XX,delivered,2026-08-13 03:43:17,2026-08-13,2026-08,03,2026-08-12 03:43:17,2026-08-12 03:43:17,-1.0,1.0,87.99074698259874,credit_card,0.0
5e68c262-53d4-495f-bac3-efa248acaf68,churn_e92b0abe,Test City,XX,delivered,2026-08-13 03:43:17,2026-08-13,2026-08,03,2026-08-12 03:43:17,2026-08-12 03:43:17,-1.0,1.0,127.62789047636572,credit_card,0.0
6da8f65d-135a-48fd-ab0f-88142385a638,retained_6cd3ad24,Test City,XX,delivered,2026-08-13 02:43:17,2026-08-13,2026-08,02,2026-08-12 02:43:17,2026-08-12 02:43:17,-1.0,1.0,122.69231038580479,credit_card,0.0
b20ebe77-2bea-421d-a483-41a13135e666,churn_fd6029f4,Test City,XX,delivered,2026-08-13 02:43:17,2026-08-13,2026-08,02,2026-08-12 02:43:17,2026-08-12 02:43:17,-1.0,1.0,132.28835918963668,credit_card,0.0
4820010b-57d2-41ed-a0cb-0945032d5d1a,churn_17daac86,Test City,XX,delivered,2026-08-13 01:43:17,2026-08-13,2026-08,01,2026-08-12 01:43:17,2026-08-12 01:43:17,-1.0,1.0,145.17793625406892,credit_card,0.0
d39eaa34-7994-4ed0-8fb5-1996e309a04a,churn_1b09e390,Test City,XX,delivered,2026-08-13 01:43:17,2026-08-13,2026-08,01,2026-08-12 01:43:17,2026-08-12 01:43:17,-1.0,1.0,57.730141821744574,credit_card,0.0
76acb75e-a3d4-4690-a430-f3689a69ac7f,churn_2992e752,Test City,XX,delivered,2026-08-13 01:43:17,2026-08-13,2026-08,01,2026-08-12 01:43:17,2026-08-12 01:43:17,-1.0,1.0,70.0634865993272,credit_card,0.0
31d24c5b-abc0-4eaf-bb13-acc79a95a504,churn_590b961a,Test City,XX,delivered,2026-08-13 01:43:17,2026-08-13,2026-08,01,2026-08-12 01:43:17,2026-08-12 01:43:17,-1.0,1.0,68.9269598733208,credit_card,0.0
7c04b277-6ddd-4d19-9723-3c06fcbc6142,retained_3281fd58,Test City,XX,delivered,2026-08-13 00:43:17,2026-08-13,2026-08,00,2026-08-12 00:43:17,2026-08-12 00:43:17,-1.0,1.0,101.75863691196992,credit_card,0.0
f6e04bf4-b372-47d6-9bcd-56341eb9a8c8,churn_8498c477,Test City,XX,delivered,2026-08-13 00:43:17,2026-08-13,2026-08,00,2026-08-12 00:43:17,2026-08-12 00:43:17,-1.0,1.0,126.37472415386576,credit_card,0.0
2acfbc7c-bef7-4492-82f1-7ce902e1b96c,churn_f01f27fd,Test City,XX,delivered,2026-08-13 00:43:17,2026-08-13,2026-08,00,2026-08-12 00:43:17,2026-08-12 00:43:17,-1.0,1.0,50.2111571374637,credit_card,0.0
de913c41-e507-4106-853f-0bbca24f2d8c,churn_2cef5fae,Test City,XX,delivered,2026-08-13 00:43:17,2026-08-13,2026-08,00,2026-08-12 00:43:17,2026-08-12 00:43:17,-1.0,1.0,78.2245213627235,credit_card,0.0
7907f6d8-cb00-4dd9-b819-7029b02596d6,churn_87932951,Test City,XX,delivered,2026-08-13 00:43:17,2026-08-13,2026-08,00,2026-08-12 00:43:17,2026-08-12 00:43:17,-1.0,1.0,81.93240311716735,credit_card,0.0
b5db1df2-dc53-4a77-aa72-e7c4a6768585,churn_35ec3081,Test City,XX,delivered,2026-08-13 00:43:17,2026-08-13,2026-08,00,2026-08-12 00:43:17,2026-08-12 00:43:17,-1.0,1.0,125.60787917713205,credit_card,0.0
ba60aea6-9c05-426c-a44c-9732636d4684,churn_84a5ab61,Test City,XX,delivered,2026-08-13 00:43:17,2026-08-13,2026-08,00,2026-08-12 00:43:17,2026-08-12 00:43:17,-1.0,1.0,52.95777485986969,credit_card,0.0
17de6613-9adb-40af-a39a-0fde57c9d159,churn_869c20ae,Test City,XX,delivered,2026-08-13 00:43:17,2026-08-13,2026-08,00,2026-08-12 00:43:17,2026-08-12 00:43:17,-1.0,1.0,101.35482238126714,credit_card,0.0
5a07e2f0-36e3-445c-aa13-197be0100994,retained_af10d317,Test City,XX,delivered,2026-08-12 23:43:17,2026-08-12,2026-08,23,2026-08-11 23:43:17,2026-08-11 23:43:17,-1.0,1.0,99.76203067559618,credit_card,0.0
2c1ed10a-57c4-45f0-acfd-4e41edbb4b9c,churn_757ed1da,Test City,XX,delivered,2026-08-12 23:43:17,2026-08-12,2026-08,23,2026-08-11 23:43:17,2026-08-11 23:43:17,-1.0,1.0,57.383604140717516,credit_card,0.0
e712d9fe-abd3-4558-acc9-5466d9176f0e,churn_c1f2cc27,Test City,XX,delivered,2026-08-12 23:43:17,2026-08-12,2026-08,23,2026-08-11 23:43:17,2026-08-11 23:43:17,-1.0,1.0,54.05631036391946,credit_card,0.0
32cf66a7-62d1-49b5-b9f1-a8c1c5585f78,churn_7a7c44b9,Test City,XX,delivered,2026-08-12 23:43:17,2026-08-12,2026-08,23,2026-08-11 23:43:17,2026-08-11 23:43:17,-1.0,1.0,103.17227496425942,credit_card,0.0
650607f5-4ef2-46e3-84a7-37585559bd17,retained_2f3b8047,Test City,XX,delivered,2026-08-12 10:43:17,2026-08-12,2026-08,10,2026-08-11 10:43:17,2026-08-11 10:43:17,-1.0,1.0,141.92785715551224,credit_card,0.0
6b26d43c-c79d-41a3-8db6-5566c3a67558,churn_1a275cfb,Test City,XX,delivered,2026-08-12 10:43:17,2026-08-12,2026-08,10,2026-08-11 10:43:17,2026-08-11 10:43:17,-1.0,1.0,102.10665395971373,credit_card,0.0
09d67cad-deef-4253-8b40-f2ba1d4ca285,retained_3688cc8f,Test City,XX,delivered,2026-08-12 09:43:17,2026-08-12,2026-08,09,2026-08-11 09:43:17,2026-08-11 09:43:17,-1.0,1.0,140.5366232680359,credit_card,0.0
7cb82a9d-5103-48c7-a5c5-8cd00bc71472,churn_51e6005e,Test City,XX,delivered,2026-08-12 09:43:17,2026-08-12,2026-08,09,2026-08-11 09:43:17,2026-08-11 09:43:17,-1.0,1.0,76.67406103960981,credit_card,0.0
98dc48e5-358b-4913-b160-d5256f0d6ec7,churn_2bd0b247,Test City,XX,delivered,2026-08-12 09:43:17,2026-08-12,2026-08,09,2026-08-11 09:43:17,2026-08-11 09:43:17,-1.0,1.0,53.27941032109105,credit_card,0.0
44300704-a549-4db9-b9f8-dcff06687c80,churn_ec02e7de,Test City,XX,delivered,2026-08-12 08:43:17,2026-08-12,2026-08,08,2026-08-11 08:43:17,2026-08-11 08:43:17,-1.0,1.0,77.25120218872962,credit_card,0.0
526c58ba-6c2e-4a13-be30-24e08c4fee30,churn_791a730a,Test City,XX,delivered,2026-08-12 08:43:17,2026-08-12,2026-08,08,2026-08-11 08:43:17,2026-08-11 08:43:17,-1.0,1.0,103.8668723114084,credit_card,0.0
b10623c7-1dd7-466c-9461-0ce220a0eb5b,churn_e633e6d9,Test City,XX,delivered,2026-08-12 08:43:17,2026-08-12,2026-08,08,2026-08-11 08:43:17,2026-08-11 08:43:17,-1.0,1.0,90.89566158526713,credit_card,0.0
83bd1675-e0b2-4ee0-9222-447e0531652a,retained_6b19a518,Test City,XX,delivered,2026-08-12 07:43:17,2026-08-12,2026-08,07,2026-08-11 07:43:17,2026-08-11 07:43:17,-1.0,1.0,133.55018688175616,credit_card,0.0
abbecb8b-e3f4-46c1-b145-55c421b34635,churn_7eacb1d6,Test City,XX,delivered,2026-08-12 07:43:17,2026-08-12,2026-08,07,2026-08-11 07:43:17,2026-08-11 07:43:17,-1.0,1.0,117.37281565075787,credit_card,0.0
5473736e-5d8b-4909-a2b5-b06a86b6a4c0,churn_2cd3a15c,Test City,XX,delivered,2026-08-12 07:43:17,2026-08-12,2026-08,07,2026-08-11 07:43:17,2026-08-11 07:43:17,-1.0,1.0,76.54587575950534,credit_card,0.0
a11e4aef-fd61-46f1-aad4-5706bcb0c4d2,churn_df795905,Test City,XX,delivered,2026-08-12 07:43:17,2026-08-12,2026-08,07,2026-08-11 07:43:17,2026-08-11 07:43:17,-1.0,1.0,92.6941642849088,credit_card,0.0
2cf8dc69-0b31-4bef-a839-fa2c624ef22f,retained_48e0245c,Test City,XX,delivered,2026-08-12 06:43:17,2026-08-12,2026-08,06,2026-08-11 06:43:17,2026-08-11 06:43:17,-1.0,1.0,50.69396447387798,credit_card,0.0
67ae0a5c-dc70-4355-8844-576dbcc2571d,churn_87148300,Test City,XX,delivered,2026-08-12 06:43:17,2026-08-12,2026-08,06,2026-08-11 06:43:17,2026-08-11 06:43:17,-1.0,1.0,52.60799316683724,credit_card,0.0
56ef3195-69fa-4fc6-b923-d6e4feb84fba,churn_9eab7746,Test City,XX,delivered,2026-08-12 06:43:17,2026-08-12,2026-08,06,2026-08-11 06:43:17,2026-08-11 06:43:17,-1.0,1.0,110.3734432245925,credit_card,0.0
e7327507-42b9-4350-9656-5c3a638d1cba,churn_f78fd9cd,Test City,XX,delivered,2026-08-12 06:43:17,2026-08-12,2026-08,06,2026-08-11 06:43:17,2026-08-11 06:43:17,-1.0,1.0,91.34543512980098,credit_card,0.0
31e286be-c0ce-491d-abbf-6cee51af019d,churn_ebf2bf68,Test City,XX,delivered,2026-08-12 06:43:17,2026-08-12,2026-08,06,2026-08-11 06:43:17,2026-08-11 06:43:17,-1.0,1.0,53.21327685276458,credit_card,0.0
ad4d3b75-d9e7-4cc3-83b0-39132e0a5963,retained_48cda2bc,Test City,XX,delivered,2026-08-12 05:43:17,2026-08-12,2026-08,05,2026-08-11 05:43:17,2026-08-11 05:43:17,-1.0,1.0,92.66042076854472,credit_card,0.0
ef421181-e538-4b36-84a8-4f25527e0565,churn_2f92e295,Test City,XX,delivered,2026-08-12 05:43:17,2026-08-12,2026-08,05,2026-08-11 05:43:17,2026-08-11 05:43:17,-1.0,1.0,137.45375094534626,credit_card,0.0
2b29923b-cac3-4942-8e39-5e5e73720511,churn_12b32d6c,Test City,XX,delivered,2026-08-12 05:43:17,2026-08-12,2026-08,05,2026-08-11 05:43:17,2026-08-11 05:43:17,-1.0,1.0,117.62453410317775,credit_card,0.0
b080cfcf-0b44-4557-9f24-c28cc191cbc1,churn_43a59b58,Test City,XX,delivered,2026-08-12 05:43:17,2026-08-12,2026-08,05,2026-08-11 05:43:17,2026-08-11 05:43:17,-1.0,1.0,68.18472886256532,credit_card,0.0
de219bcf-8cf0-4438-9e70-7164856cd878,churn_544d90d8,Test City,XX,delivered,2026-08-12 05:43:17,2026-08-12,2026-08,05,2026-08-11 05:43:17,2026-08-11 05:43:17,-1.0,1.0,124.16953712767777,credit_card,0.0
dfa8d73e-60e0-444e-a7d0-1d462b669116,churn_84a5ab61,Test City,XX,delivered,2026-08-12 05:43:17,2026-08-12,2026-08,05,2026-08-11 05:43:17,2026-08-11 05:43:17,-1.0,1.0,146.52873370643835,credit_card,0.0
f89618b4-6799-4b06-b06d-9e853745676a,churn_c1097c6f,Test City,XX,delivered,2026-08-12 04:43:17,2026-08-12,2026-08,04,2026-08-11 04:43:17,2026-08-11 04:43:17,-1.0,1.0,99.84264085061723,credit_card,0.0
8cf81cd3-baeb-47e4-81c2-34d4892a35f0,churn_3d1bc019,Test City,XX,delivered,2026-08-12 04:43:17,2026-08-12,2026-08,04,2026-08-11 04:43:17,2026-08-11 04:43:17,-1.0,1.0,57.56968003112394,credit_card,0.0
c674fa78-73ee-45e8-a10c-161c5749448f,retained_8d3ad672,Test City,XX,delivered,2026-08-12 03:43:17,2026-08-12,2026-08,03,2026-08-11 03:43:17,2026-08-11 03:43:17,-1.0,1.0,147.40484896947882,credit_card,0.0
30c96f09-ca65-4a91-b7b7-8124dbea5a84,retained_a30f102e,Test City,XX,delivered,2026-08-12 03:43:17,2026-08-12,2026-08,03,2026-08-11 03:43:17,2026-08-11 03:43:17,-1.0,1.0,120.9293742449997,credit_card,0.0
83407936-e3a5-4aff-a4c0-439582b3ce6e,churn_9b7ec292,Test City,XX,delivered,2026-08-12 03:43:17,2026-08-12,2026-08,03,2026-08-11 03:43:17,2026-08-11 03:43:17,-1.0,1.0,81.96479176281852,credit_card,0.0
1b104b01-e44f-4d48-8be8-0df7e6ecc659,churn_d4b4f908,Test City,XX,delivered,2026-08-12 03:43:17,2026-08-12,2026-08,03,2026-08-11 03:43:17,2026-08-11 03:43:17,-1.0,1.0,97.90350807285137,credit_card,0.0
31f73098-213a-4534-b1ab-8a675ebfa60f,churn_cb25bd5d,Test City,XX,delivered,2026-08-12 03:43:17,2026-08-12,2026-08,03,2026-08-11 03:43:17,2026-08-11 03:43:17,-1.0,1.0,134.8723827169184,credit_card,0.0
88f33567-4c00-44cd-9a25-34d6f3c25efc,churn_d1577fd6,Test City,XX,delivered,2026-08-12 03:43:17,2026-08-12,2026-08,03,2026-08-11 03:43:17,2026-08-11 03:43:17,-1.0,1.0,100.36306474914367,credit_card,0.0
aef99d04-cd11-4b1e-afdc-e512453606ba,churn_bfddc56a,Test City,XX,delivered,2026-08-12 03:43:17,2026-08-12,2026-08,03,2026-08-11 03:43:17,2026-08-11 03:43:17,-1.0,1.0,139.99531658413304,credit_card,0.0
b89eeedb-62b8-4e20-90be-6148aec5a529,churn_7ff077df,Test City,XX,delivered,2026-08-12 03:43:17,2026-08-12,2026-08,03,2026-08-11 03:43:17,2026-08-11 03:43:17,-1.0,1.0,138.31353984951934,credit_card,0.0
a18e8468-2e80-48c0-9b01-c9cc4a2fd4dc,churn_c7f3b4e3,Test City,XX,delivered,2026-08-12 03:43:17,2026-08-12,2026-08,03,2026-08-11 03:43:17,2026-08-11 03:43:17,-1.0,1.0,84.1584097716505,credit_card,0.0
d33f5715-c2ad-4c7d-afda-d419bbc5b407,retained_fcfb61d7,Test City,XX,delivered,2026-08-12 02:43:17,2026-08-12,2026-08,02,2026-08-11 02:43:17,2026-08-11 02:43:17,-1.0,1.0,117.21319297952134,credit_card,0.0
62425fb5-8b2d-4125-a586-8d51e43e5a09,churn_d70e1bf2,Test City,XX,delivered,2026-08-12 02:43:17,2026-08-12,2026-08,02,2026-08-11 02:43:17,2026-08-11 02:43:17,-1.0,1.0,107.37155758784772,credit_card,0.0
f683ed29-fdae-4234-aff8-e198664abc37,churn_416905e1,Test City,XX,delivered,2026-08-12 02:43:17,2026-08-12,2026-08,02,2026-08-11 02:43:17,2026-08-11 02:43:17,-1.0,1.0,89.64269187848006,credit_card,0.0
2d58c410-15e6-48fd-b14b-97f78c26663a,churn_f983f8de,Test City,XX,delivered,2026-08-12 02:43:17,2026-08-12,2026-08,02,2026-08-11 02:43:17,2026-08-11 02:43:17,-1.0,1.0,147.58867370832039,credit_card,0.0
70587751-54cb-47fc-a09a-90e41fd2d4e7,churn_c20e984f,Test City,XX,delivered,2026-08-12 02:43:17,2026-08-12,2026-08,02,2026-08-11 02:43:17,2026-08-11 02:43:17,-1.0,1.0,128.90615203560668,credit_card,0.0
025015a2-c7d1-4e32-aadf-1a0e2452f78c,churn_c3e2372a,Test City,XX,delivered,2026-08-12 02:43:17,2026-08-12,2026-08,02,2026-08-11 02:43:17,2026-08-11 02:43:17,-1.0,1.0,68.28603968852372,credit_card,0.0
bdef41e7-363e-41c5-852f-eb5891a87e9d,churn_dcf565f0,Test City,XX,delivered,2026-08-12 02:43:17,2026-08-12,2026-08,02,2026-08-11 02:43:17,2026-08-11 02:43:17,-1.0,1.0,57.22937792134387,credit_card,0.0
ee6e1f28-067d-44a5-9418-b58ecd4590be,churn_15b1c022,Test City,XX,delivered,2026-08-12 01:43:17,2026-08-12,2026-08,01,2026-08-11 01:43:17,2026-08-11 01:43:17,-1.0,1.0,112.24191618844777,credit_card,0.0
00b77799-c726-44b0-b2ec-d368802bd199,churn_fcd8af1a,Test City,XX,delivered,2026-08-12 01:43:17,2026-08-12,2026-08,01,2026-08-11 01:43:17,2026-08-11 01:43:17,-1.0,1.0,77.91361297348942,credit_card,0.0
5e6a82b7-a3ca-4d29-9bae-dfa12dd23fb4,churn_070382d8,Test City,XX,delivered,2026-08-12 00:43:17,2026-08-12,2026-08,00,2026-08-11 00:43:17,2026-08-11 00:43:17,-1.0,1.0,64.03371100964263,credit_card,0.0
8dbd75a6-9a1d-4b72-96f3-2afad45d0355,retained_817f8e8e,Test City,XX,delivered,2026-08-11 23:43:17,2026-08-11,2026-08,23,2026-08-10 23:43:17,2026-08-10 23:43:17,-1.0,1.0,139.27680887206185,credit_card,0.0
12dfb098-1687-4fa4-869e-954dd3ec4fb8,retained_98976e0f,Test City,XX,delivered,2026-08-11 23:43:17,2026-08-11,2026-08,23,2026-08-10 23:43:17,2026-08-10 23:43:17,-1.0,1.0,107.40002021900253,credit_card,0.0
a53c5660-f98f-4314-9b06-8344bec0da16,churn_70a2e2a7,Test City,XX,delivered,2026-08-11 23:43:17,2026-08-11,2026-08,23,2026-08-10 23:43:17,2026-08-10 23:43:17,-1.0,1.0,116.55202761105264,credit_card,0.0
b02fb66b-b862-43f3-a8de-e81081bf8809,churn_7da7a988,Test City,XX,delivered,2026-08-11 23:43:17,2026-08-11,2026-08,23,2026-08-10 23:43:17,2026-08-10 23:43:17,-1.0,1.0,132.11094598856982,credit_card,0.0
6466e7c9-45b7-4c45-80bc-07cadec0425d,churn_f9f8a4e1,Test City,XX,delivered,2026-08-11 23:43:17,2026-08-11,2026-08,23,2026-08-10 23:43:17,2026-08-10 23:43:17,-1.0,1.0,58.87587285370179,credit_card,0.0
a1005229-f1db-4e91-9d95-83b33d1a5f90,churn_277fd4b0,Test City,XX,delivered,2026-08-11 23:43:17,2026-08-11,2026-08,23,2026-08-10 23:43:17,2026-08-10 23:43:17,-1.0,1.0,111.0348434511751,credit_card,0.0
ef2f0dae-0f46-4083-b039-42a3e698c048,retained_1d7b3bc9,Test City,XX,delivered,2026-08-11 10:43:17,2026-08-11,2026-08,10,2026-08-10 10:43:17,2026-08-10 10:43:17,-1.0,1.0,80.47202289119494,credit_card,0.0
2b2e3de3-8fca-4c29-888e-f2e1ffaefda8,churn_366e0795,Test City,XX,delivered,2026-08-11 10:43:17,2026-08-11,2026-08,10,2026-08-10 10:43:17,2026-08-10 10:43:17,-1.0,1.0,75.99052533324706,credit_card,0.0
a67e57a8-59a9-447e-b517-97a9b6344336,churn_cff866e3,Test City,XX,delivered,2026-08-11 10:43:17,2026-08-11,2026-08,10,2026-08-10 10:43:17,2026-08-10 10:43:17,-1.0,1.0,69.7185737177904,credit_card,0.0
5089b7cb-d741-4a93-a39e-a897483aa81b,churn_b708ac7c,Test City,XX,delivered,2026-08-11 10:43:17,2026-08-11,2026-08,10,2026-08-10 10:43:17,2026-08-10 10:43:17,-1.0,1.0,118.72595712585681,credit_card,0.0
69964a62-f628-483b-8d1b-a22be64f9a82,retained_6dd91e87,Test City,XX,delivered,2026-08-11 09:43:17,2026-08-11,2026-08,09,2026-08-10 09:43:17,2026-08-10 09:43:17,-1.0,1.0,83.48717383089317,credit_card,0.0
8a5f6646-60a9-42fd-9d94-9544bd6711b1,churn_41494ba3,Test City,XX,delivered,2026-08-11 09:43:17,2026-08-11,2026-08,09,2026-08-10 09:43:17,2026-08-10 09:43:17,-1.0,1.0,65.0620313185095,credit_card,0.0
84944270-0405-44e9-ae81-02d434130174,churn_72eb8224,Test City,XX,delivered,2026-08-11 09:43:17,2026-08-11,2026-08,09,2026-08-10 09:43:17,2026-08-10 09:43:17,-1.0,1.0,118.02830429290442,credit_card,0.0
345a42cb-4da8-4d54-b4ec-785dc5ab60bc,churn_fb5bacac,Test City,XX,delivered,2026-08-11 09:43:17,2026-08-11,2026-08,09,2026-08-10 09:43:17,2026-08-10 09:43:17,-1.0,1.0,72.16994287974774,credit_card,0.0
257ae650-dd2e-49d0-bca0-415a18e49ef2,churn_619298ac,Test City,XX,delivered,2026-08-11 09:43:17,2026-08-11,2026-08,09,2026-08-10 09:43:17,2026-08-10 09:43:17,-1.0,1.0,95.71027556689637,credit_card,0.0
4b69e90c-1987-4b2c-b767-c79b1c7a0e72,churn_c8640e84,Test City,XX,delivered,2026-08-11 08:43:17,2026-08-11,2026-08,08,2026-08-10 08:43:17,2026-08-10 08:43:17,-1.0,1.0,146.14123449143307,credit_card,0.0
61c6d382-6a1d-4451-9a20-c8eff5d917cb,churn_55811f18,Test City,XX,delivered,2026-08-11 08:43:17,2026-08-11,2026-08,08,2026-08-10 08:43:17,2026-08-10 08:43:17,-1.0,1.0,82.98081684323523,credit_card,0.0
58a2330f-f802-46ad-a869-3e80aaee79b4,churn_3106a98e,Test City,XX,delivered,2026-08-11 08:43:17,2026-08-11,2026-08,08,2026-08-10 08:43:17,2026-08-10 08:43:17,-1.0,1.0,135.05373046785616,credit_card,0.0
74b5c42b-48e7-4c44-b733-5e6060b9a309,churn_5bf77593,Test City,XX,delivered,2026-08-11 08:43:17,2026-08-11,2026-08,08,2026-08-10 08:43:17,2026-08-10 08:43:17,-1.0,1.0,56.23879221730046,credit_card,0.0
68b02f4d-aa21-429b-9c8f-859e38042798,churn_be403b5d,Test City,XX,delivered,2026-08-11 08:43:17,2026-08-11,2026-08,08,2026-08-10 08:43:17,2026-08-10 08:43:17,-1.0,1.0,104.03634811354146,credit_card,0.0
7beeffbf-f0b0-48f4-b03f-987283d3f2ce,churn_b48f990e,Test City,XX,delivered,2026-08-11 08:43:17,2026-08-11,2026-08,08,2026-08-10 08:43:17,2026-08-10 08:43:17,-1.0,1.0,101.24603679541414,credit_card,0.0
e97b5f0b-1848-4c68-bbd6-5840c42cbf71,churn_2cef5fae,Test City,XX,delivered,2026-08-11 08:43:17,2026-08-11,2026-08,08,2026-08-10 08:43:17,2026-08-10 08:43:17,-1.0,1.0,57.5851391977487,credit_card,0.0
aeb38a04-d4d0-4173-a393-a0437b1be750,retained_d261eb7c,Test City,XX,delivered,2026-08-11 07:43:17,2026-08-11,2026-08,07,2026-08-10 07:43:17,2026-08-10 07:43:17,-1.0,1.0,82.29828096289708,credit_card,0.0
d69ddeda-ca8c-488f-bdc8-27daff9c62af,churn_d9290ca4,Test City,XX,delivered,2026-08-11 07:43:17,2026-08-11,2026-08,07,2026-08-10 07:43:17,2026-08-10 07:43:17,-1.0,1.0,94.97574231884641,credit_card,0.0
7935d048-2f5a-405b-9b3f-5e4e6e4af9b9,retained_48c2457d,Test City,XX,delivered,2026-08-11 06:43:17,2026-08-11,2026-08,06,2026-08-10 06:43:17,2026-08-10 06:43:17,-1.0,1.0,81.0968772811242,credit_card,0.0
c988bddf-a984-4cdf-8427-72e8204603d9,churn_c94ae23c,Test City,XX,delivered,2026-08-11 06:43:17,2026-08-11,2026-08,06,2026-08-10 06:43:17,2026-08-10 06:43:17,-1.0,1.0,61.3499339760389,credit_card,0.0
a49d666f-2a99-46fc-9aad-ccccc38f6981,retained_e59e8c6d,Test City,XX,delivered,2026-08-11 05:43:17,2026-08-11,2026-08,05,2026-08-10 05:43:17,2026-08-10 05:43:17,-1.0,1.0,65.3500270264315,credit_card,0.0
3f6bacc6-d850-4570-8229-48cbb44b35f8,churn_b7681565,Test City,XX,delivered,2026-08-11 05:43:17,2026-08-11,2026-08,05,2026-08-10 05:43:17,2026-08-10 05:43:17,-1.0,1.0,102.55801312676229,credit_card,0.0
78335864-47ce-4438-ad8d-ac92dc9559aa,churn_407db90a,Test City,XX,delivered,2026-08-11 05:43:17,2026-08-11,2026-08,05,2026-08-10 05:43:17,2026-08-10 05:43:17,-1.0,1.0,66.4831102143976,credit_card,0.0
54129523-8c0d-4417-b8e1-869c849f3939,churn_1df0e32b,Test City,XX,delivered,2026-08-11 04:43:17,2026-08-11,2026-08,04,2026-08-10 04:43:17,2026-08-10 04:43:17,-1.0,1.0,62.39200096592088,credit_card,0.0
a4f42945-d2b4-4fe1-8bff-fc6bc29dc5fd,churn_1bcbdda8,Test City,XX,delivered,2026-08-11 04:43:17,2026-08-11,2026-08,04,2026-08-10 04:43:17,2026-08-10 04:43:17,-1.0,1.0,143.84840716982072,credit_card,0.0
9b61e032-ac9d-4244-aa7c-a06baa685f96,retained_01e5ca31,Test City,XX,delivered,2026-08-11 03:43:17,2026-08-11,2026-08,03,2026-08-10 03:43:17,2026-08-10 03:43:17,-1.0,1.0,117.07466772220727,credit_card,0.0
dd1bece3-e4ea-46f0-9ba2-7313229ebb2e,retained_a0db70a0,Test City,XX,delivered,2026-08-11 03:43:17,2026-08-11,2026-08,03,2026-08-10 03:43:17,2026-08-10 03:43:17,-1.0,1.0,122.4902545514928,credit_card,0.0
a18c9fb8-074c-41cf-8cab-3f3229afae73,churn_ffc21cd5,Test City,XX,delivered,2026-08-11 03:43:17,2026-08-11,2026-08,03,2026-08-10 03:43:17,2026-08-10 03:43:17,-1.0,1.0,105.52704964326819,credit_card,0.0
d7af4e52-d0a9-41a2-8d55-25a242addeab,churn_2cd3a15c,Test City,XX,delivered,2026-08-11 03:43:17,2026-08-11,2026-08,03,2026-08-10 03:43:17,2026-08-10 03:43:17,-1.0,1.0,58.49137830413138,credit_card,0.0
9a69ce0f-ac4f-41e7-b3a9-d3d09c905fee,churn_e92b0abe,Test City,XX,delivered,2026-08-11 03:43:17,2026-08-11,2026-08,03,2026-08-10 03:43:17,2026-08-10 03:43:17,-1.0,1.0,58.05674147425172,credit_card,0.0
fae7646d-a6b7-493e-b35f-8ae162238388,churn_b83f9462,Test City,XX,delivered,2026-08-11 02:43:17,2026-08-11,2026-08,02,2026-08-10 02:43:17,2026-08-10 02:43:17,-1.0,1.0,126.67162106344955,credit_card,0.0
4086d99b-5aa5-4f22-82b3-00b566d6da0a,churn_0404de8f,Test City,XX,delivered,2026-08-11 02:43:17,2026-08-11,2026-08,02,2026-08-10 02:43:17,2026-08-10 02:43:17,-1.0,1.0,149.22778653748904,credit_card,0.0
ae9fce36-aa88-48b0-9e0e-b9e0c2542f89,churn_80a2aa64,Test City,XX,delivered,2026-08-11 02:43:17,2026-08-11,2026-08,02,2026-08-10 02:43:17,2026-08-10 02:43:17,-1.0,1.0,100.87505502394242,credit_card,0.0
b08c1515-cf13-47d0-a107-ffdff628bee2,churn_c7293dd3,Test City,XX,delivered,2026-08-11 02:43:17,2026-08-11,2026-08,02,2026-08-10 02:43:17,2026-08-10 02:43:17,-1.0,1.0,79.26074883736473,credit_card,0.0
fe2f726d-a86d-4ee3-b05a-558ed827f489,churn_2992e752,Test City,XX,delivered,2026-08-11 02:43:17,2026-08-11,2026-08,02,2026-08-10 02:43:17,2026-08-10 02:43:17,-1.0,1.0,115.99939727442926,credit_card,0.0
7db06038-549d-4c57-9b74-c2b7534bbc64,churn_d161919f,Test City,XX,delivered,2026-08-11 01:43:17,2026-08-11,2026-08,01,2026-08-10 01:43:17,2026-08-10 01:43:17,-1.0,1.0,144.60847062187935,credit_card,0.0
1da5e55a-a5e4-4376-9587-e9c4b46ce394,churn_f297f528,Test City,XX,delivered,2026-08-11 01:43:17,2026-08-11,2026-08,01,2026-08-10 01:43:17,2026-08-10 01:43:17,-1.0,1.0,140.86448365595692,credit_card,0.0
1173b869-c4fb-4f06-9d0a-5d809dc66710,churn_d0b9c057,Test City,XX,delivered,2026-08-11 01:43:17,2026-08-11,2026-08,01,2026-08-10 01:43:17,2026-08-10 01:43:17,-1.0,1.0,106.93648654818173,credit_card,0.0
e4725460-b367-4e88-9d00-94a8328c6153,churn_2cc08aec,Test City,XX,delivered,2026-08-11 01:43:17,2026-08-11,2026-08,01,2026-08-10 01:43:17,2026-08-10 01:43:17,-1.0,1.0,107.20186383566809,credit_card,0.0
36ee2c05-e63c-47f2-8b3d-20740d79d372,retained_38cbf0c5,Test City,XX,delivered,2026-08-11 00:43:17,2026-08-11,2026-08,00,2026-08-10 00:43:17,2026-08-10 00:43:17,-1.0,1.0,81.839893142743,credit_card,0.0
297765b8-709a-4a95-87b0-7e34a85fca23,churn_f93d0fff,Test City,XX,delivered,2026-08-11 00:43:17,2026-08-11,2026-08,00,2026-08-10 00:43:17,2026-08-10 00:43:17,-1.0,1.0,68.58310012359176,credit_card,0.0
225e64e3-7b27-44a8-a1d5-88bbb66b56fc,churn_14577d44,Test City,XX,delivered,2026-08-11 00:43:17,2026-08-11,2026-08,00,2026-08-10 00:43:17,2026-08-10 00:43:17,-1.0,1.0,132.79887823712437,credit_card,0.0
7de3d005-c731-4bb9-b099-ebcd7dcbc8f4,churn_198b1b9e,Test City,XX,delivered,2026-08-11 00:43:17,2026-08-11,2026-08,00,2026-08-10 00:43:17,2026-08-10 00:43:17,-1.0,1.0,60.455135076056365,credit_card,0.0
63f26ab1-e391-4755-80fe-fdf3ee403a68,churn_0e6bc6a8,Test City,XX,delivered,2026-08-10 23:43:17,2026-08-10,2026-08,23,2026-08-09 23:43:17,2026-08-09 23:43:17,-1.0,1.0,89.43861831107067,credit_card,0.0
4b00cbdb-b269-4b81-9a5b-ba9285fd0e1d,churn_05ccb735,Test City,XX,delivered,2026-08-10 23:43:17,2026-08-10,2026-08,23,2026-08-09 23:43:17,2026-08-09 23:43:17,-1.0,1.0,57.78487034334403,credit_card,0.0
df499731-0b63-4a17-9679-cc2d6aff3364,churn_ac59c0c5,Test City,XX,delivered,2026-08-10 23:43:17,2026-08-10,2026-08,23,2026-08-09 23:43:17,2026-08-09 23:43:17,-1.0,1.0,78.80878482435797,credit_card,0.0
06fad9fe-98fd-414b-94ee-96e54981e1c1,churn_7f0a15ee,Test City,XX,delivered,2026-08-10 10:43:17,2026-08-10,2026-08,10,2026-08-09 10:43:17,2026-08-09 10:43:17,-1.0,1.0,101.92629771354461,credit_card,0.0
7c5eade3-fc68-48d7-a9e8-a0ba1f95ae0f,churn_274c9124,Test City,XX,delivered,2026-08-10 10:43:17,2026-08-10,2026-08,10,2026-08-09 10:43:17,2026-08-09 10:43:17,-1.0,1.0,103.28232585974594,credit_card,0.0
8e1b19a8-6d24-44e0-980e-f2491eb42594,retained_ce429f8c,Test City,XX,delivered,2026-08-10 09:43:17,2026-08-10,2026-08,09,2026-08-09 09:43:17,2026-08-09 09:43:17,-1.0,1.0,81.09272198657331,credit_card,0.0
b74bb172-0684-450b-a850-87e13fc11d3f,churn_7e914b6c,Test City,XX,delivered,2026-08-10 09:43:17,2026-08-10,2026-08,09,2026-08-09 09:43:17,2026-08-09 09:43:17,-1.0,1.0,133.73993512319845,credit_card,0.0
d38b3337-fadf-48cc-80dc-e4479c975ed1,churn_f4a2747f,Test City,XX,delivered,2026-08-10 09:43:17,2026-08-10,2026-08,09,2026-08-09 09:43:17,2026-08-09 09:43:17,-1.0,1.0,75.45921376362008,credit_card,0.0
94360c61-ca45-407d-a830-dd81eb8081e3,churn_ae3adb11,Test City,XX,delivered,2026-08-10 09:43:17,2026-08-10,2026-08,09,2026-08-09 09:43:17,2026-08-09 09:43:17,-1.0,1.0,119.98779311907393,credit_card,0.0
23bd48c9-1bea-4c9f-82b8-ab233f6ba59e,churn_b64009ca,Test City,XX,delivered,2026-08-10 09:43:17,2026-08-10,2026-08,09,2026-08-09 09:43:17,2026-08-09 09:43:17,-1.0,1.0,119.63290416025197,credit_card,0.0
b689daba-b479-4d9b-a2e1-3ba02ddfed28,retained_2f82229f,Test City,XX,delivered,2026-08-10 08:43:17,2026-08-10,2026-08,08,2026-08-09 08:43:17,2026-08-09 08:43:17,-1.0,1.0,94.0247913835268,credit_card,0.0
7341a39e-a8d9-4cb1-889c-fcad5c23b0f1,churn_66b0508f,Test City,XX,delivered,2026-08-10 08:43:17,2026-08-10,2026-08,08,2026-08-09 08:43:17,2026-08-09 08:43:17,-1.0,1.0,104.72290880774032,credit_card,0.0
cbaa4c17-e88a-4a50-8864-b953e26ff6b0,churn_cd5adcbc,Test City,XX,delivered,2026-08-10 08:43:17,2026-08-10,2026-08,08,2026-08-09 08:43:17,2026-08-09 08:43:17,-1.0,1.0,107.19750430475094,credit_card,0.0
8d04f27f-88da-4960-9679-96d93c4aff5b,churn_573dd778,Test City,XX,delivered,2026-08-10 08:43:17,2026-08-10,2026-08,08,2026-08-09 08:43:17,2026-08-09 08:43:17,-1.0,1.0,119.95383254638699,credit_card,0.0
16a09a09-8443-4782-b427-7337f600a5d4,churn_4dca0abf,Test City,XX,delivered,2026-08-10 08:43:17,2026-08-10,2026-08,08,2026-08-09 08:43:17,2026-08-09 08:43:17,-1.0,1.0,69.78074900203578,credit_card,0.0
9a51510f-a290-4e78-9a0c-485e704090f2,churn_e003746f,Test City,XX,delivered,2026-08-10 08:43:17,2026-08-10,2026-08,08,2026-08-09 08:43:17,2026-08-09 08:43:17,-1.0,1.0,124.53377156033086,credit_card,0.0
2c55b672-e051-4708-bb89-5ef808f9dc6d,churn_81257e55,Test City,XX,delivered,2026-08-10 08:43:17,2026-08-10,2026-08,08,2026-08-09 08:43:17,2026-08-09 08:43:17,-1.0,1.0,55.1669725038936,credit_card,0.0
9bbb6d9b-54cf-403a-ad64-a7b1e0f08a0c,retained_06d36389,Test City,XX,delivered,2026-08-10 07:43:17,2026-08-10,2026-08,07,2026-08-09 07:43:17,2026-08-09 07:43:17,-1.0,1.0,72.34236249807483,credit_card,0.0
fdf7006e-9813-46d6-86f1-64f82452c128,retained_134cb3e5,Test City,XX,delivered,2026-08-10 07:43:17,2026-08-10,2026-08,07,2026-08-09 07:43:17,2026-08-09 07:43:17,-1.0,1.0,124.1287981719897,credit_card,0.0
637f8cb1-072e-4a6f-bd3b-b80296e39a59,retained_da71ccfd,Test City,XX,delivered,2026-08-10 07:43:17,2026-08-10,2026-08,07,2026-08-09 07:43:17,2026-08-09 07:43:17,-1.0,1.0,72.25052815233423,credit_card,0.0
2399e684-d2b5-479b-8d51-b646fe3bbcf6,retained_6fb8d563,Test City,XX,delivered,2026-08-10 07:43:17,2026-08-10,2026-08,07,2026-08-09 07:43:17,2026-08-09 07:43:17,-1.0,1.0,96.73387377799044,credit_card,0.0
e29570be-6f1f-4675-b982-8e8b43b661ed,churn_4ee8dca6,Test City,XX,delivered,2026-08-10 07:43:17,2026-08-10,2026-08,07,2026-08-09 07:43:17,2026-08-09 07:43:17,-1.0,1.0,111.36249030701914,credit_card,0.0
f037b63d-1955-41a8-9dc3-c8f2e1bca748,churn_d0b9c057,Test City,XX,delivered,2026-08-10 07:43:17,2026-08-10,2026-08,07,2026-08-09 07:43:17,2026-08-09 07:43:17,-1.0,1.0,52.7848053704267,credit_card,0.0
576c2023-368b-4dfb-bb55-43044e7bbf1e,churn_ef827f6c,Test City,XX,delivered,2026-08-10 07:43:17,2026-08-10,2026-08,07,2026-08-09 07:43:17,2026-08-09 07:43:17,-1.0,1.0,111.23293419643966,credit_card,0.0
9d80a4bb-a9db-4099-9a5c-c816ce2ec1c9,retained_528bbdcc,Test City,XX,delivered,2026-08-10 06:43:17,2026-08-10,2026-08,06,2026-08-09 06:43:17,2026-08-09 06:43:17,-1.0,1.0,99.24202471437485,credit_card,0.0
9b22268b-1bc9-4178-8f3d-482f6deb8d92,churn_31b11993,Test City,XX,delivered,2026-08-10 06:43:17,2026-08-10,2026-08,06,2026-08-09 06:43:17,2026-08-09 06:43:17,-1.0,1.0,70.84079519168834,credit_card,0.0
bf055d5f-4ce8-4527-8da4-73c2256daf46,churn_32775fce,Test City,XX,delivered,2026-08-10 06:43:17,2026-08-10,2026-08,06,2026-08-09 06:43:17,2026-08-09 06:43:17,-1.0,1.0,146.8248130211353,credit_card,0.0
e6daef3e-5814-4590-9592-59fe16ed487e,churn_4df26a0b,Test City,XX,delivered,2026-08-10 06:43:17,2026-08-10,2026-08,06,2026-08-09 06:43:17,2026-08-09 06:43:17,-1.0,1.0,101.86345042409658,credit_card,0.0
bff1a0a6-d391-4fc6-b349-4c3ca56ad3dd,churn_02415626,Test City,XX,delivered,2026-08-10 06:43:17,2026-08-10,2026-08,06,2026-08-09 06:43:17,2026-08-09 06:43:17,-1.0,1.0,146.01576715255067,credit_card,0.0
1d89555f-e060-4687-a142-3a5c59d668ad,churn_51e6005e,Test City,XX,delivered,2026-08-10 06:43:17,2026-08-10,2026-08,06,2026-08-09 06:43:17,2026-08-09 06:43:17,-1.0,1.0,106.8353510228943,credit_card,0.0
903e1be1-d5fc-4b29-8d9d-919577a98b80,churn_b449bebd,Test City,XX,delivered,2026-08-10 06:43:17,2026-08-10,2026-08,06,2026-08-09 06:43:17,2026-08-09 06:43:17,-1.0,1.0,100.15222660127492,credit_card,0.0
92fa0748-cb1f-4f06-99f6-eb4f240dfda4,churn_db51270f,Test City,XX,delivered,2026-08-10 06:43:17,2026-08-10,2026-08,06,2026-08-09 06:43:17,2026-08-09 06:43:17,-1.0,1.0,70.10258781453174,credit_card,0.0
4aba07f1-27fa-4242-9838-36d6e6674772,retained_b6592f36,Test City,XX,delivered,2026-08-10 05:43:17,2026-08-10,2026-08,05,2026-08-09 05:43:17,2026-08-09 05:43:17,-1.0,1.0,133.31009890177225,credit_card,0.0
a5653e9c-e9df-4169-8ca3-b21a2340d776,churn_c332cdd6,Test City,XX,delivered,2026-08-10 05:43:17,2026-08-10,2026-08,05,2026-08-09 05:43:17,2026-08-09 05:43:17,-1.0,1.0,112.15168756303673,credit_card,0.0
2a028fcc-ea2a-40fc-a7e9-1bbbdb2bf6e6,churn_fca140bd,Test City,XX,delivered,2026-08-10 05:43:17,2026-08-10,2026-08,05,2026-08-09 05:43:17,2026-08-09 05:43:17,-1.0,1.0,63.23973288710797,credit_card,0.0
ed70c370-d826-4986-b585-3488b97a754e,churn_99f60a1d,Test City,XX,delivered,2026-08-10 05:43:17,2026-08-10,2026-08,05,2026-08-09 05:43:17,2026-08-09 05:43:17,-1.0,1.0,102.8805955085545,credit_card,0.0
a1278b51-1f44-4d97-8b7b-236333483ff3,churn_73e7c65b,Test City,XX,delivered,2026-08-10 05:43:17,2026-08-10,2026-08,05,2026-08-09 05:43:17,2026-08-09 05:43:17,-1.0,1.0,122.34320075761448,credit_card,0.0
fd02237b-2b2c-4490-ab19-cfd68e39a942,churn_14577d44,Test City,XX,delivered,2026-08-10 04:43:17,2026-08-10,2026-08,04,2026-08-09 04:43:17,2026-08-09 04:43:17,-1.0,1.0,92.22986954459896,credit_card,0.0
ce29faaa-c4da-4671-9363-f85743c2153e,churn_55c8595d,Test City,XX,delivered,2026-08-10 04:43:17,2026-08-10,2026-08,04,2026-08-09 04:43:17,2026-08-09 04:43:17,-1.0,1.0,101.73353518395808,credit_card,0.0
28477eb1-4237-490f-9157-0901faa2d647,churn_99354ab0,Test City,XX,delivered,2026-08-10 04:43:17,2026-08-10,2026-08,04,2026-08-09 04:43:17,2026-08-09 04:43:17,-1.0,1.0,121.97189930041733,credit_card,0.0
071b74a0-e36c-4b4c-b172-72bbd7c3c826,churn_a69516a4,Test City,XX,delivered,2026-08-10 04:43:17,2026-08-10,2026-08,04,2026-08-09 04:43:17,2026-08-09 04:43:17,-1.0,1.0,70.31517014290935,credit_card,0.0
95085a23-45be-4d0d-b88b-8ade4ac0bdc1,churn_98bb107e,Test City,XX,delivered,2026-08-10 03:43:17,2026-08-10,2026-08,03,2026-08-09 03:43:17,2026-08-09 03:43:17,-1.0,1.0,133.15307934744573,credit_card,0.0
533b001e-a3fc-412b-8af9-2052869a2e3a,churn_28e66d1b,Test City,XX,delivered,2026-08-10 03:43:17,2026-08-10,2026-08,03,2026-08-09 03:43:17,2026-08-09 03:43:17,-1.0,1.0,123.95003140635163,credit_card,0.0
b731d057-6546-43ea-90c3-942625e1e112,churn_785a4db7,Test City,XX,delivered,2026-08-10 03:43:17,2026-08-10,2026-08,03,2026-08-09 03:43:17,2026-08-09 03:43:17,-1.0,1.0,71.77054155712882,credit_card,0.0
1622aac5-e7c7-4937-819b-a10539365e34,retained_6f4d7f2c,Test City,XX,delivered,2026-08-10 02:43:17,2026-08-10,2026-08,02,2026-08-09 02:43:17,2026-08-09 02:43:17,-1.0,1.0,112.50972962971426,credit_card,0.0
8b93bb4f-c7a5-46d9-9674-357f2382b7a0,churn_3afbb4ef,Test City,XX,delivered,2026-08-10 02:43:17,2026-08-10,2026-08,02,2026-08-09 02:43:17,2026-08-09 02:43:17,-1.0,1.0,61.709916510053034,credit_card,0.0
7bcc5c4b-f219-4f53-b369-cbdd88859749,churn_2e9eb6bb,Test City,XX,delivered,2026-08-10 02:43:17,2026-08-10,2026-08,02,2026-08-09 02:43:17,2026-08-09 02:43:17,-1.0,1.0,129.07927739916232,credit_card,0.0
7a42add1-6d77-4889-8b20-06d0e9e754b1,churn_6e702565,Test City,XX,delivered,2026-08-10 02:43:17,2026-08-10,2026-08,02,2026-08-09 02:43:17,2026-08-09 02:43:17,-1.0,1.0,149.92492303577347,credit_card,0.0
1d89a473-3dd8-4b5b-a5d7-a4f98b12e981,churn_7e8f0ca2,Test City,XX,delivered,2026-08-10 02:43:17,2026-08-10,2026-08,02,2026-08-09 02:43:17,2026-08-09 02:43:17,-1.0,1.0,132.82871975760634,credit_card,0.0
41a2f44d-18b8-426c-8479-edfaa7ff2ebb,churn_dc3fbf26,Test City,XX,delivered,2026-08-10 02:43:17,2026-08-10,2026-08,02,2026-08-09 02:43:17,2026-08-09 02:43:17,-1.0,1.0,73.05288366888023,credit_card,0.0
5e15e2a1-17df-4881-8771-7d4f9bd1c3b2,churn_890ecd8d,Test City,XX,delivered,2026-08-10 01:43:17,2026-08-10,2026-08,01,2026-08-09 01:43:17,2026-08-09 01:43:17,-1.0,1.0,72.61009837228048,credit_card,0.0
ee1a072c-412b-47b4-a356-6ddc92d40de0,churn_6df3574a,Test City,XX,delivered,2026-08-10 01:43:17,2026-08-10,2026-08,01,2026-08-09 01:43:17,2026-08-09 01:43:17,-1.0,1.0,135.49071141473343,credit_card,0.0
caa19023-8018-4e3c-a9df-7627eedce7f7,churn_7150240a,Test City,XX,delivered,2026-08-10 00:43:17,2026-08-10,2026-08,00,2026-08-09 00:43:17,2026-08-09 00:43:17,-1.0,1.0,54.58102964693919,credit_card,0.0
e798bed3-78c7-4a82-9a1c-9d66cca391c8,churn_4a6881a7,Test City,XX,delivered,2026-08-10 00:43:17,2026-08-10,2026-08,00,2026-08-09 00:43:17,2026-08-09 00:43:17,-1.0,1.0,112.74292502640324,credit_card,0.0
7c8997bf-f9e6-4a3c-9a0c-b53d4f457a35,churn_c178ebc1,Test City,XX,delivered,2026-08-10 00:43:17,2026-08-10,2026-08,00,2026-08-09 00:43:17,2026-08-09 00:43:17,-1.0,1.0,119.37079767817623,credit_card,0.0
d1d2fe4e-e543-473a-825f-0e7b96e032f1,churn_bf156272,Test City,XX,delivered,2026-08-09 23:43:17,2026-08-09,2026-08,23,2026-08-08 23:43:17,2026-08-08 23:43:17,-1.0,1.0,67.6676147708535,credit_card,0.0
9fb163ee-8d9c-4a30-af57-821ed0b1dd57,churn_8c589100,Test City,XX,delivered,2026-08-09 23:43:17,2026-08-09,2026-08,23,2026-08-08 23:43:17,2026-08-08 23:43:17,-1.0,1.0,63.223099873162596,credit_card,0.0
bd523540-610a-4032-993f-9771afc99ef5,churn_eceefb8d,Test City,XX,delivered,2026-08-09 23:43:17,2026-08-09,2026-08,23,2026-08-08 23:43:17,2026-08-08 23:43:17,-1.0,1.0,121.34239038885283,credit_card,0.0
d84e4907-b432-4eaa-8817-33b9a7bafcfc,churn_7a4bdd0b,Test City,XX,delivered,2026-08-09 23:43:17,2026-08-09,2026-08,23,2026-08-08 23:43:17,2026-08-08 23:43:17,-1.0,1.0,71.21226162579929,credit_card,0.0
95c87b2d-e4f4-46eb-8b4f-9ca52c89a20b,churn_440883de,Test City,XX,delivered,2026-08-09 10:43:17,2026-08-09,2026-08,10,2026-08-08 10:43:17,2026-08-08 10:43:17,-1.0,1.0,91.7709524663705,credit_card,0.0
6dd91e03-3b22-4220-8fa7-b77675f49c95,churn_6d4df94d,Test City,XX,delivered,2026-08-09 10:43:17,2026-08-09,2026-08,10,2026-08-08 10:43:17,2026-08-08 10:43:17,-1.0,1.0,127.45984336927407,credit_card,0.0
8dc0f1fc-4e47-42c2-9d09-a94a206c6a93,churn_b5b5339c,Test City,XX,delivered,2026-08-09 10:43:17,2026-08-09,2026-08,10,2026-08-08 10:43:17,2026-08-08 10:43:17,-1.0,1.0,118.38156160042942,credit_card,0.0
64b6aeb1-3026-477e-b05f-cb2471f3bc1d,churn_2746b118,Test City,XX,delivered,2026-08-09 10:43:17,2026-08-09,2026-08,10,2026-08-08 10:43:17,2026-08-08 10:43:17,-1.0,1.0,58.96583732655456,credit_card,0.0
9c3dba3e-52a4-4483-a45f-d54db7759221,churn_065b431c,Test City,XX,delivered,2026-08-09 10:43:17,2026-08-09,2026-08,10,2026-08-08 10:43:17,2026-08-08 10:43:17,-1.0,1.0,72.86779286466485,credit_card,0.0
62d97482-6658-4e8e-aafd-46407b7e6299,retained_d261eb7c,Test City,XX,delivered,2026-08-09 09:43:17,2026-08-09,2026-08,09,2026-08-08 09:43:17,2026-08-08 09:43:17,-1.0,1.0,90.09567947905173,credit_card,0.0
38cbcec6-d75d-4a68-91f5-9fcc7c988082,churn_caf0848c,Test City,XX,delivered,2026-08-09 09:43:17,2026-08-09,2026-08,09,2026-08-08 09:43:17,2026-08-08 09:43:17,-1.0,1.0,125.24718385153791,credit_card,0.0
0b4731b8-6ade-4a98-83fa-aca90021bd7a,churn_ff973c0b,Test City,XX,delivered,2026-08-09 09:43:17,2026-08-09,2026-08,09,2026-08-08 09:43:17,2026-08-08 09:43:17,-1.0,1.0,73.94264614187156,credit_card,0.0
05d2d3a4-ca95-4a75-9aa5-11111b0cdb8f,churn_dabe35c2,Test City,XX,delivered,2026-08-09 09:43:17,2026-08-09,2026-08,09,2026-08-08 09:43:17,2026-08-08 09:43:17,-1.0,1.0,67.24134124727172,credit_card,0.0
e6eb3657-c138-45ac-96e9-c52863b43715,churn_e597a397,Test City,XX,delivered,2026-08-09 09:43:17,2026-08-09,2026-08,09,2026-08-08 09:43:17,2026-08-08 09:43:17,-1.0,1.0,66.83486368718754,credit_card,0.0
fb0b3043-b740-40c5-91fb-185ce7507181,retained_feed5aa6,Test City,XX,delivered,2026-08-09 08:43:17,2026-08-09,2026-08,08,2026-08-08 08:43:17,2026-08-08 08:43:17,-1.0,1.0,75.95954185010153,credit_card,0.0
0089bbd0-1de6-43ad-89ff-71d8d6d1dfb6,churn_fa0e98c5,Test City,XX,delivered,2026-08-09 08:43:17,2026-08-09,2026-08,08,2026-08-08 08:43:17,2026-08-08 08:43:17,-1.0,1.0,58.16870432132272,credit_card,0.0
98f88c09-153a-476e-aa54-36f4967a2e4d,churn_b040a819,Test City,XX,delivered,2026-08-09 08:43:17,2026-08-09,2026-08,08,2026-08-08 08:43:17,2026-08-08 08:43:17,-1.0,1.0,60.79698425533637,credit_card,0.0
4a6b9ff1-d683-45f4-81ac-8ad1b7b04db5,churn_2d109d59,Test City,XX,delivered,2026-08-09 08:43:17,2026-08-09,2026-08,08,2026-08-08 08:43:17,2026-08-08 08:43:17,-1.0,1.0,146.76635489346683,credit_card,0.0
8bb403d5-dc07-4bb0-9c8b-9f57fa8697d0,retained_2d4c28a7,Test City,XX,delivered,2026-08-09 07:43:17,2026-08-09,2026-08,07,2026-08-08 07:43:17,2026-08-08 07:43:17,-1.0,1.0,53.70277528706969,credit_card,0.0
c2b83a51-ce69-4816-8695-f75b932958ee,churn_b8994770,Test City,XX,delivered,2026-08-09 07:43:17,2026-08-09,2026-08,07,2026-08-08 07:43:17,2026-08-08 07:43:17,-1.0,1.0,54.862332443514674,credit_card,0.0
5def0b24-fda8-480f-8c79-2ed11a9f5bfa,retained_66c654e5,Test City,XX,delivered,2026-08-09 05:43:17,2026-08-09,2026-08,05,2026-08-08 05:43:17,2026-08-08 05:43:17,-1.0,1.0,98.90680472215476,credit_card,0.0
3969a3fb-8e6a-4f98-89c4-34db90092feb,churn_79c43140,Test City,XX,delivered,2026-08-09 05:43:17,2026-08-09,2026-08,05,2026-08-08 05:43:17,2026-08-08 05:43:17,-1.0,1.0,59.02924248277161,credit_card,0.0
4095a91c-55df-442e-954c-921e1009eb1f,churn_01c5dac6,Test City,XX,delivered,2026-08-09 05:43:17,2026-08-09,2026-08,05,2026-08-08 05:43:17,2026-08-08 05:43:17,-1.0,1.0,77.61529874087614,credit_card,0.0
d8bdb765-f9b8-418b-9e06-e75e2e52cc0a,churn_15a2c2e3,Test City,XX,delivered,2026-08-09 05:43:17,2026-08-09,2026-08,05,2026-08-08 05:43:17,2026-08-08 05:43:17,-1.0,1.0,142.6235821600683,credit_card,0.0
3a8193cb-4665-490d-b404-c8cfc57db3da,churn_2903478d,Test City,XX,delivered,2026-08-09 05:43:17,2026-08-09,2026-08,05,2026-08-08 05:43:17,2026-08-08 05:43:17,-1.0,1.0,115.39538896773604,credit_card,0.0
72dc60d1-ef6a-4c13-877a-ac21fbf41aaa,churn_a1935158,Test City,XX,delivered,2026-08-09 05:43:17,2026-08-09,2026-08,05,2026-08-08 05:43:17,2026-08-08 05:43:17,-1.0,1.0,62.08692267494493,credit_card,0.0
f2016920-0a17-49df-a467-8f18ecab0036,churn_4fa8aab8,Test City,XX,delivered,2026-08-09 04:43:17,2026-08-09,2026-08,04,2026-08-08 04:43:17,2026-08-08 04:43:17,-1.0,1.0,113.2983149178318,credit_card,0.0
8a14ef81-330b-4cf2-b187-e76ff03fdb72,churn_a92afbee,Test City,XX,delivered,2026-08-09 04:43:17,2026-08-09,2026-08,04,2026-08-08 04:43:17,2026-08-08 04:43:17,-1.0,1.0,125.37645456589253,credit_card,0.0
d64f99c9-364d-4f4c-9301-ccd4635ec09f,churn_a8bdea74,Test City,XX,delivered,2026-08-09 04:43:17,2026-08-09,2026-08,04,2026-08-08 04:43:17,2026-08-08 04:43:17,-1.0,1.0,117.20864684547962,credit_card,0.0
d13c113f-e9cb-4a32-80c1-c4be8013763b,retained_c199db10,Test City,XX,delivered,2026-08-09 03:43:17,2026-08-09,2026-08,03,2026-08-08 03:43:17,2026-08-08 03:43:17,-1.0,1.0,140.44947514924615,credit_card,0.0
114aa967-37b6-446a-b7ea-0c0946b6d835,churn_f635c5b3,Test City,XX,delivered,2026-08-09 03:43:17,2026-08-09,2026-08,03,2026-08-08 03:43:17,2026-08-08 03:43:17,-1.0,1.0,116.0133181776002,credit_card,0.0
1c599097-0ab5-4c96-91f0-f8546b2432e2,churn_32775fce,Test City,XX,delivered,2026-08-09 03:43:17,2026-08-09,2026-08,03,2026-08-08 03:43:17,2026-08-08 03:43:17,-1.0,1.0,68.64057170046603,credit_card,0.0
49d7c995-89fd-44cd-b651-17bdee45b5dd,churn_b449bebd,Test City,XX,delivered,2026-08-09 03:43:17,2026-08-09,2026-08,03,2026-08-08 03:43:17,2026-08-08 03:43:17,-1.0,1.0,77.03937499396294,credit_card,0.0
ae222f58-5c86-41b1-ab44-2e9bd8aec971,churn_8a300b38,Test City,XX,delivered,2026-08-09 03:43:17,2026-08-09,2026-08,03,2026-08-08 03:43:17,2026-08-08 03:43:17,-1.0,1.0,117.66321158513351,credit_card,0.0
2388b08c-4d49-47ca-8c3c-0589bc4a8f64,retained_617e5f99,Test City,XX,delivered,2026-08-09 02:43:17,2026-08-09,2026-08,02,2026-08-08 02:43:17,2026-08-08 02:43:17,-1.0,1.0,51.037712203911504,credit_card,0.0
3151fda2-4deb-4c20-b1b9-4e71f72b4640,churn_ecb4e556,Test City,XX,delivered,2026-08-09 02:43:17,2026-08-09,2026-08,02,2026-08-08 02:43:17,2026-08-08 02:43:17,-1.0,1.0,142.99828248743984,credit_card,0.0
e9ffa91c-2a05-43db-bebd-6a677c64014d,churn_c178ebc1,Test City,XX,delivered,2026-08-09 02:43:17,2026-08-09,2026-08,02,2026-08-08 02:43:17,2026-08-08 02:43:17,-1.0,1.0,141.90422715398122,credit_card,0.0
a19abdfc-f6db-420a-9392-eb3e427d8e84,retained_787e6d92,Test City,XX,delivered,2026-08-09 01:43:17,2026-08-09,2026-08,01,2026-08-08 01:43:17,2026-08-08 01:43:17,-1.0,1.0,71.15014913007553,credit_card,0.0
f3b8d208-838c-4308-a8f2-e17337676c52,retained_eae24b15,Test City,XX,delivered,2026-08-09 01:43:17,2026-08-09,2026-08,01,2026-08-08 01:43:17,2026-08-08 01:43:17,-1.0,1.0,148.1941943172113,credit_card,0.0
19f45934-70a4-476a-8a4d-e37b81920484,retained_4a6cbef7,Test City,XX,delivered,2026-08-09 01:43:17,2026-08-09,2026-08,01,2026-08-08 01:43:17,2026-08-08 01:43:17,-1.0,1.0,53.459585895084786,credit_card,0.0
2f35d7f4-66ac-47fa-9e48-4ac01436b5e4,churn_7894815e,Test City,XX,delivered,2026-08-09 01:43:17,2026-08-09,2026-08,01,2026-08-08 01:43:17,2026-08-08 01:43:17,-1.0,1.0,138.09033543461078,credit_card,0.0
65119556-b05c-48aa-b132-775b012ff8bd,churn_eceefb8d,Test City,XX,delivered,2026-08-09 01:43:17,2026-08-09,2026-08,01,2026-08-08 01:43:17,2026-08-08 01:43:17,-1.0,1.0,57.60720286351967,credit_card,0.0
110a5f7a-bba1-4951-8ab9-806a876b54b2,churn_c20e984f,Test City,XX,delivered,2026-08-09 01:43:17,2026-08-09,2026-08,01,2026-08-08 01:43:17,2026-08-08 01:43:17,-1.0,1.0,146.04417937480662,credit_card,0.0
7535e4ae-0157-4370-ae4d-262242ea4c51,churn_4d18853b,Test City,XX,delivered,2026-08-09 01:43:17,2026-08-09,2026-08,01,2026-08-08 01:43:17,2026-08-08 01:43:17,-1.0,1.0,93.81446211980003,credit_card,0.0
45488ff5-7ecb-453b-aa0b-f18199d40c59,retained_d8d8322b,Test City,XX,delivered,2026-08-09 00:43:17,2026-08-09,2026-08,00,2026-08-08 00:43:17,2026-08-08 00:43:17,-1.0,1.0,127.66179642354601,credit_card,0.0
43729855-6a86-4337-a706-9f5b260df79b,churn_8b73abce,Test City,XX,delivered,2026-08-09 00:43:17,2026-08-09,2026-08,00,2026-08-08 00:43:17,2026-08-08 00:43:17,-1.0,1.0,133.63090284555247,credit_card,0.0
eb5abe81-1d62-4b4a-a175-8229ffc6711e,churn_6500c162,Test City,XX,delivered,2026-08-09 00:43:17,2026-08-09,2026-08,00,2026-08-08 00:43:17,2026-08-08 00:43:17,-1.0,1.0,88.16819581995344,credit_card,0.0
e5b016a5-ad82-4069-92b2-78667a25404a,churn_286fb56b,Test City,XX,delivered,2026-08-09 00:43:17,2026-08-09,2026-08,00,2026-08-08 00:43:17,2026-08-08 00:43:17,-1.0,1.0,88.1720937709031,credit_card,0.0
e8e47e59-2bbf-4d8f-9402-5bd2bde9f8c3,churn_8d6387a2,Test City,XX,delivered,2026-08-09 00:43:17,2026-08-09,2026-08,00,2026-08-08 00:43:17,2026-08-08 00:43:17,-1.0,1.0,148.0273665402885,credit_card,0.0
30e6d936-fedd-4dd7-ab65-7367ffd023ca,churn_c1d92f9e,Test City,XX,delivered,2026-08-09 00:43:17,2026-08-09,2026-08,00,2026-08-08 00:43:17,2026-08-08 00:43:17,-1.0,1.0,89.30987452867325,credit_card,0.0
eaba4530-cc5b-4875-9ba3-503e5ca56434,retained_c199db10,Test City,XX,delivered,2026-08-08 23:43:17,2026-08-08,2026-08,23,2026-08-07 23:43:17,2026-08-07 23:43:17,-1.0,1.0,124.6520787877565,credit_card,0.0
3af46b98-849b-4895-8541-6ff02f64d42a,retained_b4bf0d85,Test City,XX,delivered,2026-08-08 23:43:17,2026-08-08,2026-08,23,2026-08-07 23:43:17,2026-08-07 23:43:17,-1.0,1.0,115.57602334657864,credit_card,0.0
3818f493-e9fe-4a44-838d-592cc5c5ca29,churn_147d36e3,Test City,XX,delivered,2026-08-08 23:43:17,2026-08-08,2026-08,23,2026-08-07 23:43:17,2026-08-07 23:43:17,-1.0,1.0,137.9853996253958,credit_card,0.0
1023f656-66ac-4c6a-ab16-4316147ff680,churn_e531261e,Test City,XX,delivered,2026-08-08 23:43:17,2026-08-08,2026-08,23,2026-08-07 23:43:17,2026-08-07 23:43:17,-1.0,1.0,102.67519821587163,credit_card,0.0
1dee53d0-3dee-496f-a6e4-a18a033cb929,churn_29035a75,Test City,XX,delivered,2026-08-08 23:43:17,2026-08-08,2026-08,23,2026-08-07 23:43:17,2026-08-07 23:43:17,-1.0,1.0,92.59891675460362,credit_card,0.0
5038c127-cbff-493e-925d-16021051228b,retained_be224efa,Test City,XX,delivered,2026-08-08 10:43:17,2026-08-08,2026-08,10,2026-08-07 10:43:17,2026-08-07 10:43:17,-1.0,1.0,67.01857468890259,credit_card,0.0
568e58ff-77c5-4cc2-9859-4a5ec10a4a8b,churn_f718aa1f,Test City,XX,delivered,2026-08-08 10:43:17,2026-08-08,2026-08,10,2026-08-07 10:43:17,2026-08-07 10:43:17,-1.0,1.0,136.17841502749164,credit_card,0.0
38a62c05-35b7-48c9-90c4-3ebcb6f7b91b,churn_193290ec,Test City,XX,delivered,2026-08-08 10:43:17,2026-08-08,2026-08,10,2026-08-07 10:43:17,2026-08-07 10:43:17,-1.0,1.0,131.2881405487875,credit_card,0.0
7e4ef105-7094-43a3-9f37-b6b2815702de,churn_06b5bd1c,Test City,XX,delivered,2026-08-08 10:43:17,2026-08-08,2026-08,10,2026-08-07 10:43:17,2026-08-07 10:43:17,-1.0,1.0,59.241579097963424,credit_card,0.0
01acb397-d9d9-4335-925e-2c386cb9c1f3,churn_eba9e396,Test City,XX,delivered,2026-08-08 10:43:17,2026-08-08,2026-08,10,2026-08-07 10:43:17,2026-08-07 10:43:17,-1.0,1.0,63.354835420117205,credit_card,0.0
d0e50bb9-e278-4468-98c2-99247d1c85b6,churn_c601e34e,Test City,XX,delivered,2026-08-08 10:43:17,2026-08-08,2026-08,10,2026-08-07 10:43:17,2026-08-07 10:43:17,-1.0,1.0,142.90594128966256,credit_card,0.0
31b4656f-7cef-43a8-af12-3a878988332d,retained_16aa7ade,Test City,XX,delivered,2026-08-08 09:43:17,2026-08-08,2026-08,09,2026-08-07 09:43:17,2026-08-07 09:43:17,-1.0,1.0,92.38179151719557,credit_card,0.0
1db736c4-426e-4973-a1ae-1cf0aac6ff82,churn_f33f82ee,Test City,XX,delivered,2026-08-08 09:43:17,2026-08-08,2026-08,09,2026-08-07 09:43:17,2026-08-07 09:43:17,-1.0,1.0,107.99522455653849,credit_card,0.0
bdd725ba-01ef-4c1d-abde-fb7990d2cb64,churn_e9afd50d,Test City,XX,delivered,2026-08-08 09:43:17,2026-08-08,2026-08,09,2026-08-07 09:43:17,2026-08-07 09:43:17,-1.0,1.0,103.67235173369926,credit_card,0.0
5a078ab4-4e81-4deb-97a7-e1cc5a20a694,churn_30884516,Test City,XX,delivered,2026-08-08 08:43:17,2026-08-08,2026-08,08,2026-08-07 08:43:17,2026-08-07 08:43:17,-1.0,1.0,83.92283415940045,credit_card,0.0
22ec2a7b-515c-46df-97b9-4b41e91e52dc,churn_e87227e3,Test City,XX,delivered,2026-08-08 08:43:17,2026-08-08,2026-08,08,2026-08-07 08:43:17,2026-08-07 08:43:17,-1.0,1.0,149.20877212077005,credit_card,0.0
1f8f4a68-2367-46e9-8a16-239cf9509967,retained_dfa6226a,Test City,XX,delivered,2026-08-08 07:43:17,2026-08-08,2026-08,07,2026-08-07 07:43:17,2026-08-07 07:43:17,-1.0,1.0,134.47869013410937,credit_card,0.0
1b422a9b-b678-4377-9c98-0af9828ca5bc,retained_e10238e5,Test City,XX,delivered,2026-08-08 07:43:17,2026-08-08,2026-08,07,2026-08-07 07:43:17,2026-08-07 07:43:17,-1.0,1.0,146.27993600130714,credit_card,0.0
a9a1b100-20ed-4ba7-8789-f6474f0de7cd,retained_8a95dcb9,Test City,XX,delivered,2026-08-08 07:43:17,2026-08-08,2026-08,07,2026-08-07 07:43:17,2026-08-07 07:43:17,-1.0,1.0,100.75196269311546,credit_card,0.0
4b8aee95-7da1-49bf-830d-6a290af71e5c,retained_29cd6283,Test City,XX,delivered,2026-08-08 07:43:17,2026-08-08,2026-08,07,2026-08-07 07:43:17,2026-08-07 07:43:17,-1.0,1.0,144.97232312349874,credit_card,0.0
44efd6be-3020-4130-b95f-d850faf2a177,churn_85b2c26e,Test City,XX,delivered,2026-08-08 07:43:17,2026-08-08,2026-08,07,2026-08-07 07:43:17,2026-08-07 07:43:17,-1.0,1.0,61.906564218456204,credit_card,0.0
7c7ff64f-3195-4277-a349-34378ee71864,churn_d7efa9f0,Test City,XX,delivered,2026-08-08 07:43:17,2026-08-08,2026-08,07,2026-08-07 07:43:17,2026-08-07 07:43:17,-1.0,1.0,74.34195314232608,credit_card,0.0
deb19173-b0f9-48b8-820e-2b2ca915dae0,churn_e8492fcb,Test City,XX,delivered,2026-08-08 07:43:17,2026-08-08,2026-08,07,2026-08-07 07:43:17,2026-08-07 07:43:17,-1.0,1.0,70.51413239074105,credit_card,0.0
2f139716-cdfd-4093-a575-c005cb98a9f7,churn_e4224011,Test City,XX,delivered,2026-08-08 07:43:17,2026-08-08,2026-08,07,2026-08-07 07:43:17,2026-08-07 07:43:17,-1.0,1.0,110.74054480632232,credit_card,0.0
c65d8214-fe8c-4b5b-8bd3-ec999dd0b604,churn_b4d7da75,Test City,XX,delivered,2026-08-08 07:43:17,2026-08-08,2026-08,07,2026-08-07 07:43:17,2026-08-07 07:43:17,-1.0,1.0,143.11386033051542,credit_card,0.0
23431665-486f-45fc-90cc-7266deb932f0,retained_1d7b3bc9,Test City,XX,delivered,2026-08-08 06:43:17,2026-08-08,2026-08,06,2026-08-07 06:43:17,2026-08-07 06:43:17,-1.0,1.0,71.78841163242858,credit_card,0.0
dd451f33-0631-465e-bb86-e12cefc834e7,retained_c68326b0,Test City,XX,delivered,2026-08-08 06:43:17,2026-08-08,2026-08,06,2026-08-07 06:43:17,2026-08-07 06:43:17,-1.0,1.0,95.50284903228496,credit_card,0.0
03b10f24-4368-4af1-ad07-5161c11758e3,churn_64a0e0dc,Test City,XX,delivered,2026-08-08 06:43:17,2026-08-08,2026-08,06,2026-08-07 06:43:17,2026-08-07 06:43:17,-1.0,1.0,52.82128484907469,credit_card,0.0
6d75995c-b7fe-4a94-b56c-bdb09a18b9ed,retained_d0cf204e,Test City,XX,delivered,2026-08-08 05:43:17,2026-08-08,2026-08,05,2026-08-07 05:43:17,2026-08-07 05:43:17,-1.0,1.0,125.92670298842677,credit_card,0.0
6d2bf749-a9b9-480e-8d2f-232e661e414e,churn_dd98f6cb,Test City,XX,delivered,2026-08-08 05:43:17,2026-08-08,2026-08,05,2026-08-07 05:43:17,2026-08-07 05:43:17,-1.0,1.0,52.67495979728205,credit_card,0.0
40f01b96-a548-4374-a9db-7cfbba089b3d,churn_df795905,Test City,XX,delivered,2026-08-08 05:43:17,2026-08-08,2026-08,05,2026-08-07 05:43:17,2026-08-07 05:43:17,-1.0,1.0,103.45190892700599,credit_card,0.0
90a8ae94-94cb-4290-8e99-b4484b162df5,churn_86992014,Test City,XX,delivered,2026-08-08 05:43:17,2026-08-08,2026-08,05,2026-08-07 05:43:17,2026-08-07 05:43:17,-1.0,1.0,68.96297014134767,credit_card,0.0
d5ac3892-faa6-476f-bb8b-114774c92cd9,retained_7fb66e7a,Test City,XX,delivered,2026-08-08 04:43:17,2026-08-08,2026-08,04,2026-08-07 04:43:17,2026-08-07 04:43:17,-1.0,1.0,134.8543936512062,credit_card,0.0
1a3d0fd3-313b-4e42-8557-2365e0c2dabb,churn_23506b1b,Test City,XX,delivered,2026-08-08 04:43:17,2026-08-08,2026-08,04,2026-08-07 04:43:17,2026-08-07 04:43:17,-1.0,1.0,83.32382859638878,credit_card,0.0
64780311-e776-4172-a25b-7aa97aec868b,churn_238e4a8d,Test City,XX,delivered,2026-08-08 04:43:17,2026-08-08,2026-08,04,2026-08-07 04:43:17,2026-08-07 04:43:17,-1.0,1.0,67.47550586259882,credit_card,0.0
cf4d2985-99e1-416b-8d4b-0dc4eb169c11,churn_dfd2a07b,Test City,XX,delivered,2026-08-08 04:43:17,2026-08-08,2026-08,04,2026-08-07 04:43:17,2026-08-07 04:43:17,-1.0,1.0,81.46039728084239,credit_card,0.0
f786f9cc-37ba-4f86-92d0-b14800a9bbbf,churn_385f03cd,Test City,XX,delivered,2026-08-08 04:43:17,2026-08-08,2026-08,04,2026-08-07 04:43:17,2026-08-07 04:43:17,-1.0,1.0,103.89886393871133,credit_card,0.0
5c7d9845-145f-450e-84af-c35b9fe0d7df,churn_fa807da6,Test City,XX,delivered,2026-08-08 03:43:17,2026-08-08,2026-08,03,2026-08-07 03:43:17,2026-08-07 03:43:17,-1.0,1.0,115.0163786063422,credit_card,0.0
27451e6f-857e-46fa-9f87-886940d4c659,churn_47ebc05c,Test City,XX,delivered,2026-08-08 03:43:17,2026-08-08,2026-08,03,2026-08-07 03:43:17,2026-08-07 03:43:17,-1.0,1.0,88.36438308026831,credit_card,0.0
f70251e6-c5e1-464a-8c32-c3a81c7e8661,retained_f9d4de8e,Test City,XX,delivered,2026-08-08 02:43:17,2026-08-08,2026-08,02,2026-08-07 02:43:17,2026-08-07 02:43:17,-1.0,1.0,74.36267952387892,credit_card,0.0
7522b342-7a33-42d9-b6a8-9ebf00c89ea9,retained_7dad4069,Test City,XX,delivered,2026-08-08 02:43:17,2026-08-08,2026-08,02,2026-08-07 02:43:17,2026-08-07 02:43:17,-1.0,1.0,142.20337414368225,credit_card,0.0
d048ca4c-cbb3-4fd5-8cee-f6ef6ec5c813,churn_2e4c3835,Test City,XX,delivered,2026-08-08 02:43:17,2026-08-08,2026-08,02,2026-08-07 02:43:17,2026-08-07 02:43:17,-1.0,1.0,62.262796619031775,credit_card,0.0
2f85b85a-b042-49fa-a20a-e3ac221a8afe,churn_6fdbfe66,Test City,XX,delivered,2026-08-08 02:43:17,2026-08-08,2026-08,02,2026-08-07 02:43:17,2026-08-07 02:43:17,-1.0,1.0,142.40705475142724,credit_card,0.0
9c28c636-f18a-411f-966d-e50827a3e0b3,churn_c357f927,Test City,XX,delivered,2026-08-08 01:43:17,2026-08-08,2026-08,01,2026-08-07 01:43:17,2026-08-07 01:43:17,-1.0,1.0,106.12348867551029,credit_card,0.0
08dd7297-3b46-4c20-af15-b2df2c2df448,churn_721d6cc9,Test City,XX,delivered,2026-08-08 01:43:17,2026-08-08,2026-08,01,2026-08-07 01:43:17,2026-08-07 01:43:17,-1.0,1.0,78.38794615494835,credit_card,0.0
5bc2ae41-98cd-46ed-969c-9f5ff33dc981,churn_703ab54f,Test City,XX,delivered,2026-08-08 01:43:17,2026-08-08,2026-08,01,2026-08-07 01:43:17,2026-08-07 01:43:17,-1.0,1.0,73.02670627330474,credit_card,0.0
30edfe63-2aac-42bf-814e-fa0a50233d5f,churn_d36ea9d0,Test City,XX,delivered,2026-08-08 00:43:17,2026-08-08,2026-08,00,2026-08-07 00:43:17,2026-08-07 00:43:17,-1.0,1.0,63.40655422699667,credit_card,0.0
d479b77f-4bde-4674-b0b2-91be84077638,churn_3d9e363a,Test City,XX,delivered,2026-08-08 00:43:17,2026-08-08,2026-08,00,2026-08-07 00:43:17,2026-08-07 00:43:17,-1.0,1.0,139.6755975187677,credit_card,0.0
4606c0cc-6ed2-4f24-b17e-2a00b74a8798,churn_fb725b3f,Test City,XX,delivered,2026-08-08 00:43:17,2026-08-08,2026-08,00,2026-08-07 00:43:17,2026-08-07 00:43:17,-1.0,1.0,106.29646389943855,credit_card,0.0
11c70fd8-9827-485f-8385-0a039ac986b6,retained_be4825d5,Test City,XX,delivered,2026-08-07 23:43:17,2026-08-07,2026-08,23,2026-08-06 23:43:17,2026-08-06 23:43:17,-1.0,1.0,56.27187081610522,credit_card,0.0
362ccb86-628d-492e-974b-81baf63a799b,churn_05d4b62b,Test City,XX,delivered,2026-08-07 23:43:17,2026-08-07,2026-08,23,2026-08-06 23:43:17,2026-08-06 23:43:17,-1.0,1.0,149.08282134998854,credit_card,0.0
4a63f3ef-50cc-403a-800d-1da18075ab36,churn_9969dfa5,Test City,XX,delivered,2026-08-07 23:43:17,2026-08-07,2026-08,23,2026-08-06 23:43:17,2026-08-06 23:43:17,-1.0,1.0,139.23896001113212,credit_card,0.0
15459cb3-d903-4a0f-ae00-ad214c919b36,churn_dd4dd1da,Test City,XX,delivered,2026-08-07 23:43:17,2026-08-07,2026-08,23,2026-08-06 23:43:17,2026-08-06 23:43:17,-1.0,1.0,72.67261040543431,credit_card,0.0
67b89902-4403-4b82-a420-571dc5690997,churn_ac59c0c5,Test City,XX,delivered,2026-08-07 23:43:17,2026-08-07,2026-08,23,2026-08-06 23:43:17,2026-08-06 23:43:17,-1.0,1.0,64.84364035494492,credit_card,0.0
cad1eee8-728a-47e0-ac88-6d28c6967bd1,churn_16d8806e,Test City,XX,delivered,2026-08-07 23:43:17,2026-08-07,2026-08,23,2026-08-06 23:43:17,2026-08-06 23:43:17,-1.0,1.0,76.95857598555266,credit_card,0.0
2d67c7bf-9bb3-4203-a249-2e05d8a9d748,churn_e525220e,Test City,XX,delivered,2026-08-07 23:43:17,2026-08-07,2026-08,23,2026-08-06 23:43:17,2026-08-06 23:43:17,-1.0,1.0,120.80975990870593,credit_card,0.0
295af2c2-c923-491a-80bb-7d23f01d8a2d,retained_0c155bae,Test City,XX,delivered,2026-08-07 10:43:17,2026-08-07,2026-08,10,2026-08-06 10:43:17,2026-08-06 10:43:17,-1.0,1.0,122.77739542477336,credit_card,0.0
b65467f8-5000-4a71-9c53-22d449513389,churn_0aefdca9,Test City,XX,delivered,2026-08-07 10:43:17,2026-08-07,2026-08,10,2026-08-06 10:43:17,2026-08-06 10:43:17,-1.0,1.0,134.0273657287757,credit_card,0.0
1fa2a378-982c-416c-8a2f-48726416a14d,churn_15e2b51f,Test City,XX,delivered,2026-08-07 10:43:17,2026-08-07,2026-08,10,2026-08-06 10:43:17,2026-08-06 10:43:17,-1.0,1.0,97.98137934032049,credit_card,0.0
6cefaaa1-9ad7-4917-a619-ca0a7fae3391,retained_c82fb2d7,Test City,XX,delivered,2026-08-07 09:43:17,2026-08-07,2026-08,09,2026-08-06 09:43:17,2026-08-06 09:43:17,-1.0,1.0,61.27214676387794,credit_card,0.0
e334929f-acb9-4d52-85c1-d7f2f0cb10c6,churn_f27148be,Test City,XX,delivered,2026-08-07 09:43:17,2026-08-07,2026-08,09,2026-08-06 09:43:17,2026-08-06 09:43:17,-1.0,1.0,123.51843402893414,credit_card,0.0
cb16d152-2b81-436b-b76a-b87ed029fd6b,churn_7df48e93,Test City,XX,delivered,2026-08-07 09:43:17,2026-08-07,2026-08,09,2026-08-06 09:43:17,2026-08-06 09:43:17,-1.0,1.0,141.34571733646933,credit_card,0.0
98c7c6ce-47bb-4627-b2fb-45ec55c0e01b,churn_a173427a,Test City,XX,delivered,2026-08-07 09:43:17,2026-08-07,2026-08,09,2026-08-06 09:43:17,2026-08-06 09:43:17,-1.0,1.0,119.68821050397104,credit_card,0.0
90025747-a02b-4cc0-8770-d79be37d00d3,churn_6f143d3b,Test City,XX,delivered,2026-08-07 09:43:17,2026-08-07,2026-08,09,2026-08-06 09:43:17,2026-08-06 09:43:17,-1.0,1.0,142.07067115303647,credit_card,0.0
6dfc2578-41e3-404f-bc6d-e4f889f643ff,retained_6cf14acb,Test City,XX,delivered,2026-08-07 08:43:17,2026-08-07,2026-08,08,2026-08-06 08:43:17,2026-08-06 08:43:17,-1.0,1.0,84.7820335766846,credit_card,0.0
07e3f128-6d6c-4de8-9873-b54dcd768859,churn_63bac39f,Test City,XX,delivered,2026-08-07 08:43:17,2026-08-07,2026-08,08,2026-08-06 08:43:17,2026-08-06 08:43:17,-1.0,1.0,76.07220076301783,credit_card,0.0
4f5378b2-d31d-45cc-b8c4-b0c1d190c692,churn_e597a397,Test City,XX,delivered,2026-08-07 08:43:17,2026-08-07,2026-08,08,2026-08-06 08:43:17,2026-08-06 08:43:17,-1.0,1.0,109.69667940763377,credit_card,0.0
464bfe89-617f-4413-9930-f1af351b0b97,churn_2c6b2c5a,Test City,XX,delivered,2026-08-07 08:43:17,2026-08-07,2026-08,08,2026-08-06 08:43:17,2026-08-06 08:43:17,-1.0,1.0,146.60843119531387,credit_card,0.0
5ac1d065-1b77-47d5-8c90-bb172714a5fc,churn_9691a1f4,Test City,XX,delivered,2026-08-07 08:43:17,2026-08-07,2026-08,08,2026-08-06 08:43:17,2026-08-06 08:43:17,-1.0,1.0,52.27678838972597,credit_card,0.0
b862bb31-2af6-44e1-87a2-35a9b17bb78c,retained_3daadc74,Test City,XX,delivered,2026-08-07 07:43:17,2026-08-07,2026-08,07,2026-08-06 07:43:17,2026-08-06 07:43:17,-1.0,1.0,79.3342017919317,credit_card,0.0
6f95fd34-04fe-4a32-a1c2-1b0af2fb77f6,churn_39699d13,Test City,XX,delivered,2026-08-07 07:43:17,2026-08-07,2026-08,07,2026-08-06 07:43:17,2026-08-06 07:43:17,-1.0,1.0,148.13129622463856,credit_card,0.0
f0d7e2a4-07c5-4eb6-9302-5604838bdc1e,churn_5d878fe9,Test City,XX,delivered,2026-08-07 07:43:17,2026-08-07,2026-08,07,2026-08-06 07:43:17,2026-08-06 07:43:17,-1.0,1.0,83.74175430449635,credit_card,0.0
337a5279-c67e-4575-81b6-05ae0d4dc3a0,churn_9f8b3352,Test City,XX,delivered,2026-08-07 07:43:17,2026-08-07,2026-08,07,2026-08-06 07:43:17,2026-08-06 07:43:17,-1.0,1.0,144.812781497144,credit_card,0.0
252af229-214b-4bb3-b1e5-2a2049f0ecbe,retained_98d74e38,Test City,XX,delivered,2026-08-07 06:43:17,2026-08-07,2026-08,06,2026-08-06 06:43:17,2026-08-06 06:43:17,-1.0,1.0,124.95716343237918,credit_card,0.0
c2ee93ee-f036-4912-9f73-39917095852d,churn_bcd530c6,Test City,XX,delivered,2026-08-07 06:43:17,2026-08-07,2026-08,06,2026-08-06 06:43:17,2026-08-06 06:43:17,-1.0,1.0,80.35089502123725,credit_card,0.0
87c20528-c6ed-47dc-aac0-efdbcaee7803,churn_dabe35c2,Test City,XX,delivered,2026-08-07 06:43:17,2026-08-07,2026-08,06,2026-08-06 06:43:17,2026-08-06 06:43:17,-1.0,1.0,142.5049646975324,credit_card,0.0
7d0f31db-4440-49d9-9fcb-467ad66d800c,retained_66c654e5,Test City,XX,delivered,2026-08-07 05:43:17,2026-08-07,2026-08,05,2026-08-06 05:43:17,2026-08-06 05:43:17,-1.0,1.0,117.29578915275796,credit_card,0.0
c44c45c8-7152-4528-9739-875e424bab19,churn_aa95b66a,Test City,XX,delivered,2026-08-07 05:43:17,2026-08-07,2026-08,05,2026-08-06 05:43:17,2026-08-06 05:43:17,-1.0,1.0,60.11068341749846,credit_card,0.0
3a1d22bd-c9be-4417-853e-5659c4b6b6f0,churn_189ec029,Test City,XX,delivered,2026-08-07 05:43:17,2026-08-07,2026-08,05,2026-08-06 05:43:17,2026-08-06 05:43:17,-1.0,1.0,132.37139855985876,credit_card,0.0
5be3120b-960d-41af-8add-6129b02c2be4,churn_8d39e695,Test City,XX,delivered,2026-08-07 05:43:17,2026-08-07,2026-08,05,2026-08-06 05:43:17,2026-08-06 05:43:17,-1.0,1.0,101.85047666759765,credit_card,0.0
a4e2bad1-029b-43c1-b710-3928779babdf,churn_13876bd5,Test City,XX,delivered,2026-08-07 04:43:17,2026-08-07,2026-08,04,2026-08-06 04:43:17,2026-08-06 04:43:17,-1.0,1.0,108.34157195685455,credit_card,0.0
774f5616-8cd5-4bf4-9a51-e9cec52b9c57,churn_646101f0,Test City,XX,delivered,2026-08-07 04:43:17,2026-08-07,2026-08,04,2026-08-06 04:43:17,2026-08-06 04:43:17,-1.0,1.0,126.03792420604104,credit_card,0.0
075fb2fb-310b-4b68-bb66-714bea85bb78,churn_c3ec4f9e,Test City,XX,delivered,2026-08-07 04:43:17,2026-08-07,2026-08,04,2026-08-06 04:43:17,2026-08-06 04:43:17,-1.0,1.0,96.14090319805696,credit_card,0.0
b4448900-a7c7-47ca-abb4-539b6e771a92,churn_936ef07a,Test City,XX,delivered,2026-08-07 04:43:17,2026-08-07,2026-08,04,2026-08-06 04:43:17,2026-08-06 04:43:17,-1.0,1.0,111.081188871421,credit_card,0.0
631fdf16-f457-42d6-84bf-df118c011e7f,retained_5ab5ce2c,Test City,XX,delivered,2026-08-07 03:43:17,2026-08-07,2026-08,03,2026-08-06 03:43:17,2026-08-06 03:43:17,-1.0,1.0,94.07112061517307,credit_card,0.0
2342ea0b-8afe-469f-8764-94db5b9ff26a,churn_e4eb20cb,Test City,XX,delivered,2026-08-07 03:43:17,2026-08-07,2026-08,03,2026-08-06 03:43:17,2026-08-06 03:43:17,-1.0,1.0,61.8111140781649,credit_card,0.0
7bb61e03-d591-49de-ad57-adbd8dcbe0b7,churn_cf1a9788,Test City,XX,delivered,2026-08-07 03:43:17,2026-08-07,2026-08,03,2026-08-06 03:43:17,2026-08-06 03:43:17,-1.0,1.0,95.16551812860689,credit_card,0.0
b709f18a-3c01-40f8-bfe2-d48cadd40447,churn_55edd9df,Test City,XX,delivered,2026-08-07 03:43:17,2026-08-07,2026-08,03,2026-08-06 03:43:17,2026-08-06 03:43:17,-1.0,1.0,63.165304844862305,credit_card,0.0
7dd0d16c-5d74-4e54-9127-9664c6876a8d,churn_854beca3,Test City,XX,delivered,2026-08-07 03:43:17,2026-08-07,2026-08,03,2026-08-06 03:43:17,2026-08-06 03:43:17,-1.0,1.0,146.13807924864005,credit_card,0.0
8711cd2e-d07f-4df7-9420-397ac9d9b1df,retained_6b99180c,Test City,XX,delivered,2026-08-07 02:43:17,2026-08-07,2026-08,02,2026-08-06 02:43:17,2026-08-06 02:43:17,-1.0,1.0,141.53059391368788,credit_card,0.0
38d9a6fd-1ae0-4430-b442-39f911506bd2,churn_bc3f3898,Test City,XX,delivered,2026-08-07 02:43:17,2026-08-07,2026-08,02,2026-08-06 02:43:17,2026-08-06 02:43:17,-1.0,1.0,82.66862502560917,credit_card,0.0
23b03491-1e26-491e-9c33-485c2bc358bc,churn_f4264b4d,Test City,XX,delivered,2026-08-07 02:43:17,2026-08-07,2026-08,02,2026-08-06 02:43:17,2026-08-06 02:43:17,-1.0,1.0,73.55784747694209,credit_card,0.0
863e7ffe-373f-4b0b-b61a-b4e362c95baa,churn_82aa7eac,Test City,XX,delivered,2026-08-07 02:43:17,2026-08-07,2026-08,02,2026-08-06 02:43:17,2026-08-06 02:43:17,-1.0,1.0,138.01004701742457,credit_card,0.0
e4fa1d42-2fc6-4fe0-b22d-fcc6b2fa21b0,churn_d1f5008e,Test City,XX,delivered,2026-08-07 02:43:17,2026-08-07,2026-08,02,2026-08-06 02:43:17,2026-08-06 02:43:17,-1.0,1.0,149.84495059493153,credit_card,0.0
fde29744-6a2d-475f-8275-487f00e27b8d,churn_4fee57a9,Test City,XX,delivered,2026-08-07 02:43:17,2026-08-07,2026-08,02,2026-08-06 02:43:17,2026-08-06 02:43:17,-1.0,1.0,77.57635585869822,credit_card,0.0
5f709882-afcc-48db-aeb9-dbfcf5ed1a56,churn_f09e0a1d,Test City,XX,delivered,2026-08-07 02:43:17,2026-08-07,2026-08,02,2026-08-06 02:43:17,2026-08-06 02:43:17,-1.0,1.0,123.70171432620694,credit_card,0.0
564052bb-c5d7-4f82-8ac3-36adb992b901,retained_073a41fb,Test City,XX,delivered,2026-08-07 01:43:17,2026-08-07,2026-08,01,2026-08-06 01:43:17,2026-08-06 01:43:17,-1.0,1.0,80.89441649311829,credit_card,0.0
7fbc3deb-fa6d-425e-a754-634e0474c239,retained_032f61af,Test City,XX,delivered,2026-08-07 01:43:17,2026-08-07,2026-08,01,2026-08-06 01:43:17,2026-08-06 01:43:17,-1.0,1.0,134.54931985788474,credit_card,0.0
154ea900-8eb9-4c9b-a666-ee294e023543,churn_c4b28bc4,Test City,XX,delivered,2026-08-07 01:43:17,2026-08-07,2026-08,01,2026-08-06 01:43:17,2026-08-06 01:43:17,-1.0,1.0,96.47113894399942,credit_card,0.0
75cd4aff-eeda-4b35-8ed5-e1be257dc8f0,retained_0d7a0f66,Test City,XX,delivered,2026-08-07 00:43:17,2026-08-07,2026-08,00,2026-08-06 00:43:17,2026-08-06 00:43:17,-1.0,1.0,51.50739565232734,credit_card,0.0
a12ca702-594e-49fe-860b-b5ca49587939,retained_ce4a17a1,Test City,XX,delivered,2026-08-07 00:43:17,2026-08-07,2026-08,00,2026-08-06 00:43:17,2026-08-06 00:43:17,-1.0,1.0,109.31413028679879,credit_card,0.0
e5cf774d-7af5-4ef1-83af-6915957ef30b,churn_7b2efee3,Test City,XX,delivered,2026-08-07 00:43:17,2026-08-07,2026-08,00,2026-08-06 00:43:17,2026-08-06 00:43:17,-1.0,1.0,136.4753004955311,credit_card,0.0
03800c98-6fcf-40f2-9d31-9c78542441bb,retained_1a91b784,Test City,XX,delivered,2026-08-06 23:43:17,2026-08-06,2026-08,23,2026-08-05 23:43:17,2026-08-05 23:43:17,-1.0,1.0,103.5592673019608,credit_card,0.0
448fe95c-3d56-44de-97d0-78fbc2d843e3,churn_dd006e1b,Test City,XX,delivered,2026-08-06 23:43:17,2026-08-06,2026-08,23,2026-08-05 23:43:17,2026-08-05 23:43:17,-1.0,1.0,76.63489253784347,credit_card,0.0
2ce04964-2ad5-419c-8733-4a4e989380bf,churn_f9f2644d,Test City,XX,delivered,2026-08-06 23:43:17,2026-08-06,2026-08,23,2026-08-05 23:43:17,2026-08-05 23:43:17,-1.0,1.0,125.40511815569535,credit_card,0.0
4079b3c0-a86e-4c71-aa85-56c1b514091e,churn_8879ba5e,Test City,XX,delivered,2026-08-06 23:43:17,2026-08-06,2026-08,23,2026-08-05 23:43:17,2026-08-05 23:43:17,-1.0,1.0,102.31377767917047,credit_card,0.0
b7349e64-3107-4157-9261-f8bf83d35182,churn_6391a465,Test City,XX,delivered,2026-08-06 10:43:17,2026-08-06,2026-08,10,2026-08-05 10:43:17,2026-08-05 10:43:17,-1.0,1.0,120.78261973338577,credit_card,0.0
d053ead2-5b92-4965-a57c-0c2e44b570a7,churn_06227023,Test City,XX,delivered,2026-08-06 10:43:17,2026-08-06,2026-08,10,2026-08-05 10:43:17,2026-08-05 10:43:17,-1.0,1.0,74.08898101619661,credit_card,0.0
0bfcf4b2-a840-45e3-97e9-7e74ec8816e7,retained_be36e9a6,Test City,XX,delivered,2026-08-06 09:43:17,2026-08-06,2026-08,09,2026-08-05 09:43:17,2026-08-05 09:43:17,-1.0,1.0,65.78008089541758,credit_card,0.0
52bfa94f-8cd5-41fa-baef-007ddd1925d1,retained_4bab9924,Test City,XX,delivered,2026-08-06 09:43:17,2026-08-06,2026-08,09,2026-08-05 09:43:17,2026-08-05 09:43:17,-1.0,1.0,84.28150326345464,credit_card,0.0
7f8c1ba5-6d0b-4dfb-8853-b75c70874fde,churn_08a5db3e,Test City,XX,delivered,2026-08-06 09:43:17,2026-08-06,2026-08,09,2026-08-05 09:43:17,2026-08-05 09:43:17,-1.0,1.0,56.837626599599254,credit_card,0.0
e3eb7467-662e-438d-a729-97c2b5882324,churn_dd006e1b,Test City,XX,delivered,2026-08-06 09:43:17,2026-08-06,2026-08,09,2026-08-05 09:43:17,2026-08-05 09:43:17,-1.0,1.0,106.83436131430093,credit_card,0.0
2e776758-4e42-4d1e-9289-792a97933882,churn_e7f1b525,Test City,XX,delivered,2026-08-06 09:43:17,2026-08-06,2026-08,09,2026-08-05 09:43:17,2026-08-05 09:43:17,-1.0,1.0,96.34162168353967,credit_card,0.0
e9dec275-faf6-4b6d-8512-867d64d5d14f,churn_ee87fa40,Test City,XX,delivered,2026-08-06 09:43:17,2026-08-06,2026-08,09,2026-08-05 09:43:17,2026-08-05 09:43:17,-1.0,1.0,122.6610032326916,credit_card,0.0
077faa3b-ed71-4560-9095-f1fb0271b6d1,churn_ecf90b18,Test City,XX,delivered,2026-08-06 08:43:17,2026-08-06,2026-08,08,2026-08-05 08:43:17,2026-08-05 08:43:17,-1.0,1.0,70.52876058189304,credit_card,0.0
617fca0e-d9f5-47f2-99b9-ed26cd7b43ea,churn_385f03cd,Test City,XX,delivered,2026-08-06 08:43:17,2026-08-06,2026-08,08,2026-08-05 08:43:17,2026-08-05 08:43:17,-1.0,1.0,50.60993991466567,credit_card,0.0
c8bf3f8a-9834-4490-a80f-5205199a8d5d,retained_8db6309d,Test City,XX,delivered,2026-08-06 07:43:17,2026-08-06,2026-08,07,2026-08-05 07:43:17,2026-08-05 07:43:17,-1.0,1.0,142.64849100760563,credit_card,0.0
4e17cef9-47f6-49cf-bf56-a147ea589235,churn_64864eb0,Test City,XX,delivered,2026-08-06 07:43:17,2026-08-06,2026-08,07,2026-08-05 07:43:17,2026-08-05 07:43:17,-1.0,1.0,60.35168252712065,credit_card,0.0
73a10907-bcaf-4255-abc4-26106102a128,churn_2e9eb6bb,Test City,XX,delivered,2026-08-06 07:43:17,2026-08-06,2026-08,07,2026-08-05 07:43:17,2026-08-05 07:43:17,-1.0,1.0,123.65099917762224,credit_card,0.0
7af652bb-6d91-481b-ae1c-6c9ce6726520,churn_d88a54ad,Test City,XX,delivered,2026-08-06 07:43:17,2026-08-06,2026-08,07,2026-08-05 07:43:17,2026-08-05 07:43:17,-1.0,1.0,92.72785200997137,credit_card,0.0
6fbb97f8-bdfc-4fa3-8022-8cff2e8a4d9d,churn_57e74f08,Test City,XX,delivered,2026-08-06 06:43:17,2026-08-06,2026-08,06,2026-08-05 06:43:17,2026-08-05 06:43:17,-1.0,1.0,101.43548192312558,credit_card,0.0
dc793ff0-664c-4578-a3a6-9b8b65916dae,churn_dd4dd1da,Test City,XX,delivered,2026-08-06 06:43:17,2026-08-06,2026-08,06,2026-08-05 06:43:17,2026-08-05 06:43:17,-1.0,1.0,76.78719453916828,credit_card,0.0
6d354b00-f364-44fc-baf4-9b43f7033405,churn_4068a7b4,Test City,XX,delivered,2026-08-06 06:43:17,2026-08-06,2026-08,06,2026-08-05 06:43:17,2026-08-05 06:43:17,-1.0,1.0,68.80364673201323,credit_card,0.0
58c9fed2-67e6-43b4-8162-e07ace936e89,churn_9c8c3197,Test City,XX,delivered,2026-08-06 06:43:17,2026-08-06,2026-08,06,2026-08-05 06:43:17,2026-08-05 06:43:17,-1.0,1.0,68.84828193515574,credit_card,0.0
4006924f-8944-4878-a340-27167fb2f3b6,churn_24165a22,Test City,XX,delivered,2026-08-06 06:43:17,2026-08-06,2026-08,06,2026-08-05 06:43:17,2026-08-05 06:43:17,-1.0,1.0,74.9319285449694,credit_card,0.0
2f75560d-cbdd-487d-bafc-e88157f81850,retained_472a1a02,Test City,XX,delivered,2026-08-06 05:43:17,2026-08-06,2026-08,05,2026-08-05 05:43:17,2026-08-05 05:43:17,-1.0,1.0,116.08047467991449,credit_card,0.0
a62898d5-b5a0-431a-8035-a2024cfbe32f,retained_942fb7dc,Test City,XX,delivered,2026-08-06 05:43:17,2026-08-06,2026-08,05,2026-08-05 05:43:17,2026-08-05 05:43:17,-1.0,1.0,139.24337686852573,credit_card,0.0
86f72f70-12e9-468a-b470-235cdfd58b29,churn_51455b87,Test City,XX,delivered,2026-08-06 05:43:17,2026-08-06,2026-08,05,2026-08-05 05:43:17,2026-08-05 05:43:17,-1.0,1.0,90.99212264575095,credit_card,0.0
0370633a-5d60-4473-9a3d-9f7090c08be9,churn_46953daf,Test City,XX,delivered,2026-08-06 05:43:17,2026-08-06,2026-08,05,2026-08-05 05:43:17,2026-08-05 05:43:17,-1.0,1.0,124.40148986362335,credit_card,0.0
ce10a6bb-fad8-4d74-84d3-5379d45b6669,churn_9bc012c5,Test City,XX,delivered,2026-08-06 04:43:17,2026-08-06,2026-08,04,2026-08-05 04:43:17,2026-08-05 04:43:17,-1.0,1.0,76.14485171194914,credit_card,0.0
5c8f439a-9398-41c8-8a6a-eb1efb51e075,churn_1c0fe819,Test City,XX,delivered,2026-08-06 04:43:17,2026-08-06,2026-08,04,2026-08-05 04:43:17,2026-08-05 04:43:17,-1.0,1.0,96.02718410288513,credit_card,0.0
00ed4b02-9328-4b1a-87e5-202139ec3200,churn_cd5adcbc,Test City,XX,delivered,2026-08-06 04:43:17,2026-08-06,2026-08,04,2026-08-05 04:43:17,2026-08-05 04:43:17,-1.0,1.0,105.38983084278738,credit_card,0.0
ce209ce1-7198-4d1d-ab3c-6901cddf4bf2,churn_7150240a,Test City,XX,delivered,2026-08-06 03:43:17,2026-08-06,2026-08,03,2026-08-05 03:43:17,2026-08-05 03:43:17,-1.0,1.0,122.63628095538304,credit_card,0.0
47ad91f6-b333-4162-9684-e5d5e0f1c5c8,churn_f26e28bd,Test City,XX,delivered,2026-08-06 03:43:17,2026-08-06,2026-08,03,2026-08-05 03:43:17,2026-08-05 03:43:17,-1.0,1.0,138.68135369756428,credit_card,0.0
61c16bdf-affd-40a1-9082-853df6f33aa1,churn_02d2b279,Test City,XX,delivered,2026-08-06 03:43:17,2026-08-06,2026-08,03,2026-08-05 03:43:17,2026-08-05 03:43:17,-1.0,1.0,60.86814042794387,credit_card,0.0
c1079773-cc8e-4e93-b01a-01592f3a64f0,retained_bcfbd417,Test City,XX,delivered,2026-08-06 02:43:17,2026-08-06,2026-08,02,2026-08-05 02:43:17,2026-08-05 02:43:17,-1.0,1.0,75.80037475900917,credit_card,0.0
9a505af9-7517-4780-9bd2-165ef2404b16,retained_c61954b1,Test City,XX,delivered,2026-08-06 02:43:17,2026-08-06,2026-08,02,2026-08-05 02:43:17,2026-08-05 02:43:17,-1.0,1.0,65.63475027729433,credit_card,0.0
3ea3912b-1192-48d5-86e3-601cccc9353f,churn_cf049332,Test City,XX,delivered,2026-08-06 02:43:17,2026-08-06,2026-08,02,2026-08-05 02:43:17,2026-08-05 02:43:17,-1.0,1.0,94.53666593129459,credit_card,0.0
9d5a8e0d-96da-40fa-8274-ab8000f531a2,churn_303b6d34,Test City,XX,delivered,2026-08-06 02:43:17,2026-08-06,2026-08,02,2026-08-05 02:43:17,2026-08-05 02:43:17,-1.0,1.0,101.50775282916308,credit_card,0.0
8eefc51e-91e4-4763-8634-b70171836c06,churn_e72bb4ca,Test City,XX,delivered,2026-08-06 02:43:17,2026-08-06,2026-08,02,2026-08-05 02:43:17,2026-08-05 02:43:17,-1.0,1.0,52.129887272163685,credit_card,0.0
5193a0d6-6ccb-4b21-80f1-06fe8f9f0bd1,retained_347257b8,Test City,XX,delivered,2026-08-06 01:43:17,2026-08-06,2026-08,01,2026-08-05 01:43:17,2026-08-05 01:43:17,-1.0,1.0,131.37513048510712,credit_card,0.0
3db2ba12-da2e-43ac-81a9-e0df1a8555b1,churn_fce5d54b,Test City,XX,delivered,2026-08-06 01:43:17,2026-08-06,2026-08,01,2026-08-05 01:43:17,2026-08-05 01:43:17,-1.0,1.0,56.04357109654819,credit_card,0.0
13cece88-1858-4861-b068-fe8d6a3ebeb9,churn_374d88d9,Test City,XX,delivered,2026-08-06 01:43:17,2026-08-06,2026-08,01,2026-08-05 01:43:17,2026-08-05 01:43:17,-1.0,1.0,106.72931381762166,credit_card,0.0
46137093-79d0-4f96-976e-464641786484,retained_f728d577,Test City,XX,delivered,2026-08-06 00:43:17,2026-08-06,2026-08,00,2026-08-05 00:43:17,2026-08-05 00:43:17,-1.0,1.0,78.16075608928216,credit_card,0.0
c4b3764d-c553-46b9-8412-30960314081b,retained_41ecd43b,Test City,XX,delivered,2026-08-06 00:43:17,2026-08-06,2026-08,00,2026-08-05 00:43:17,2026-08-05 00:43:17,-1.0,1.0,75.26770052945352,credit_card,0.0
ecae10be-3d54-4ab8-914a-58063dce4f4c,churn_892b1c91,Test City,XX,delivered,2026-08-06 00:43:17,2026-08-06,2026-08,00,2026-08-05 00:43:17,2026-08-05 00:43:17,-1.0,1.0,121.61320097999602,credit_card,0.0
77e3e5d3-3da2-462e-9768-72c2b3b434f3,churn_b0b0fb56,Test City,XX,delivered,2026-08-06 00:43:17,2026-08-06,2026-08,00,2026-08-05 00:43:17,2026-08-05 00:43:17,-1.0,1.0,67.57299475988327,credit_card,0.0
147664b8-2a05-4b5f-a8ca-b2fca6e7b783,churn_7eab749a,Test City,XX,delivered,2026-08-06 00:43:17,2026-08-06,2026-08,00,2026-08-05 00:43:17,2026-08-05 00:43:17,-1.0,1.0,58.86202739311468,credit_card,0.0
b0f0e7ff-8a37-45db-9ee6-7cd59e25fbf4,churn_30de71ab,Test City,XX,delivered,2026-08-06 00:43:17,2026-08-06,2026-08,00,2026-08-05 00:43:17,2026-08-05 00:43:17,-1.0,1.0,144.05676668060448,credit_card,0.0
2a3720dd-e530-4d59-bd26-656beb99fd4f,retained_3e21a02b,Test City,XX,delivered,2026-08-05 23:43:17,2026-08-05,2026-08,23,2026-08-04 23:43:17,2026-08-04 23:43:17,-1.0,1.0,100.88831503666071,credit_card,0.0
1c2f91c3-faec-47f4-8d62-7681ea6f61f0,churn_250b430e,Test City,XX,delivered,2026-08-05 23:43:17,2026-08-05,2026-08,23,2026-08-04 23:43:17,2026-08-04 23:43:17,-1.0,1.0,68.06769269823596,credit_card,0.0
e18a3def-299c-4f5f-9cca-75d2e08f2542,churn_08a5db3e,Test City,XX,delivered,2026-08-05 23:43:17,2026-08-05,2026-08,23,2026-08-04 23:43:17,2026-08-04 23:43:17,-1.0,1.0,109.58641265364048,credit_card,0.0
c24dd12b-8dd8-41c5-ba79-8b85aed71963,churn_eb91d991,Test City,XX,delivered,2026-08-05 23:43:17,2026-08-05,2026-08,23,2026-08-04 23:43:17,2026-08-04 23:43:17,-1.0,1.0,128.1058224597578,credit_card,0.0
a2bac119-26e2-44d5-aee3-5e7934caadd6,churn_e167b51f,Test City,XX,delivered,2026-08-05 23:43:17,2026-08-05,2026-08,23,2026-08-04 23:43:17,2026-08-04 23:43:17,-1.0,1.0,79.46300732159665,credit_card,0.0
a61db41e-c617-4ac0-bb9a-55c4cbb96650,churn_769a78e8,Test City,XX,delivered,2026-08-05 23:43:17,2026-08-05,2026-08,23,2026-08-04 23:43:17,2026-08-04 23:43:17,-1.0,1.0,78.53807099937046,credit_card,0.0
aa75aed9-e88c-465b-95f3-9af0d43a660e,churn_ff8cdcfd,Test City,XX,delivered,2026-08-05 23:43:17,2026-08-05,2026-08,23,2026-08-04 23:43:17,2026-08-04 23:43:17,-1.0,1.0,140.5638591615895,credit_card,0.0
0fa0e5e3-62d5-4551-b900-cc1b87c0debb,retained_dc3c8772,Test City,XX,delivered,2026-08-05 10:43:17,2026-08-05,2026-08,10,2026-08-04 10:43:17,2026-08-04 10:43:17,-1.0,1.0,101.36670709586795,credit_card,0.0
97753fd3-3b74-4a68-b08a-3dea1a9f31f2,retained_be224efa,Test City,XX,delivered,2026-08-05 10:43:17,2026-08-05,2026-08,10,2026-08-04 10:43:17,2026-08-04 10:43:17,-1.0,1.0,106.36478576702135,credit_card,0.0
48a3146c-62a8-4966-808f-e39420c13715,retained_e63a3018,Test City,XX,delivered,2026-08-05 10:43:17,2026-08-05,2026-08,10,2026-08-04 10:43:17,2026-08-04 10:43:17,-1.0,1.0,89.69564907056198,credit_card,0.0
c71501b6-cfdc-4338-ab8b-79c8469c7225,churn_9132e9a4,Test City,XX,delivered,2026-08-05 10:43:17,2026-08-05,2026-08,10,2026-08-04 10:43:17,2026-08-04 10:43:17,-1.0,1.0,85.21004746706345,credit_card,0.0
0be85c2b-31f7-4aff-9801-ebb5ff48fff1,retained_e59e8c6d,Test City,XX,delivered,2026-08-05 09:43:17,2026-08-05,2026-08,09,2026-08-04 09:43:17,2026-08-04 09:43:17,-1.0,1.0,84.71227004076857,credit_card,0.0
29d4e854-84fb-4761-9202-f10ff22e505d,retained_301afe87,Test City,XX,delivered,2026-08-05 09:43:17,2026-08-05,2026-08,09,2026-08-04 09:43:17,2026-08-04 09:43:17,-1.0,1.0,128.70108640005424,credit_card,0.0
611317ad-b687-4514-b3aa-2bdb55a236a9,churn_2d3003c7,Test City,XX,delivered,2026-08-05 09:43:17,2026-08-05,2026-08,09,2026-08-04 09:43:17,2026-08-04 09:43:17,-1.0,1.0,83.45731176374053,credit_card,0.0
cf8251c4-3fda-4791-a28f-af1d8b5869c1,churn_f464337f,Test City,XX,delivered,2026-08-05 09:43:17,2026-08-05,2026-08,09,2026-08-04 09:43:17,2026-08-04 09:43:17,-1.0,1.0,53.331475734605085,credit_card,0.0
d7e23f67-2abb-493d-9a2b-3267f50303c4,churn_927ab441,Test City,XX,delivered,2026-08-05 09:43:17,2026-08-05,2026-08,09,2026-08-04 09:43:17,2026-08-04 09:43:17,-1.0,1.0,133.00338932882983,credit_card,0.0
b5c3671d-130a-4d35-824d-b62b628e71fa,churn_9b012181,Test City,XX,delivered,2026-08-05 09:43:17,2026-08-05,2026-08,09,2026-08-04 09:43:17,2026-08-04 09:43:17,-1.0,1.0,144.47786134525563,credit_card,0.0
c19f91c8-620f-40e4-83c2-08ac1429c575,churn_b219d52b,Test City,XX,delivered,2026-08-05 09:43:17,2026-08-05,2026-08,09,2026-08-04 09:43:17,2026-08-04 09:43:17,-1.0,1.0,87.3568680474036,credit_card,0.0
f1cc305f-d79d-4e62-b1cf-c725654d7601,churn_2f84b8bf,Test City,XX,delivered,2026-08-05 08:43:17,2026-08-05,2026-08,08,2026-08-04 08:43:17,2026-08-04 08:43:17,-1.0,1.0,139.73692787390965,credit_card,0.0
89cfc552-fb91-49a2-bbc2-fdc9fc23399d,churn_08775c2e,Test City,XX,delivered,2026-08-05 07:43:17,2026-08-05,2026-08,07,2026-08-04 07:43:17,2026-08-04 07:43:17,-1.0,1.0,76.59600905612824,credit_card,0.0
e481a532-2bc9-4b0f-9a57-1346f33f5818,churn_497bcae3,Test City,XX,delivered,2026-08-05 07:43:17,2026-08-05,2026-08,07,2026-08-04 07:43:17,2026-08-04 07:43:17,-1.0,1.0,110.39957438948882,credit_card,0.0
7534face-56ad-47f5-8dac-8494a88ef3dc,churn_77bc9d8f,Test City,XX,delivered,2026-08-05 07:43:17,2026-08-05,2026-08,07,2026-08-04 07:43:17,2026-08-04 07:43:17,-1.0,1.0,89.2689875708804,credit_card,0.0
a82d8219-cdf3-4f79-8e41-f1d53d21b1e7,churn_875d3955,Test City,XX,delivered,2026-08-05 07:43:17,2026-08-05,2026-08,07,2026-08-04 07:43:17,2026-08-04 07:43:17,-1.0,1.0,104.99494126028738,credit_card,0.0
20710fa0-5099-428c-8935-3e915d300062,churn_1cc2c20a,Test City,XX,delivered,2026-08-05 07:43:17,2026-08-05,2026-08,07,2026-08-04 07:43:17,2026-08-04 07:43:17,-1.0,1.0,99.39323761396939,credit_card,0.0
168385c6-8949-43b1-bffe-2ea2c71f5bf6,churn_b947825e,Test City,XX,delivered,2026-08-05 07:43:17,2026-08-05,2026-08,07,2026-08-04 07:43:17,2026-08-04 07:43:17,-1.0,1.0,108.40941298939228,credit_card,0.0
42450398-3c92-43c3-ab68-25d467be4b9a,churn_1a9a738a,Test City,XX,delivered,2026-08-05 06:43:17,2026-08-05,2026-08,06,2026-08-04 06:43:17,2026-08-04 06:43:17,-1.0,1.0,59.147440199620426,credit_card,0.0
2d20ddb0-9641-4d25-8546-4ea658ce50ca,churn_ee87fa40,Test City,XX,delivered,2026-08-05 06:43:17,2026-08-05,2026-08,06,2026-08-04 06:43:17,2026-08-04 06:43:17,-1.0,1.0,108.12796483670903,credit_card,0.0
a5330284-b466-48da-9536-64a8b86f5b5d,churn_411c6e54,Test City,XX,delivered,2026-08-05 06:43:17,2026-08-05,2026-08,06,2026-08-04 06:43:17,2026-08-04 06:43:17,-1.0,1.0,136.79916673264935,credit_card,0.0
2ec9f699-2728-4954-8fe9-a0f26755ca5b,churn_a387ee54,Test City,XX,delivered,2026-08-05 06:43:17,2026-08-05,2026-08,06,2026-08-04 06:43:17,2026-08-04 06:43:17,-1.0,1.0,101.88709124360258,credit_card,0.0
9fdf6cfb-41d7-4ef8-aa27-7ea8bf5614de,churn_e24b45d5,Test City,XX,delivered,2026-08-05 06:43:17,2026-08-05,2026-08,06,2026-08-04 06:43:17,2026-08-04 06:43:17,-1.0,1.0,56.692288928960075,credit_card,0.0
e43015a4-07d4-4f9c-9483-edc86fbffc59,retained_3b1d4fa2,Test City,XX,delivered,2026-08-05 05:43:17,2026-08-05,2026-08,05,2026-08-04 05:43:17,2026-08-04 05:43:17,-1.0,1.0,91.0218090339444,credit_card,0.0
d277a63b-5fd5-47d8-b342-44c6a085c209,churn_9bc012c5,Test City,XX,delivered,2026-08-05 05:43:17,2026-08-05,2026-08,05,2026-08-04 05:43:17,2026-08-04 05:43:17,-1.0,1.0,113.23730650791705,credit_card,0.0
29c6a4b7-0e96-4550-82c6-2a4f439f9802,churn_8bfcf8c1,Test City,XX,delivered,2026-08-05 05:43:17,2026-08-05,2026-08,05,2026-08-04 05:43:17,2026-08-04 05:43:17,-1.0,1.0,53.10015957075181,credit_card,0.0
8a736a00-570f-4bc3-a86d-352a2f73b568,churn_5cc906a6,Test City,XX,delivered,2026-08-05 05:43:17,2026-08-05,2026-08,05,2026-08-04 05:43:17,2026-08-04 05:43:17,-1.0,1.0,90.62989384953632,credit_card,0.0
bf4fad84-3180-47e9-8d57-5571fcb6e759,churn_e9e0ae3b,Test City,XX,delivered,2026-08-05 05:43:17,2026-08-05,2026-08,05,2026-08-04 05:43:17,2026-08-04 05:43:17,-1.0,1.0,139.93941629065466,credit_card,0.0
dbedf6ad-3dad-4b19-acca-bd9f6e776d6e,retained_bea18f48,Test City,XX,delivered,2026-08-05 04:43:17,2026-08-05,2026-08,04,2026-08-04 04:43:17,2026-08-04 04:43:17,-1.0,1.0,124.74342220347103,credit_card,0.0
33661afa-3f48-4a34-a08e-c0c311348e5f,churn_57b58bfa,Test City,XX,delivered,2026-08-05 04:43:17,2026-08-05,2026-08,04,2026-08-04 04:43:17,2026-08-04 04:43:17,-1.0,1.0,77.02922403419106,credit_card,0.0
284ef8e5-84db-4402-ad59-ebc627038b10,churn_8576f5e3,Test City,XX,delivered,2026-08-05 04:43:17,2026-08-05,2026-08,04,2026-08-04 04:43:17,2026-08-04 04:43:17,-1.0,1.0,97.37253030611222,credit_card,0.0
1a32c661-73ca-4a8c-91ab-f5999cc6d7ae,churn_d0d6f9d6,Test City,XX,delivered,2026-08-05 04:43:17,2026-08-05,2026-08,04,2026-08-04 04:43:17,2026-08-04 04:43:17,-1.0,1.0,96.31223732676358,credit_card,0.0
8685799e-1476-4aba-b6d5-7d8e6ff44117,churn_467cc9c5,Test City,XX,delivered,2026-08-05 04:43:17,2026-08-05,2026-08,04,2026-08-04 04:43:17,2026-08-04 04:43:17,-1.0,1.0,53.91858757066898,credit_card,0.0
7cc972a3-44f1-45d4-b7af-774469437eb6,churn_b13c53b3,Test City,XX,delivered,2026-08-05 04:43:17,2026-08-05,2026-08,04,2026-08-04 04:43:17,2026-08-04 04:43:17,-1.0,1.0,84.64597665633363,credit_card,0.0
4c656b67-ec64-4210-8d26-733fa69022c7,churn_189ec029,Test City,XX,delivered,2026-08-05 04:43:17,2026-08-05,2026-08,04,2026-08-04 04:43:17,2026-08-04 04:43:17,-1.0,1.0,90.0283988461328,credit_card,0.0
bc381041-7a51-4179-ba9b-7a578bc0c9e2,retained_cdfe66da,Test City,XX,delivered,2026-08-05 03:43:17,2026-08-05,2026-08,03,2026-08-04 03:43:17,2026-08-04 03:43:17,-1.0,1.0,110.32018420552242,credit_card,0.0
d77a317e-f409-4eb2-b912-9cf5d47774b7,churn_9c52faa0,Test City,XX,delivered,2026-08-05 03:43:17,2026-08-05,2026-08,03,2026-08-04 03:43:17,2026-08-04 03:43:17,-1.0,1.0,86.93241277646398,credit_card,0.0
136689b0-19f3-4112-9ef6-9b002351ece1,churn_60d5fdd9,Test City,XX,delivered,2026-08-05 02:43:17,2026-08-05,2026-08,02,2026-08-04 02:43:17,2026-08-04 02:43:17,-1.0,1.0,139.0288169892425,credit_card,0.0
277c1e0d-b5f9-45e5-88fe-ab186c7e78a0,churn_24ebf4d6,Test City,XX,delivered,2026-08-05 02:43:17,2026-08-05,2026-08,02,2026-08-04 02:43:17,2026-08-04 02:43:17,-1.0,1.0,79.66927155148585,credit_card,0.0
4ef3200d-c1e0-466f-ac62-4a8de28b4f6b,retained_11d5ce41,Test City,XX,delivered,2026-08-05 01:43:17,2026-08-05,2026-08,01,2026-08-04 01:43:17,2026-08-04 01:43:17,-1.0,1.0,96.21264187289817,credit_card,0.0
c2792c65-0c34-432b-aab4-5b4d632c7ba0,retained_6ed810e4,Test City,XX,delivered,2026-08-05 01:43:17,2026-08-05,2026-08,01,2026-08-04 01:43:17,2026-08-04 01:43:17,-1.0,1.0,115.91807003947196,credit_card,0.0
10979584-49e3-405b-8ec7-136b4bd56b54,churn_dfd2a07b,Test City,XX,delivered,2026-08-05 01:43:17,2026-08-05,2026-08,01,2026-08-04 01:43:17,2026-08-04 01:43:17,-1.0,1.0,128.76714836850084,credit_card,0.0
997e264a-7501-4e7b-9df9-e24b91568d04,churn_40cb4493,Test City,XX,delivered,2026-08-05 00:43:17,2026-08-05,2026-08,00,2026-08-04 00:43:17,2026-08-04 00:43:17,-1.0,1.0,117.01622230130462,credit_card,0.0
29563cf1-54e6-4517-94a9-78c2443c5497,churn_147bcc8c,Test City,XX,delivered,2026-08-05 00:43:17,2026-08-05,2026-08,00,2026-08-04 00:43:17,2026-08-04 00:43:17,-1.0,1.0,77.7350638128136,credit_card,0.0
6a8607df-0476-403c-b6e9-cc78f14fdd88,churn_8739a81e,Test City,XX,delivered,2026-08-05 00:43:17,2026-08-05,2026-08,00,2026-08-04 00:43:17,2026-08-04 00:43:17,-1.0,1.0,68.99848001932043,credit_card,0.0
76f1345f-5d7a-4513-ac47-f05b7abd9618,churn_e03aa4a6,Test City,XX,delivered,2026-08-05 00:43:17,2026-08-05,2026-08,00,2026-08-04 00:43:17,2026-08-04 00:43:17,-1.0,1.0,124.23356975714964,credit_card,0.0
9417d68d-d03e-4e46-bf2c-7e6be861d623,retained_48c2457d,Test City,XX,delivered,2026-08-04 23:43:17,2026-08-04,2026-08,23,2026-08-03 23:43:17,2026-08-03 23:43:17,-1.0,1.0,120.3408315322182,credit_card,0.0
ae9c4e28-199d-4160-8d5c-e7f25093e8af,churn_5d80f789,Test City,XX,delivered,2026-08-04 23:43:17,2026-08-04,2026-08,23,2026-08-03 23:43:17,2026-08-03 23:43:17,-1.0,1.0,104.51623736177132,credit_card,0.0
7f59f119-aa0d-4f58-9d83-97989f3a8f71,churn_dbc330cd,Test City,XX,delivered,2026-08-04 23:43:17,2026-08-04,2026-08,23,2026-08-03 23:43:17,2026-08-03 23:43:17,-1.0,1.0,99.18257617298053,credit_card,0.0
08f012c5-b845-48d7-a358-2e62cd3b42f3,churn_bcaff866,Test City,XX,delivered,2026-08-04 23:43:17,2026-08-04,2026-08,23,2026-08-03 23:43:17,2026-08-03 23:43:17,-1.0,1.0,132.3451337544485,credit_card,0.0
f85891d4-d870-4730-80de-f9764d0d0fa6,churn_b0b0fb56,Test City,XX,delivered,2026-08-04 23:43:17,2026-08-04,2026-08,23,2026-08-03 23:43:17,2026-08-03 23:43:17,-1.0,1.0,67.05220449543242,credit_card,0.0
9dcefbdd-a17b-4e36-aeaa-19c592ac1660,churn_756a2d2a,Test City,XX,delivered,2026-08-04 23:43:17,2026-08-04,2026-08,23,2026-08-03 23:43:17,2026-08-03 23:43:17,-1.0,1.0,85.1165267927715,credit_card,0.0
54c888a1-3622-4966-a2a7-73b85cf7e3da,churn_c611f120,Test City,XX,delivered,2026-08-04 23:43:17,2026-08-04,2026-08,23,2026-08-03 23:43:17,2026-08-03 23:43:17,-1.0,1.0,89.28100583044602,credit_card,0.0
28f2c4ba-54df-4d0c-9fd1-de3b6b22bf4b,churn_49010b0b,Test City,XX,delivered,2026-08-04 10:43:17,2026-08-04,2026-08,10,2026-08-03 10:43:17,2026-08-03 10:43:17,-1.0,1.0,94.75120920033785,credit_card,0.0
cf02b8ca-04d8-4f85-8db3-51bc9533f6c3,churn_2c6b2c5a,Test City,XX,delivered,2026-08-04 10:43:17,2026-08-04,2026-08,10,2026-08-03 10:43:17,2026-08-03 10:43:17,-1.0,1.0,53.28285703807853,credit_card,0.0
c278405b-ceb5-4b5f-b4bc-6c72132143c1,churn_16ff788c,Test City,XX,delivered,2026-08-04 10:43:17,2026-08-04,2026-08,10,2026-08-03 10:43:17,2026-08-03 10:43:17,-1.0,1.0,87.42615982298713,credit_card,0.0
6715aa6b-b7ba-47c1-ada9-367bd67f62aa,retained_2040eff4,Test City,XX,delivered,2026-08-04 09:43:17,2026-08-04,2026-08,09,2026-08-03 09:43:17,2026-08-03 09:43:17,-1.0,1.0,112.0734179549296,credit_card,0.0
de848283-0894-42af-a7ec-b94426adfaf7,churn_4a1fb3a4,Test City,XX,delivered,2026-08-04 09:43:17,2026-08-04,2026-08,09,2026-08-03 09:43:17,2026-08-03 09:43:17,-1.0,1.0,68.617063468726,credit_card,0.0
fb2a0611-8e73-467e-bfc5-53689f0b7297,retained_2f3b8047,Test City,XX,delivered,2026-08-04 08:43:17,2026-08-04,2026-08,08,2026-08-03 08:43:17,2026-08-03 08:43:17,-1.0,1.0,55.369332028590755,credit_card,0.0
8f779b59-8f0b-4672-806c-d78794561d96,churn_235e35b5,Test City,XX,delivered,2026-08-04 08:43:17,2026-08-04,2026-08,08,2026-08-03 08:43:17,2026-08-03 08:43:17,-1.0,1.0,147.23553373552105,credit_card,0.0
1cec1dd3-b5ce-4211-b2e8-9a5194ff6a46,churn_b3eb3871,Test City,XX,delivered,2026-08-04 08:43:17,2026-08-04,2026-08,08,2026-08-03 08:43:17,2026-08-03 08:43:17,-1.0,1.0,136.73150705343352,credit_card,0.0
9f54dad2-f216-4854-9dac-bafc21746f4a,churn_7894815e,Test City,XX,delivered,2026-08-04 08:43:17,2026-08-04,2026-08,08,2026-08-03 08:43:17,2026-08-03 08:43:17,-1.0,1.0,51.67482237081278,credit_card,0.0
7285093e-0394-4d83-af3d-343c79043308,churn_917864e2,Test City,XX,delivered,2026-08-04 08:43:17,2026-08-04,2026-08,08,2026-08-03 08:43:17,2026-08-03 08:43:17,-1.0,1.0,53.08056188672644,credit_card,0.0
c6e042ce-26a3-47d5-81c7-6f7886107aeb,churn_d1e9fb9a,Test City,XX,delivered,2026-08-04 08:43:17,2026-08-04,2026-08,08,2026-08-03 08:43:17,2026-08-03 08:43:17,-1.0,1.0,139.04572595626092,credit_card,0.0
e71d5ddc-e4a6-4723-9cc0-ae6e0903a1ba,churn_619298ac,Test City,XX,delivered,2026-08-04 08:43:17,2026-08-04,2026-08,08,2026-08-03 08:43:17,2026-08-03 08:43:17,-1.0,1.0,55.686454382788895,credit_card,0.0
0be9158d-5d2e-4b12-a547-e0be4f77de3f,churn_4ef92c98,Test City,XX,delivered,2026-08-04 07:43:17,2026-08-04,2026-08,07,2026-08-03 07:43:17,2026-08-03 07:43:17,-1.0,1.0,136.79299323247074,credit_card,0.0
8f1e207c-59b0-43fd-934e-b804b2ffd17a,churn_be7c6056,Test City,XX,delivered,2026-08-04 07:43:17,2026-08-04,2026-08,07,2026-08-03 07:43:17,2026-08-03 07:43:17,-1.0,1.0,117.7551941487475,credit_card,0.0
7cab0d4c-b937-48f6-9a6d-a448f1ad3f6a,churn_e2f85bbe,Test City,XX,delivered,2026-08-04 07:43:17,2026-08-04,2026-08,07,2026-08-03 07:43:17,2026-08-03 07:43:17,-1.0,1.0,114.26337520447257,credit_card,0.0
f8e29acf-049b-498d-ac8a-28af9d37a256,churn_c7293dd3,Test City,XX,delivered,2026-08-04 07:43:17,2026-08-04,2026-08,07,2026-08-03 07:43:17,2026-08-03 07:43:17,-1.0,1.0,71.46678431318509,credit_card,0.0
262a14df-a5e2-46a5-bdcf-7310046f6b4d,churn_41741317,Test City,XX,delivered,2026-08-04 07:43:17,2026-08-04,2026-08,07,2026-08-03 07:43:17,2026-08-03 07:43:17,-1.0,1.0,123.16107480180997,credit_card,0.0
a44b8a39-e059-4c44-9cb7-ac2c12aef458,churn_82a57d84,Test City,XX,delivered,2026-08-04 07:43:17,2026-08-04,2026-08,07,2026-08-03 07:43:17,2026-08-03 07:43:17,-1.0,1.0,114.76265875330097,credit_card,0.0
d0318549-0aa5-40fe-aa5f-fae59475cee7,churn_4ef92c98,Test City,XX,delivered,2026-08-04 06:43:17,2026-08-04,2026-08,06,2026-08-03 06:43:17,2026-08-03 06:43:17,-1.0,1.0,92.0250561761843,credit_card,0.0
62402825-1392-4e8f-a9fc-1522a0fb2add,churn_276f0366,Test City,XX,delivered,2026-08-04 06:43:17,2026-08-04,2026-08,06,2026-08-03 06:43:17,2026-08-03 06:43:17,-1.0,1.0,74.29954921172576,credit_card,0.0
40d07c10-d078-471a-ac21-e2ad87631136,churn_861827ee,Test City,XX,delivered,2026-08-04 06:43:17,2026-08-04,2026-08,06,2026-08-03 06:43:17,2026-08-03 06:43:17,-1.0,1.0,67.38756801142046,credit_card,0.0
fe6ea0cc-0dc6-432d-8cb6-20aeef0985ce,retained_2f1ce219,Test City,XX,delivered,2026-08-04 05:43:17,2026-08-04,2026-08,05,2026-08-03 05:43:17,2026-08-03 05:43:17,-1.0,1.0,122.0119310966702,credit_card,0.0
0ce7637b-b808-4079-ac8d-b8477337ee3f,churn_26b71467,Test City,XX,delivered,2026-08-04 05:43:17,2026-08-04,2026-08,05,2026-08-03 05:43:17,2026-08-03 05:43:17,-1.0,1.0,119.7552695750243,credit_card,0.0
8c644dcb-b9b9-433c-83bf-a6581fb144b5,churn_da0d0ac9,Test City,XX,delivered,2026-08-04 05:43:17,2026-08-04,2026-08,05,2026-08-03 05:43:17,2026-08-03 05:43:17,-1.0,1.0,54.628755436279384,credit_card,0.0
44029eae-4aac-4aeb-988f-2ee54fc895c5,churn_79d2ed09,Test City,XX,delivered,2026-08-04 05:43:17,2026-08-04,2026-08,05,2026-08-03 05:43:17,2026-08-03 05:43:17,-1.0,1.0,108.42303207366623,credit_card,0.0
dd18cd5d-465f-429f-bc63-5f207253cb34,churn_856c260e,Test City,XX,delivered,2026-08-04 05:43:17,2026-08-04,2026-08,05,2026-08-03 05:43:17,2026-08-03 05:43:17,-1.0,1.0,88.11119816564364,credit_card,0.0
7aeea93b-1cb3-4dcf-a297-9c0ab03c3014,churn_f09e0a1d,Test City,XX,delivered,2026-08-04 05:43:17,2026-08-04,2026-08,05,2026-08-03 05:43:17,2026-08-03 05:43:17,-1.0,1.0,54.35061376739577,credit_card,0.0
1fde6d35-175e-4cd2-bb36-8e61bad42f80,churn_fd6ed0b4,Test City,XX,delivered,2026-08-04 04:43:17,2026-08-04,2026-08,04,2026-08-03 04:43:17,2026-08-03 04:43:17,-1.0,1.0,100.60469836095831,credit_card,0.0
29a581b7-9359-40ce-b151-f37083c09bc3,churn_6d45a414,Test City,XX,delivered,2026-08-04 04:43:17,2026-08-04,2026-08,04,2026-08-03 04:43:17,2026-08-03 04:43:17,-1.0,1.0,103.63851695093112,credit_card,0.0
bca9ece9-8819-442a-9373-e1fe4bb42b59,churn_d5faf7c0,Test City,XX,delivered,2026-08-04 04:43:17,2026-08-04,2026-08,04,2026-08-03 04:43:17,2026-08-03 04:43:17,-1.0,1.0,139.28345772145695,credit_card,0.0
4735013a-fd67-413b-b885-e3add2c89320,churn_13876bd5,Test City,XX,delivered,2026-08-04 04:43:17,2026-08-04,2026-08,04,2026-08-03 04:43:17,2026-08-03 04:43:17,-1.0,1.0,135.71168171974168,credit_card,0.0
fa9eefda-2c23-4a88-887b-b214c0c9f8ff,churn_c6001309,Test City,XX,delivered,2026-08-04 04:43:17,2026-08-04,2026-08,04,2026-08-03 04:43:17,2026-08-03 04:43:17,-1.0,1.0,82.785895369824,credit_card,0.0
53ae1042-a81b-4d1a-ad4b-e003c57feada,retained_c581a735,Test City,XX,delivered,2026-08-04 03:43:17,2026-08-04,2026-08,03,2026-08-03 03:43:17,2026-08-03 03:43:17,-1.0,1.0,54.359176647634314,credit_card,0.0
09a96f4f-b828-40fc-a567-b578f9de6c9d,retained_fd7cebf6,Test City,XX,delivered,2026-08-04 03:43:17,2026-08-04,2026-08,03,2026-08-03 03:43:17,2026-08-03 03:43:17,-1.0,1.0,132.436514137286,credit_card,0.0
3c857cf9-3c58-4de4-95cf-818b13ef679d,churn_df7a1b7d,Test City,XX,delivered,2026-08-04 03:43:17,2026-08-04,2026-08,03,2026-08-03 03:43:17,2026-08-03 03:43:17,-1.0,1.0,62.8759124624628,credit_card,0.0
56978b5e-5d70-47ce-bad4-cb28e91d562d,churn_1df0e32b,Test City,XX,delivered,2026-08-04 03:43:17,2026-08-04,2026-08,03,2026-08-03 03:43:17,2026-08-03 03:43:17,-1.0,1.0,117.22869102216829,credit_card,0.0
04eb73ce-b0b2-4e6a-9ee3-f6fc9363ea0f,churn_948f035d,Test City,XX,delivered,2026-08-04 03:43:17,2026-08-04,2026-08,03,2026-08-03 03:43:17,2026-08-03 03:43:17,-1.0,1.0,77.79815069602014,credit_card,0.0
498c11d1-5f49-4bdd-88c2-7619c8a4a7ee,churn_ebf2bf68,Test City,XX,delivered,2026-08-04 03:43:17,2026-08-04,2026-08,03,2026-08-03 03:43:17,2026-08-03 03:43:17,-1.0,1.0,143.13673902050812,credit_card,0.0
341cba97-9553-4c9f-be51-13a49c665d51,retained_45b772e9,Test City,XX,delivered,2026-08-04 02:43:17,2026-08-04,2026-08,02,2026-08-03 02:43:17,2026-08-03 02:43:17,-1.0,1.0,84.40109578247913,credit_card,0.0
4913a5be-d121-48ea-9249-d5048877e61f,retained_48cda2bc,Test City,XX,delivered,2026-08-04 02:43:17,2026-08-04,2026-08,02,2026-08-03 02:43:17,2026-08-03 02:43:17,-1.0,1.0,126.64674958181222,credit_card,0.0
bab801e7-584c-451b-8b72-9c9a474f50f8,retained_98976e0f,Test City,XX,delivered,2026-08-04 02:43:17,2026-08-04,2026-08,02,2026-08-03 02:43:17,2026-08-03 02:43:17,-1.0,1.0,102.90763910431099,credit_card,0.0
9c27c6f0-45fb-442c-927a-1e870b78b3c6,retained_c6ed662e,Test City,XX,delivered,2026-08-04 02:43:17,2026-08-04,2026-08,02,2026-08-03 02:43:17,2026-08-03 02:43:17,-1.0,1.0,138.72857891066943,credit_card,0.0
f9c598ac-9083-4970-9ae8-fa4246ed45d3,churn_21baa159,Test City,XX,delivered,2026-08-04 02:43:17,2026-08-04,2026-08,02,2026-08-03 02:43:17,2026-08-03 02:43:17,-1.0,1.0,78.04279587076644,credit_card,0.0
b5de44a8-a554-4598-abd7-992475bc49bb,churn_60deb1c0,Test City,XX,delivered,2026-08-04 02:43:17,2026-08-04,2026-08,02,2026-08-03 02:43:17,2026-08-03 02:43:17,-1.0,1.0,118.74816910208142,credit_card,0.0
bc9b8022-2035-45d9-b527-5a30cb9af7ca,churn_573c9477,Test City,XX,delivered,2026-08-04 02:43:17,2026-08-04,2026-08,02,2026-08-03 02:43:17,2026-08-03 02:43:17,-1.0,1.0,128.61585443376657,credit_card,0.0
ddf82c22-e60e-45db-ad3e-35adf0c0bec7,churn_6d18c1e3,Test City,XX,delivered,2026-08-04 02:43:17,2026-08-04,2026-08,02,2026-08-03 02:43:17,2026-08-03 02:43:17,-1.0,1.0,94.65905985320177,credit_card,0.0
4563ed80-67ff-47ae-8afb-765120356f00,churn_0bcedee1,Test City,XX,delivered,2026-08-04 02:43:17,2026-08-04,2026-08,02,2026-08-03 02:43:17,2026-08-03 02:43:17,-1.0,1.0,133.15063309127203,credit_card,0.0
14cce153-3f67-4b37-a489-acd8d0154611,retained_9ffcc6ac,Test City,XX,delivered,2026-08-04 01:43:17,2026-08-04,2026-08,01,2026-08-03 01:43:17,2026-08-03 01:43:17,-1.0,1.0,65.0089029190776,credit_card,0.0
1bcf9eac-db34-40ed-b8ca-ad5f91fce984,retained_7268f50c,Test City,XX,delivered,2026-08-04 01:43:17,2026-08-04,2026-08,01,2026-08-03 01:43:17,2026-08-03 01:43:17,-1.0,1.0,93.46946591149111,credit_card,0.0
b369240a-4e70-4cb9-86f3-4e435c86d621,churn_fad268c4,Test City,XX,delivered,2026-08-04 01:43:17,2026-08-04,2026-08,01,2026-08-03 01:43:17,2026-08-03 01:43:17,-1.0,1.0,59.58843642022376,credit_card,0.0
14ae396c-f352-4db2-a14c-edd40331c1ac,churn_219df7da,Test City,XX,delivered,2026-08-04 01:43:17,2026-08-04,2026-08,01,2026-08-03 01:43:17,2026-08-03 01:43:17,-1.0,1.0,130.69191112038848,credit_card,0.0
3086c2fc-4214-4cff-952c-75db89acca5a,churn_d896b69c,Test City,XX,delivered,2026-08-04 01:43:17,2026-08-04,2026-08,01,2026-08-03 01:43:17,2026-08-03 01:43:17,-1.0,1.0,145.4615084966111,credit_card,0.0
8f6dd318-d977-44d7-95a1-9a63de3536cb,churn_147d36e3,Test City,XX,delivered,2026-08-04 00:43:17,2026-08-04,2026-08,00,2026-08-03 00:43:17,2026-08-03 00:43:17,-1.0,1.0,127.03422018503791,credit_card,0.0
d32a5648-30bd-4124-b10d-cb277138d2f0,churn_cf562102,Test City,XX,delivered,2026-08-04 00:43:17,2026-08-04,2026-08,00,2026-08-03 00:43:17,2026-08-03 00:43:17,-1.0,1.0,66.91873656968913,credit_card,0.0
e427eaf2-4a68-408c-ba02-1e79e018b08b,churn_ba4353d0,Test City,XX,delivered,2026-08-04 00:43:17,2026-08-04,2026-08,00,2026-08-03 00:43:17,2026-08-03 00:43:17,-1.0,1.0,114.59973454722694,credit_card,0.0
1b88707c-8728-4ba4-865d-0d2e74300b2c,churn_60d5fdd9,Test City,XX,delivered,2026-08-04 00:43:17,2026-08-04,2026-08,00,2026-08-03 00:43:17,2026-08-03 00:43:17,-1.0,1.0,88.39102735355796,credit_card,0.0
b0afc0bf-00d3-4e87-8c3b-03f785de4cb0,retained_6cd3ad24,Test City,XX,delivered,2026-08-03 23:43:17,2026-08-03,2026-08,23,2026-08-02 23:43:17,2026-08-02 23:43:17,-1.0,1.0,86.91764174761283,credit_card,0.0
42176e2d-6be0-45ee-8dcf-461f0b260c29,retained_39ac8b88,Test City,XX,delivered,2026-08-03 23:43:17,2026-08-03,2026-08,23,2026-08-02 23:43:17,2026-08-02 23:43:17,-1.0,1.0,73.29684269602768,credit_card,0.0
a7b4aecd-ebc3-4f11-ab81-e87542e528a2,churn_e1da0261,Test City,XX,delivered,2026-08-03 23:43:17,2026-08-03,2026-08,23,2026-08-02 23:43:17,2026-08-02 23:43:17,-1.0,1.0,78.92811719463025,credit_card,0.0
94700700-38a6-4088-a78c-96fc85949edf,churn_d88a54ad,Test City,XX,delivered,2026-08-03 23:43:17,2026-08-03,2026-08,23,2026-08-02 23:43:17,2026-08-02 23:43:17,-1.0,1.0,139.12500855273595,credit_card,0.0
38609ad0-b118-4e3d-816e-a12c194894da,churn_64cb9d2c,Test City,XX,delivered,2026-08-03 10:43:17,2026-08-03,2026-08,10,2026-08-02 10:43:17,2026-08-02 10:43:17,-1.0,1.0,125.42669332262308,credit_card,0.0
98717015-57d2-4adf-b3d8-4d64a3cf1f83,churn_7376483d,Test City,XX,delivered,2026-08-03 10:43:17,2026-08-03,2026-08,10,2026-08-02 10:43:17,2026-08-02 10:43:17,-1.0,1.0,126.1314304234202,credit_card,0.0
f3bfdd83-6aa4-46b4-a670-d48017eb7b4a,churn_b8994770,Test City,XX,delivered,2026-08-03 10:43:17,2026-08-03,2026-08,10,2026-08-02 10:43:17,2026-08-02 10:43:17,-1.0,1.0,111.98612225408851,credit_card,0.0
cd1b3cab-c75d-465c-b392-76eb4651da72,churn_72fea3f9,Test City,XX,delivered,2026-08-03 10:43:17,2026-08-03,2026-08,10,2026-08-02 10:43:17,2026-08-02 10:43:17,-1.0,1.0,50.93182158903103,credit_card,0.0
1f0949e9-4a10-4ba7-b823-cb0a761f1c4b,churn_37fe8b3e,Test City,XX,delivered,2026-08-03 10:43:17,2026-08-03,2026-08,10,2026-08-02 10:43:17,2026-08-02 10:43:17,-1.0,1.0,118.93079452083106,credit_card,0.0
f0983fee-c893-462e-a339-ae67f4956728,retained_c581a735,Test City,XX,delivered,2026-08-03 09:43:17,2026-08-03,2026-08,09,2026-08-02 09:43:17,2026-08-02 09:43:17,-1.0,1.0,114.74710269379797,credit_card,0.0
3144e210-5bdf-4254-ab11-620a91a78b66,churn_04abc265,Test City,XX,delivered,2026-08-03 09:43:17,2026-08-03,2026-08,09,2026-08-02 09:43:17,2026-08-02 09:43:17,-1.0,1.0,76.93457675776024,credit_card,0.0
f1814f3b-1ad2-41e3-af39-22b5c889c67c,churn_dd531f7d,Test City,XX,delivered,2026-08-03 09:43:17,2026-08-03,2026-08,09,2026-08-02 09:43:17,2026-08-02 09:43:17,-1.0,1.0,54.488423684150604,credit_card,0.0
9cbacfc1-174a-4641-91e6-32323aa7cf73,retained_1c494815,Test City,XX,delivered,2026-08-03 08:43:17,2026-08-03,2026-08,08,2026-08-02 08:43:17,2026-08-02 08:43:17,-1.0,1.0,107.9429675263861,credit_card,0.0
f5a9a7ae-6d29-4a23-ba58-3b799f88f3ed,churn_15b1c022,Test City,XX,delivered,2026-08-03 08:43:17,2026-08-03,2026-08,08,2026-08-02 08:43:17,2026-08-02 08:43:17,-1.0,1.0,89.80706344522534,credit_card,0.0
3d198282-3831-4ed8-9f00-b07900934ebe,churn_231b8997,Test City,XX,delivered,2026-08-03 08:43:17,2026-08-03,2026-08,08,2026-08-02 08:43:17,2026-08-02 08:43:17,-1.0,1.0,148.30455730553186,credit_card,0.0
4d8230d2-77a7-45a3-88df-4582ca60dd89,churn_16f328c9,Test City,XX,delivered,2026-08-03 08:43:17,2026-08-03,2026-08,08,2026-08-02 08:43:17,2026-08-02 08:43:17,-1.0,1.0,79.10630280093325,credit_card,0.0
399885f9-7291-4468-9a62-812e283ffc81,churn_bcf5e958,Test City,XX,delivered,2026-08-03 08:43:17,2026-08-03,2026-08,08,2026-08-02 08:43:17,2026-08-02 08:43:17,-1.0,1.0,127.32683301173697,credit_card,0.0
12ebee59-4fcd-4ece-a2c6-b3a6b0fb53ad,churn_fd22594b,Test City,XX,delivered,2026-08-03 07:43:17,2026-08-03,2026-08,07,2026-08-02 07:43:17,2026-08-02 07:43:17,-1.0,1.0,51.232467843174476,credit_card,0.0
7fed9ba4-8d8a-42ba-af31-48e258f539cf,churn_f8f72946,Test City,XX,delivered,2026-08-03 07:43:17,2026-08-03,2026-08,07,2026-08-02 07:43:17,2026-08-02 07:43:17,-1.0,1.0,52.7267875483049,credit_card,0.0
c00260ae-df12-4177-9620-2686b62e59c6,churn_64911a25,Test City,XX,delivered,2026-08-03 07:43:17,2026-08-03,2026-08,07,2026-08-02 07:43:17,2026-08-02 07:43:17,-1.0,1.0,101.57800337471357,credit_card,0.0
666016b7-ab36-4d6f-958c-12012f7d8316,retained_21f0c593,Test City,XX,delivered,2026-08-03 06:43:17,2026-08-03,2026-08,06,2026-08-02 06:43:17,2026-08-02 06:43:17,-1.0,1.0,113.0711087530515,credit_card,0.0
7ca82bd8-db2d-4e5b-894a-f2f2112105c3,churn_aaef77e6,Test City,XX,delivered,2026-08-03 06:43:17,2026-08-03,2026-08,06,2026-08-02 06:43:17,2026-08-02 06:43:17,-1.0,1.0,55.696848438899295,credit_card,0.0
a13e77b3-a150-4d76-a520-fd7844995976,retained_9fd0b117,Test City,XX,delivered,2026-08-03 05:43:17,2026-08-03,2026-08,05,2026-08-02 05:43:17,2026-08-02 05:43:17,-1.0,1.0,101.753960503314,credit_card,0.0
0ade6b29-8be9-49e8-893b-925afcd45c94,churn_4a5dfc42,Test City,XX,delivered,2026-08-03 05:43:17,2026-08-03,2026-08,05,2026-08-02 05:43:17,2026-08-02 05:43:17,-1.0,1.0,86.6141611869005,credit_card,0.0
1bd65ba6-ee2d-4345-b91c-ab9ce16a0aa4,churn_023a3140,Test City,XX,delivered,2026-08-03 05:43:17,2026-08-03,2026-08,05,2026-08-02 05:43:17,2026-08-02 05:43:17,-1.0,1.0,83.8433149651934,credit_card,0.0
a8da7e22-8b37-4b6b-badd-c86be5eefd23,churn_241103e4,Test City,XX,delivered,2026-08-03 05:43:17,2026-08-03,2026-08,05,2026-08-02 05:43:17,2026-08-02 05:43:17,-1.0,1.0,121.27560275108408,credit_card,0.0
26d1f498-9213-4e2b-b75f-7216cadd7d1e,churn_c2733afa,Test City,XX,delivered,2026-08-03 05:43:17,2026-08-03,2026-08,05,2026-08-02 05:43:17,2026-08-02 05:43:17,-1.0,1.0,120.98029800233236,credit_card,0.0
df39e17c-9403-423d-b27b-cdefffc45191,churn_ee551ff9,Test City,XX,delivered,2026-08-03 04:43:17,2026-08-03,2026-08,04,2026-08-02 04:43:17,2026-08-02 04:43:17,-1.0,1.0,136.91346336152304,credit_card,0.0
8fbc648f-6245-44ae-81dd-97f7ca641fd6,churn_17daac86,Test City,XX,delivered,2026-08-03 04:43:17,2026-08-03,2026-08,04,2026-08-02 04:43:17,2026-08-02 04:43:17,-1.0,1.0,120.27767552845005,credit_card,0.0
3752a0b6-f9b0-4003-8118-5e7fde54e009,churn_ac59c0c5,Test City,XX,delivered,2026-08-03 04:43:17,2026-08-03,2026-08,04,2026-08-02 04:43:17,2026-08-02 04:43:17,-1.0,1.0,55.97225300137395,credit_card,0.0
6d9d3a9f-01d2-4723-8c9e-8a6347f753d9,churn_a12ba08d,Test City,XX,delivered,2026-08-03 04:43:17,2026-08-03,2026-08,04,2026-08-02 04:43:17,2026-08-02 04:43:17,-1.0,1.0,125.7942035885325,credit_card,0.0
cbe7a3d1-e1cf-467e-8824-5ff5d89d289a,churn_7b43e9e3,Test City,XX,delivered,2026-08-03 04:43:17,2026-08-03,2026-08,04,2026-08-02 04:43:17,2026-08-02 04:43:17,-1.0,1.0,95.8705641368476,credit_card,0.0
4191e5a3-ac11-417c-a8c2-bebd4ef870e2,churn_fb725b3f,Test City,XX,delivered,2026-08-03 03:43:17,2026-08-03,2026-08,03,2026-08-02 03:43:17,2026-08-02 03:43:17,-1.0,1.0,96.08717942111375,credit_card,0.0
c8211777-e761-4cde-a7a8-68cbcfb2f0d0,retained_01e5ca31,Test City,XX,delivered,2026-08-03 02:43:17,2026-08-03,2026-08,02,2026-08-02 02:43:17,2026-08-02 02:43:17,-1.0,1.0,132.450983237613,credit_card,0.0
1c0d7d2d-3db3-4fea-b7e5-202d492b8f60,churn_5180459f,Test City,XX,delivered,2026-08-03 02:43:17,2026-08-03,2026-08,02,2026-08-02 02:43:17,2026-08-02 02:43:17,-1.0,1.0,107.3458011932057,credit_card,0.0
fe3fc5a2-f7d5-476a-bf40-bdd398633388,churn_e167b51f,Test City,XX,delivered,2026-08-03 02:43:17,2026-08-03,2026-08,02,2026-08-02 02:43:17,2026-08-02 02:43:17,-1.0,1.0,149.83872969700207,credit_card,0.0
37c6a00f-9fb7-4d27-a7e2-b9e30c1204f2,churn_90ff0f7f,Test City,XX,delivered,2026-08-03 02:43:17,2026-08-03,2026-08,02,2026-08-02 02:43:17,2026-08-02 02:43:17,-1.0,1.0,132.60797920221037,credit_card,0.0
98b69db6-8030-41af-a4ce-a651ecb3be2f,churn_a853597d,Test City,XX,delivered,2026-08-03 02:43:17,2026-08-03,2026-08,02,2026-08-02 02:43:17,2026-08-02 02:43:17,-1.0,1.0,79.73618764032416,credit_card,0.0
ddcf574d-7b73-4867-85d4-d3cd3e8c418c,churn_785a4db7,Test City,XX,delivered,2026-08-03 02:43:17,2026-08-03,2026-08,02,2026-08-02 02:43:17,2026-08-02 02:43:17,-1.0,1.0,137.00065717916073,credit_card,0.0
d4aa087f-f443-451d-ad46-4ffb61769290,retained_257c5370,Test City,XX,delivered,2026-08-03 01:43:17,2026-08-03,2026-08,01,2026-08-02 01:43:17,2026-08-02 01:43:17,-1.0,1.0,81.72001946947987,credit_card,0.0
f80db9a2-79b6-43ea-8ca1-9955db6637ee,churn_3fdab65b,Test City,XX,delivered,2026-08-03 01:43:17,2026-08-03,2026-08,01,2026-08-02 01:43:17,2026-08-02 01:43:17,-1.0,1.0,71.77845432550095,credit_card,0.0
cbe9c296-37a8-49ce-bb85-a53428c98020,churn_b131c2d1,Test City,XX,delivered,2026-08-03 01:43:17,2026-08-03,2026-08,01,2026-08-02 01:43:17,2026-08-02 01:43:17,-1.0,1.0,55.49888672499871,credit_card,0.0
1bc2ac25-8ad5-4ac3-a786-b4c0a53c6c3d,churn_544d90d8,Test City,XX,delivered,2026-08-03 01:43:17,2026-08-03,2026-08,01,2026-08-02 01:43:17,2026-08-02 01:43:17,-1.0,1.0,144.44648413363697,credit_card,0.0
ab2661ab-0c83-40ff-906f-6662cf5414b8,churn_90f6bffc,Test City,XX,delivered,2026-08-03 00:43:17,2026-08-03,2026-08,00,2026-08-02 00:43:17,2026-08-02 00:43:17,-1.0,1.0,131.18529726163916,credit_card,0.0
6c9555f7-07a2-4c83-98da-9668475efbdb,churn_21e89fcc,Test City,XX,delivered,2026-08-02 23:43:17,2026-08-02,2026-08,23,2026-08-01 23:43:17,2026-08-01 23:43:17,-1.0,1.0,138.53526488239223,credit_card,0.0
865e6f4a-f05c-4a30-b150-d7009cba5483,churn_204b2b7d,Test City,XX,delivered,2026-08-02 23:43:17,2026-08-02,2026-08,23,2026-08-01 23:43:17,2026-08-01 23:43:17,-1.0,1.0,106.25029413235487,credit_card,0.0
de2eafff-67fb-440b-9e9f-27953f7bdbab,churn_b64009ca,Test City,XX,delivered,2026-08-02 23:43:17,2026-08-02,2026-08,23,2026-08-01 23:43:17,2026-08-01 23:43:17,-1.0,1.0,127.2613505485246,credit_card,0.0
a3704a23-eef8-4143-8b40-67b1d5f608ad,churn_ef504691,Test City,XX,delivered,2026-08-02 10:43:17,2026-08-02,2026-08,10,2026-08-01 10:43:17,2026-08-01 10:43:17,-1.0,1.0,93.51234034483335,credit_card,0.0
fb144c9f-82ca-4d28-8746-49f5155a1656,churn_f3076214,Test City,XX,delivered,2026-08-02 10:43:17,2026-08-02,2026-08,10,2026-08-01 10:43:17,2026-08-01 10:43:17,-1.0,1.0,148.34035525190927,credit_card,0.0
73219b10-6d95-4e31-940b-082ea843c8b8,churn_3871645c,Test City,XX,delivered,2026-08-02 10:43:17,2026-08-02,2026-08,10,2026-08-01 10:43:17,2026-08-01 10:43:17,-1.0,1.0,56.09156354283674,credit_card,0.0
946ed3cd-3705-4a8d-bbfb-2c059c5d0d5b,churn_5d80f789,Test City,XX,delivered,2026-08-02 10:43:17,2026-08-02,2026-08,10,2026-08-01 10:43:17,2026-08-01 10:43:17,-1.0,1.0,79.73305704276491,credit_card,0.0
6b14892e-8811-49f1-b01d-3a9f36bc593b,churn_9749d667,Test City,XX,delivered,2026-08-02 10:43:17,2026-08-02,2026-08,10,2026-08-01 10:43:17,2026-08-01 10:43:17,-1.0,1.0,81.73625807679343,credit_card,0.0
a7416b33-12fa-412d-84a3-76af71a1463e,churn_677730db,Test City,XX,delivered,2026-08-02 10:43:17,2026-08-02,2026-08,10,2026-08-01 10:43:17,2026-08-01 10:43:17,-1.0,1.0,130.47999636120343,credit_card,0.0
03284b1c-0677-47e8-b760-7a46d4509927,retained_24e0b3fa,Test City,XX,delivered,2026-08-02 09:43:17,2026-08-02,2026-08,09,2026-08-01 09:43:17,2026-08-01 09:43:17,-1.0,1.0,100.09866237616947,credit_card,0.0
2897f06f-c296-46f0-9194-df8670bfaf7e,churn_d9c81d2f,Test City,XX,delivered,2026-08-02 09:43:17,2026-08-02,2026-08,09,2026-08-01 09:43:17,2026-08-01 09:43:17,-1.0,1.0,70.99488527381473,credit_card,0.0
9abd2903-f99e-4bc2-b2f8-26041356e273,churn_9b012181,Test City,XX,delivered,2026-08-02 09:43:17,2026-08-02,2026-08,09,2026-08-01 09:43:17,2026-08-01 09:43:17,-1.0,1.0,121.54799762042472,credit_card,0.0
3b9379bf-4d5c-4364-8503-aac62178dfa7,churn_3ffbac1f,Test City,XX,delivered,2026-08-02 09:43:17,2026-08-02,2026-08,09,2026-08-01 09:43:17,2026-08-01 09:43:17,-1.0,1.0,137.9525316377567,credit_card,0.0
efa77dea-4221-4a9c-bec7-bb5f256a6cac,churn_5e17a2be,Test City,XX,delivered,2026-08-02 08:43:17,2026-08-02,2026-08,08,2026-08-01 08:43:17,2026-08-01 08:43:17,-1.0,1.0,84.3455414936404,credit_card,0.0
e08474dc-7733-4376-bbae-b364ba1c54a3,churn_856c260e,Test City,XX,delivered,2026-08-02 07:43:17,2026-08-02,2026-08,07,2026-08-01 07:43:17,2026-08-01 07:43:17,-1.0,1.0,65.11502878940367,credit_card,0.0
92becba9-89bf-4c94-b9bc-b7565924b2ad,churn_606842b2,Test City,XX,delivered,2026-08-02 06:43:17,2026-08-02,2026-08,06,2026-08-01 06:43:17,2026-08-01 06:43:17,-1.0,1.0,138.3643141800976,credit_card,0.0
f1efa0c4-7b20-40f9-b77a-ebd3dd718945,churn_268067a9,Test City,XX,delivered,2026-08-02 06:43:17,2026-08-02,2026-08,06,2026-08-01 06:43:17,2026-08-01 06:43:17,-1.0,1.0,143.19791419843182,credit_card,0.0
15f3e97d-3d10-4b17-8826-48d1eda29c2c,churn_535fede1,Test City,XX,delivered,2026-08-02 06:43:17,2026-08-02,2026-08,06,2026-08-01 06:43:17,2026-08-01 06:43:17,-1.0,1.0,58.10555178372461,credit_card,0.0
dd6a3be5-56ae-44b6-b084-2541be54dc70,retained_ea2106de,Test City,XX,delivered,2026-08-02 05:43:17,2026-08-02,2026-08,05,2026-08-01 05:43:17,2026-08-01 05:43:17,-1.0,1.0,141.57483886209795,credit_card,0.0
99894629-74dd-4dd9-9483-fd2b2a346dc8,churn_e2f85bbe,Test City,XX,delivered,2026-08-02 05:43:17,2026-08-02,2026-08,05,2026-08-01 05:43:17,2026-08-01 05:43:17,-1.0,1.0,91.93485687275333,credit_card,0.0
07dcacbd-3db7-4113-b324-e8d31a1d0244,churn_9749d667,Test City,XX,delivered,2026-08-02 05:43:17,2026-08-02,2026-08,05,2026-08-01 05:43:17,2026-08-01 05:43:17,-1.0,1.0,54.99245180009446,credit_card,0.0
0e87915c-ba74-4526-af1a-a72f95e1fc03,churn_cedd29cd,Test City,XX,delivered,2026-08-02 05:43:17,2026-08-02,2026-08,05,2026-08-01 05:43:17,2026-08-01 05:43:17,-1.0,1.0,116.66951897485431,credit_card,0.0
a4480fc3-8ad3-4d1f-9622-59053adc7b0d,churn_87691d65,Test City,XX,delivered,2026-08-02 05:43:17,2026-08-02,2026-08,05,2026-08-01 05:43:17,2026-08-01 05:43:17,-1.0,1.0,146.71079987932393,credit_card,0.0
c9f7563b-db77-4ffe-bb7c-b9ea0f5f4095,retained_6b19a518,Test City,XX,delivered,2026-08-02 04:43:17,2026-08-02,2026-08,04,2026-08-01 04:43:17,2026-08-01 04:43:17,-1.0,1.0,102.2590724867259,credit_card,0.0
465f50d4-efcc-4bf0-8463-d8b589a9a58e,retained_9d3ca1c8,Test City,XX,delivered,2026-08-02 04:43:17,2026-08-02,2026-08,04,2026-08-01 04:43:17,2026-08-01 04:43:17,-1.0,1.0,122.32960685290816,credit_card,0.0
fda1226c-f75a-4a49-a2e2-90d806fce12e,churn_a9f05adc,Test City,XX,delivered,2026-08-02 04:43:17,2026-08-02,2026-08,04,2026-08-01 04:43:17,2026-08-01 04:43:17,-1.0,1.0,131.94923000949655,credit_card,0.0
79b05a07-9101-41aa-90c6-b9a24e4eaa80,churn_d0aaa1b1,Test City,XX,delivered,2026-08-02 04:43:17,2026-08-02,2026-08,04,2026-08-01 04:43:17,2026-08-01 04:43:17,-1.0,1.0,128.73023709485688,credit_card,0.0
7318defd-544f-4296-a65c-dfb29b6a7305,churn_d0d6f9d6,Test City,XX,delivered,2026-08-02 04:43:17,2026-08-02,2026-08,04,2026-08-01 04:43:17,2026-08-01 04:43:17,-1.0,1.0,143.71925772993575,credit_card,0.0
a16f4113-b28b-480b-b5fb-3fc7955c5092,churn_663cf0ff,Test City,XX,delivered,2026-08-02 04:43:17,2026-08-02,2026-08,04,2026-08-01 04:43:17,2026-08-01 04:43:17,-1.0,1.0,147.3404833312551,credit_card,0.0
26e60865-7344-4119-8072-b5d34a21e647,retained_b861f15b,Test City,XX,delivered,2026-08-02 03:43:17,2026-08-02,2026-08,03,2026-08-01 03:43:17,2026-08-01 03:43:17,-1.0,1.0,92.3200785941055,credit_card,0.0
18d70b49-7965-4441-9cfe-83d35b031b7f,retained_2959c743,Test City,XX,delivered,2026-08-02 03:43:17,2026-08-02,2026-08,03,2026-08-01 03:43:17,2026-08-01 03:43:17,-1.0,1.0,108.64450411973907,credit_card,0.0
483410d2-3408-4af6-a15d-6be13aa14ef4,churn_1d500bc4,Test City,XX,delivered,2026-08-02 03:43:17,2026-08-02,2026-08,03,2026-08-01 03:43:17,2026-08-01 03:43:17,-1.0,1.0,55.57613861128887,credit_card,0.0
04e9c035-242f-404a-93ed-b4443a360f16,churn_b48f990e,Test City,XX,delivered,2026-08-02 03:43:17,2026-08-02,2026-08,03,2026-08-01 03:43:17,2026-08-01 03:43:17,-1.0,1.0,105.69896800513102,credit_card,0.0
22d19ec5-94df-4723-b8b1-907692750e76,churn_e9e0ae3b,Test City,XX,delivered,2026-08-02 03:43:17,2026-08-02,2026-08,03,2026-08-01 03:43:17,2026-08-01 03:43:17,-1.0,1.0,134.9799718178374,credit_card,0.0
2c11489d-5f9d-43d2-bb24-5ea512579cda,retained_af10d317,Test City,XX,delivered,2026-08-02 02:43:17,2026-08-02,2026-08,02,2026-08-01 02:43:17,2026-08-01 02:43:17,-1.0,1.0,103.62243373127154,credit_card,0.0
4b237ae2-3f13-4cbb-8b87-679852b2271f,churn_6d68b06b,Test City,XX,delivered,2026-08-02 02:43:17,2026-08-02,2026-08,02,2026-08-01 02:43:17,2026-08-01 02:43:17,-1.0,1.0,81.27680088541804,credit_card,0.0
8cf14a19-61ab-4a7a-84ec-a7fff5997e68,churn_6b61f145,Test City,XX,delivered,2026-08-02 02:43:17,2026-08-02,2026-08,02,2026-08-01 02:43:17,2026-08-01 02:43:17,-1.0,1.0,97.068419527115,credit_card,0.0
ddb3b3ae-c446-46ec-b7b3-95f044199d74,churn_97ecba8d,Test City,XX,delivered,2026-08-02 02:43:17,2026-08-02,2026-08,02,2026-08-01 02:43:17,2026-08-01 02:43:17,-1.0,1.0,95.97051242162838,credit_card,0.0
e38de66e-0b27-49ff-b387-d0e50b4f52fc,retained_fa1cbd05,Test City,XX,delivered,2026-08-02 01:43:17,2026-08-02,2026-08,01,2026-08-01 01:43:17,2026-08-01 01:43:17,-1.0,1.0,78.75482951035593,credit_card,0.0
7cf5cbdb-dd7d-49ad-8007-63e3474d8993,churn_444beffd,Test City,XX,delivered,2026-08-02 01:43:17,2026-08-02,2026-08,01,2026-08-01 01:43:17,2026-08-01 01:43:17,-1.0,1.0,107.50021391923136,credit_card,0.0
498c2a19-f7a4-4c96-8fe8-1acdd089b7d5,churn_87148300,Test City,XX,delivered,2026-08-02 01:43:17,2026-08-02,2026-08,01,2026-08-01 01:43:17,2026-08-01 01:43:17,-1.0,1.0,140.8265627063547,credit_card,0.0
db663e33-b915-4ab5-baae-e9f4f9d2c384,churn_cbeaba61,Test City,XX,delivered,2026-08-02 01:43:17,2026-08-02,2026-08,01,2026-08-01 01:43:17,2026-08-01 01:43:17,-1.0,1.0,88.36696355357982,credit_card,0.0
41d1a6ce-6496-432e-af64-1b882213068d,retained_9d3ca1c8,Test City,XX,delivered,2026-08-02 00:43:17,2026-08-02,2026-08,00,2026-08-01 00:43:17,2026-08-01 00:43:17,-1.0,1.0,105.33223071388966,credit_card,0.0
95e0690b-4005-4882-8d93-3a0df7432367,churn_4012113a,Test City,XX,delivered,2026-08-02 00:43:17,2026-08-02,2026-08,00,2026-08-01 00:43:17,2026-08-01 00:43:17,-1.0,1.0,68.03784991478754,credit_card,0.0
8070cf45-184f-4493-be02-127b1fabf6fe,churn_a6e30d8c,Test City,XX,delivered,2026-08-02 00:43:17,2026-08-02,2026-08,00,2026-08-01 00:43:17,2026-08-01 00:43:17,-1.0,1.0,139.62987936040275,credit_card,0.0
a48ef045-c1a9-4357-90d8-805645326e7c,churn_ae90237b,Test City,XX,delivered,2026-08-01 23:43:17,2026-08-01,2026-08,23,2026-07-31 23:43:17,2026-07-31 23:43:17,-1.0,1.0,98.93409985367614,credit_card,0.0
6c0310a6-cd17-4f60-9ce8-35a9697945ea,churn_4055dccc,Test City,XX,delivered,2026-08-01 23:43:17,2026-08-01,2026-08,23,2026-07-31 23:43:17,2026-07-31 23:43:17,-1.0,1.0,119.81524440078024,credit_card,0.0
31d92f66-133e-4330-9dc8-40e3140d8095,churn_a433bfe6,Test City,XX,delivered,2026-08-01 23:43:17,2026-08-01,2026-08,23,2026-07-31 23:43:17,2026-07-31 23:43:17,-1.0,1.0,114.78899635938235,credit_card,0.0
a288aa55-2914-4105-86ba-5ff57d849f16,churn_9c8c3197,Test City,XX,delivered,2026-08-01 23:43:17,2026-08-01,2026-08,23,2026-07-31 23:43:17,2026-07-31 23:43:17,-1.0,1.0,53.77627685655296,credit_card,0.0
2ca6b33a-0b9d-4312-9bb8-d7933df8f0fe,churn_94a82708,Test City,XX,delivered,2026-08-01 23:43:17,2026-08-01,2026-08,23,2026-07-31 23:43:17,2026-07-31 23:43:17,-1.0,1.0,83.3803289576002,credit_card,0.0
c652bbb4-a056-4a85-a124-77afa9c58362,churn_5d8c5dd6,Test City,XX,delivered,2026-08-01 23:43:17,2026-08-01,2026-08,23,2026-07-31 23:43:17,2026-07-31 23:43:17,-1.0,1.0,145.86069605200018,credit_card,0.0
8a3274f4-c639-4fba-9652-859568804aa2,churn_ef6a8789,Test City,XX,delivered,2026-08-01 23:43:17,2026-08-01,2026-08,23,2026-07-31 23:43:17,2026-07-31 23:43:17,-1.0,1.0,82.38645335951713,credit_card,0.0
e1f44486-4c08-47bb-be2c-e5ef3b66e57b,churn_d13107c2,Test City,XX,delivered,2026-08-01 23:43:17,2026-08-01,2026-08,23,2026-07-31 23:43:17,2026-07-31 23:43:17,-1.0,1.0,96.69804260988306,credit_card,0.0
ccf906c1-9e62-4d83-ac09-1d024fe716bb,churn_999d7113,Test City,XX,delivered,2026-08-01 10:43:17,2026-08-01,2026-08,10,2026-07-31 10:43:17,2026-07-31 10:43:17,-1.0,1.0,136.17341666489156,credit_card,0.0
81b04fdf-f0fa-4e1d-8311-bc86914fa5df,retained_23e10189,Test City,XX,delivered,2026-08-01 09:43:17,2026-08-01,2026-08,09,2026-07-31 09:43:17,2026-07-31 09:43:17,-1.0,1.0,95.02729508892479,credit_card,0.0
5f9ae6bc-0f96-413b-9507-ea7364c72eb0,retained_504f8ef5,Test City,XX,delivered,2026-08-01 09:43:17,2026-08-01,2026-08,09,2026-07-31 09:43:17,2026-07-31 09:43:17,-1.0,1.0,91.96351086223603,credit_card,0.0
2b7f1845-5899-4426-9a92-335372096195,churn_82aa7eac,Test City,XX,delivered,2026-08-01 09:43:17,2026-08-01,2026-08,09,2026-07-31 09:43:17,2026-07-31 09:43:17,-1.0,1.0,118.86421405158328,credit_card,0.0
f2b9562c-a533-4e71-887f-8be4a55c6e99,churn_2a19e292,Test City,XX,delivered,2026-08-01 09:43:17,2026-08-01,2026-08,09,2026-07-31 09:43:17,2026-07-31 09:43:17,-1.0,1.0,136.52971423228695,credit_card,0.0
addabce5-25b6-4e67-bb42-42e57b3d0f82,churn_46953daf,Test City,XX,delivered,2026-08-01 08:43:17,2026-08-01,2026-08,08,2026-07-31 08:43:17,2026-07-31 08:43:17,-1.0,1.0,104.97664504340568,credit_card,0.0
f1db9983-bc35-4cb7-829c-3859635a252f,churn_e7f1b525,Test City,XX,delivered,2026-08-01 08:43:17,2026-08-01,2026-08,08,2026-07-31 08:43:17,2026-07-31 08:43:17,-1.0,1.0,81.30513571826238,credit_card,0.0
10fb6afc-25c1-48c2-afec-6b4841f2152e,churn_6b08dbad,Test City,XX,delivered,2026-08-01 08:43:17,2026-08-01,2026-08,08,2026-07-31 08:43:17,2026-07-31 08:43:17,-1.0,1.0,86.01963929727604,credit_card,0.0
2b989cfd-a725-42a0-8a05-f7feb2480382,churn_7d9d534e,Test City,XX,delivered,2026-08-01 07:43:17,2026-08-01,2026-08,07,2026-07-31 07:43:17,2026-07-31 07:43:17,-1.0,1.0,136.94912234650457,credit_card,0.0
797cbcc0-4dfd-4a62-801a-033ea535cdd2,churn_14da8d4d,Test City,XX,delivered,2026-08-01 06:43:17,2026-08-01,2026-08,06,2026-07-31 06:43:17,2026-07-31 06:43:17,-1.0,1.0,56.81666099291749,credit_card,0.0
7a75aa21-6ae1-46d5-9552-3762f09f85aa,churn_60622887,Test City,XX,delivered,2026-08-01 06:43:17,2026-08-01,2026-08,06,2026-07-31 06:43:17,2026-07-31 06:43:17,-1.0,1.0,69.22894761090328,credit_card,0.0
50c9cee5-614f-448b-aa1a-da5923628678,retained_f5f3c3e6,Test City,XX,delivered,2026-08-01 05:43:17,2026-08-01,2026-08,05,2026-07-31 05:43:17,2026-07-31 05:43:17,-1.0,1.0,96.09426581200216,credit_card,0.0
91c34022-66bc-4109-acb1-0bebe3b522ed,churn_f3500ecc,Test City,XX,delivered,2026-08-01 05:43:17,2026-08-01,2026-08,05,2026-07-31 05:43:17,2026-07-31 05:43:17,-1.0,1.0,88.55552396793998,credit_card,0.0
2fb7b0e7-ef37-4ad9-a7a8-23c455060e53,churn_f6e23ece,Test City,XX,delivered,2026-08-01 05:43:17,2026-08-01,2026-08,05,2026-07-31 05:43:17,2026-07-31 05:43:17,-1.0,1.0,109.31496792017249,credit_card,0.0
8ebbf78c-cb38-4e77-9262-725767d60eb9,churn_64a407e4,Test City,XX,delivered,2026-08-01 05:43:17,2026-08-01,2026-08,05,2026-07-31 05:43:17,2026-07-31 05:43:17,-1.0,1.0,98.13455060195795,credit_card,0.0
3ec62835-0622-43cd-b707-dd949db4d031,retained_1c494815,Test City,XX,delivered,2026-08-01 04:43:17,2026-08-01,2026-08,04,2026-07-31 04:43:17,2026-07-31 04:43:17,-1.0,1.0,105.62537665017831,credit_card,0.0
04a59cbd-8e51-4524-8867-bde98abfc4d1,retained_4bab9924,Test City,XX,delivered,2026-08-01 04:43:17,2026-08-01,2026-08,04,2026-07-31 04:43:17,2026-07-31 04:43:17,-1.0,1.0,105.83647579291149,credit_card,0.0
b15f2fb9-c398-4942-abb0-6a4d8b13dee2,churn_3d7f4d01,Test City,XX,delivered,2026-08-01 04:43:17,2026-08-01,2026-08,04,2026-07-31 04:43:17,2026-07-31 04:43:17,-1.0,1.0,113.72255364880087,credit_card,0.0
18f6053a-5ec0-4243-a806-e3bcb61401eb,churn_5ca00440,Test City,XX,delivered,2026-08-01 04:43:17,2026-08-01,2026-08,04,2026-07-31 04:43:17,2026-07-31 04:43:17,-1.0,1.0,66.27960632822315,credit_card,0.0
6f9a8a22-4624-4a09-9332-ebf3a0a2126a,churn_19b75fdd,Test City,XX,delivered,2026-08-01 04:43:17,2026-08-01,2026-08,04,2026-07-31 04:43:17,2026-07-31 04:43:17,-1.0,1.0,94.68339848965681,credit_card,0.0
e719eb27-58a9-492e-b69f-60d1827f8fe8,retained_250622fb,Test City,XX,delivered,2026-08-01 03:43:17,2026-08-01,2026-08,03,2026-07-31 03:43:17,2026-07-31 03:43:17,-1.0,1.0,73.30435689475767,credit_card,0.0
4a1e6402-e7e4-406d-8670-dfaba46cb9ab,churn_2cc86f21,Test City,XX,delivered,2026-08-01 03:43:17,2026-08-01,2026-08,03,2026-07-31 03:43:17,2026-07-31 03:43:17,-1.0,1.0,98.26500416539116,credit_card,0.0
93dbcbce-e64f-428c-bcd1-4f3ea083dc11,churn_a572c5b8,Test City,XX,delivered,2026-08-01 03:43:17,2026-08-01,2026-08,03,2026-07-31 03:43:17,2026-07-31 03:43:17,-1.0,1.0,143.18737968548425,credit_card,0.0
68346f04-e82d-4716-8140-d27ac147c16f,retained_3384b7ce,Test City,XX,delivered,2026-08-01 02:43:17,2026-08-01,2026-08,02,2026-07-31 02:43:17,2026-07-31 02:43:17,-1.0,1.0,97.21368581804197,credit_card,0.0
e3b8d302-d4f4-4e2e-86c6-047997719dec,retained_da71ccfd,Test City,XX,delivered,2026-08-01 02:43:17,2026-08-01,2026-08,02,2026-07-31 02:43:17,2026-07-31 02:43:17,-1.0,1.0,82.69440042893359,credit_card,0.0
0e5289c2-8aca-4e4b-8c7a-989f978a51d0,retained_fd7cebf6,Test City,XX,delivered,2026-08-01 02:43:17,2026-08-01,2026-08,02,2026-07-31 02:43:17,2026-07-31 02:43:17,-1.0,1.0,84.4876117585491,credit_card,0.0
9adb4bab-9842-40f9-acd0-827a44d9f559,churn_250b430e,Test City,XX,delivered,2026-08-01 02:43:17,2026-08-01,2026-08,02,2026-07-31 02:43:17,2026-07-31 02:43:17,-1.0,1.0,55.66523586353711,credit_card,0.0
6f4db9fe-7bf4-4eb2-89b4-ba82652e81a0,churn_d36ea9d0,Test City,XX,delivered,2026-08-01 02:43:17,2026-08-01,2026-08,02,2026-07-31 02:43:17,2026-07-31 02:43:17,-1.0,1.0,73.67577113287675,credit_card,0.0
99a604a9-422e-456c-b853-c9205fc86d2e,churn_0b90cd7c,Test City,XX,delivered,2026-08-01 02:43:17,2026-08-01,2026-08,02,2026-07-31 02:43:17,2026-07-31 02:43:17,-1.0,1.0,64.26576861718408,credit_card,0.0
0fa9fb2d-4b4f-4bf6-99b6-b1407cf6d78b,churn_cf562102,Test City,XX,delivered,2026-08-01 02:43:17,2026-08-01,2026-08,02,2026-07-31 02:43:17,2026-07-31 02:43:17,-1.0,1.0,121.75905761388815,credit_card,0.0
0b2f4ea8-e535-4089-b3fd-3c27639d9f46,churn_7da7a988,Test City,XX,delivered,2026-08-01 02:43:17,2026-08-01,2026-08,02,2026-07-31 02:43:17,2026-07-31 02:43:17,-1.0,1.0,122.95254900329769,credit_card,0.0
b1dd0c82-4408-4ae7-a628-1bd0755c2b3e,churn_f30ae595,Test City,XX,delivered,2026-08-01 02:43:17,2026-08-01,2026-08,02,2026-07-31 02:43:17,2026-07-31 02:43:17,-1.0,1.0,79.45947956473756,credit_card,0.0
be6e1305-008b-4c34-8fe5-5e9967dba4a5,churn_646101f0,Test City,XX,delivered,2026-08-01 02:43:17,2026-08-01,2026-08,02,2026-07-31 02:43:17,2026-07-31 02:43:17,-1.0,1.0,97.96116658798844,credit_card,0.0
3b4736c4-3bad-4773-9d79-f5e1e0945c74,churn_27dac4f0,Test City,XX,delivered,2026-08-01 01:43:17,2026-08-01,2026-08,01,2026-07-31 01:43:17,2026-07-31 01:43:17,-1.0,1.0,89.74841084551086,credit_card,0.0
16707e91-9e9a-4036-9a8f-e31eb149eb3c,churn_ce009a45,Test City,XX,delivered,2026-08-01 01:43:17,2026-08-01,2026-08,01,2026-07-31 01:43:17,2026-07-31 01:43:17,-1.0,1.0,135.5194268738868,credit_card,0.0
448de3e1-7345-45b7-a729-e475793a5c1c,churn_aec7e1b2,Test City,XX,delivered,2026-08-01 01:43:17,2026-08-01,2026-08,01,2026-07-31 01:43:17,2026-07-31 01:43:17,-1.0,1.0,119.27230121860782,credit_card,0.0
f05c57fb-0aab-42b1-bb92-90204aacce1b,churn_065b431c,Test City,XX,delivered,2026-08-01 01:43:17,2026-08-01,2026-08,01,2026-07-31 01:43:17,2026-07-31 01:43:17,-1.0,1.0,110.07036434897174,credit_card,0.0
c6d5307e-c404-4205-abef-6790ef32f841,retained_f9d4de8e,Test City,XX,delivered,2026-08-01 00:43:17,2026-08-01,2026-08,00,2026-07-31 00:43:17,2026-07-31 00:43:17,-1.0,1.0,98.0013867875598,credit_card,0.0
c044ef6c-f180-40ea-b1ba-04347566952b,churn_2f84b8bf,Test City,XX,delivered,2026-08-01 00:43:17,2026-08-01,2026-08,00,2026-07-31 00:43:17,2026-07-31 00:43:17,-1.0,1.0,147.45584881489197,credit_card,0.0
7ba432f4-9a67-412e-8265-b96d5ddd411c,retained_1a703e37,Test City,XX,delivered,2026-07-31 23:43:17,2026-07-31,2026-07,23,2026-07-30 23:43:17,2026-07-30 23:43:17,-1.0,1.0,121.48347558759967,credit_card,0.0
fc8cf5c4-53b6-4ec1-bd3f-f970ad5c6c5c,churn_ff93cd06,Test City,XX,delivered,2026-07-31 23:43:17,2026-07-31,2026-07,23,2026-07-30 23:43:17,2026-07-30 23:43:17,-1.0,1.0,146.64654752185572,credit_card,0.0
4a318bfc-1dbd-407a-8dbe-6629e2075e02,churn_aa95b66a,Test City,XX,delivered,2026-07-31 23:43:17,2026-07-31,2026-07,23,2026-07-30 23:43:17,2026-07-30 23:43:17,-1.0,1.0,116.38767492347431,credit_card,0.0
fae34daa-4679-4f9d-b640-3f2871e582c1,churn_73f512d1,Test City,XX,delivered,2026-07-31 23:43:17,2026-07-31,2026-07,23,2026-07-30 23:43:17,2026-07-30 23:43:17,-1.0,1.0,104.09721691782941,credit_card,0.0
7d26c347-5ad4-45f0-a40f-6d11d2cf4685,churn_03ce4fff,Test City,XX,delivered,2026-07-31 23:43:17,2026-07-31,2026-07,23,2026-07-30 23:43:17,2026-07-30 23:43:17,-1.0,1.0,142.8943848612201,credit_card,0.0
a8df8bef-7cae-4ad8-9f2d-755884e23211,churn_e05f4e3c,Test City,XX,delivered,2026-07-31 23:43:17,2026-07-31,2026-07,23,2026-07-30 23:43:17,2026-07-30 23:43:17,-1.0,1.0,144.69236534327314,credit_card,0.0
dd5be695-4d4f-4e14-b0f5-4d222586ecfe,churn_14da8d4d,Test City,XX,delivered,2026-07-31 10:43:17,2026-07-31,2026-07,10,2026-07-30 10:43:17,2026-07-30 10:43:17,-1.0,1.0,96.49660798601025,credit_card,0.0
0030317e-6b5b-4a50-bb25-46facafbc76a,churn_785e6bb9,Test City,XX,delivered,2026-07-31 10:43:17,2026-07-31,2026-07,10,2026-07-30 10:43:17,2026-07-30 10:43:17,-1.0,1.0,115.25344880557444,credit_card,0.0
98829c23-41fa-42f2-b2bf-6ad3e3fdb8d8,churn_9579205c,Test City,XX,delivered,2026-07-31 10:43:17,2026-07-31,2026-07,10,2026-07-30 10:43:17,2026-07-30 10:43:17,-1.0,1.0,129.49359325398933,credit_card,0.0
cdef9041-40c2-463f-91b0-97e0a492a461,churn_f8eac581,Test City,XX,delivered,2026-07-31 10:43:17,2026-07-31,2026-07,10,2026-07-30 10:43:17,2026-07-30 10:43:17,-1.0,1.0,93.7307982892939,credit_card,0.0
f4229c1a-1b16-4125-bb9e-649c40e5417b,churn_c5bd5288,Test City,XX,delivered,2026-07-31 10:43:17,2026-07-31,2026-07,10,2026-07-30 10:43:17,2026-07-30 10:43:17,-1.0,1.0,90.64404884019498,credit_card,0.0
e2be62f9-9cca-45fd-857c-7938ca519382,churn_854beca3,Test City,XX,delivered,2026-07-31 10:43:17,2026-07-31,2026-07,10,2026-07-30 10:43:17,2026-07-30 10:43:17,-1.0,1.0,117.1630565653417,credit_card,0.0
bd36962c-2319-42bd-86fe-8b38e3a00cd0,churn_b608c8c3,Test City,XX,delivered,2026-07-31 09:43:17,2026-07-31,2026-07,09,2026-07-30 09:43:17,2026-07-30 09:43:17,-1.0,1.0,67.9290932504909,credit_card,0.0
ee2676b7-bf4e-43a9-974c-894aff2cbb60,churn_4f4ce0f1,Test City,XX,delivered,2026-07-31 09:43:17,2026-07-31,2026-07,09,2026-07-30 09:43:17,2026-07-30 09:43:17,-1.0,1.0,126.74650022940409,credit_card,0.0
5e10dd48-56b1-44cf-bd5b-c7d4ab203963,churn_1769876e,Test City,XX,delivered,2026-07-31 09:43:17,2026-07-31,2026-07,09,2026-07-30 09:43:17,2026-07-30 09:43:17,-1.0,1.0,110.60354705031465,credit_card,0.0
93a0641b-a0f9-4c22-a469-171871d62bc5,churn_39eadfda,Test City,XX,delivered,2026-07-31 09:43:17,2026-07-31,2026-07,09,2026-07-30 09:43:17,2026-07-30 09:43:17,-1.0,1.0,145.66513254292823,credit_card,0.0
abbb5d2d-c28c-431b-ae70-735d4db15fd4,retained_6b99180c,Test City,XX,delivered,2026-07-31 08:43:17,2026-07-31,2026-07,08,2026-07-30 08:43:17,2026-07-30 08:43:17,-1.0,1.0,87.8892466390439,credit_card,0.0
6edf8800-d518-42b1-aa0e-b1e5a44495cc,retained_ea2106de,Test City,XX,delivered,2026-07-31 07:43:17,2026-07-31,2026-07,07,2026-07-30 07:43:17,2026-07-30 07:43:17,-1.0,1.0,105.80550971647824,credit_card,0.0
a36dc398-96e7-4ae5-aae2-51f5cb23f359,churn_7150240a,Test City,XX,delivered,2026-07-31 07:43:17,2026-07-31,2026-07,07,2026-07-30 07:43:17,2026-07-30 07:43:17,-1.0,1.0,109.78091014119508,credit_card,0.0
6f4a2c1b-aee6-4118-93da-e40c5ff17eb8,churn_2f0942a3,Test City,XX,delivered,2026-07-31 07:43:17,2026-07-31,2026-07,07,2026-07-30 07:43:17,2026-07-30 07:43:17,-1.0,1.0,120.71314261073586,credit_card,0.0
f20485d1-f73d-47a4-8904-9773f7b35403,churn_07bf445e,Test City,XX,delivered,2026-07-31 07:43:17,2026-07-31,2026-07,07,2026-07-30 07:43:17,2026-07-30 07:43:17,-1.0,1.0,135.7439839511539,credit_card,0.0
bc93fd0e-609a-4d47-be85-d709fd1d4852,churn_e633e6d9,Test City,XX,delivered,2026-07-31 07:43:17,2026-07-31,2026-07,07,2026-07-30 07:43:17,2026-07-30 07:43:17,-1.0,1.0,76.89587610862546,credit_card,0.0
96f40a50-8cda-4795-a2b1-c0e4c6285d81,churn_aed7bfb3,Test City,XX,delivered,2026-07-31 06:43:17,2026-07-31,2026-07,06,2026-07-30 06:43:17,2026-07-30 06:43:17,-1.0,1.0,99.08957455046394,credit_card,0.0
b88f8078-c853-41b2-9de7-39b6da2e7b72,churn_d834ea1e,Test City,XX,delivered,2026-07-31 06:43:17,2026-07-31,2026-07,06,2026-07-30 06:43:17,2026-07-30 06:43:17,-1.0,1.0,88.91030276864234,credit_card,0.0
94576907-6840-4329-adae-bf6dca7a71fe,retained_1a9a79b0,Test City,XX,delivered,2026-07-31 05:43:17,2026-07-31,2026-07,05,2026-07-30 05:43:17,2026-07-30 05:43:17,-1.0,1.0,67.01891330466212,credit_card,0.0
118630ba-7203-4c9b-beba-31c6be6fd9d8,churn_1909141b,Test City,XX,delivered,2026-07-31 05:43:17,2026-07-31,2026-07,05,2026-07-30 05:43:17,2026-07-30 05:43:17,-1.0,1.0,110.44604210502595,credit_card,0.0
834eda18-c204-4eb6-b432-8780a8d404af,churn_eb91d991,Test City,XX,delivered,2026-07-31 05:43:17,2026-07-31,2026-07,05,2026-07-30 05:43:17,2026-07-30 05:43:17,-1.0,1.0,90.07888933916992,credit_card,0.0
88cd5043-d398-4771-a7db-dc2e163a91fa,churn_42131fad,Test City,XX,delivered,2026-07-31 05:43:17,2026-07-31,2026-07,05,2026-07-30 05:43:17,2026-07-30 05:43:17,-1.0,1.0,131.3621665275026,credit_card,0.0
4a1fbbc8-4732-43ca-b40c-d0a5b530a803,retained_db3a92c9,Test City,XX,delivered,2026-07-31 04:43:17,2026-07-31,2026-07,04,2026-07-30 04:43:17,2026-07-30 04:43:17,-1.0,1.0,91.83087582051533,credit_card,0.0
748671ab-ba2e-4658-bd30-ae154c0a9aa1,churn_180f4232,Test City,XX,delivered,2026-07-31 04:43:17,2026-07-31,2026-07,04,2026-07-30 04:43:17,2026-07-30 04:43:17,-1.0,1.0,67.56037057033271,credit_card,0.0
d840bf8c-dccd-4f59-9c20-50a101bd66cc,churn_352436f8,Test City,XX,delivered,2026-07-31 04:43:17,2026-07-31,2026-07,04,2026-07-30 04:43:17,2026-07-30 04:43:17,-1.0,1.0,72.13370196707245,credit_card,0.0
39969452-377f-45cc-8afa-6e7544c598ca,churn_5238c714,Test City,XX,delivered,2026-07-31 04:43:17,2026-07-31,2026-07,04,2026-07-30 04:43:17,2026-07-30 04:43:17,-1.0,1.0,102.45142039826965,credit_card,0.0
fdd9e0ff-7500-4505-ac3f-b0e2ed516287,churn_b9fb380b,Test City,XX,delivered,2026-07-31 03:43:17,2026-07-31,2026-07,03,2026-07-30 03:43:17,2026-07-30 03:43:17,-1.0,1.0,137.30517144734796,credit_card,0.0
ba7a5f0d-de52-42c3-b86c-da2c29282255,retained_9e340892,Test City,XX,delivered,2026-07-31 02:43:17,2026-07-31,2026-07,02,2026-07-30 02:43:17,2026-07-30 02:43:17,-1.0,1.0,146.742306167959,credit_card,0.0
ef4fdf9f-3529-4900-878e-da1c52e13ce8,retained_abc3350f,Test City,XX,delivered,2026-07-31 02:43:17,2026-07-31,2026-07,02,2026-07-30 02:43:17,2026-07-30 02:43:17,-1.0,1.0,115.15855796049807,credit_card,0.0
8ae18a81-35d9-4f0e-b5d0-3e5ea2041f67,retained_9a274794,Test City,XX,delivered,2026-07-31 02:43:17,2026-07-31,2026-07,02,2026-07-30 02:43:17,2026-07-30 02:43:17,-1.0,1.0,52.87180287863536,credit_card,0.0
c189642d-200b-4b46-aeb0-50c5258a0529,churn_d161919f,Test City,XX,delivered,2026-07-31 02:43:17,2026-07-31,2026-07,02,2026-07-30 02:43:17,2026-07-30 02:43:17,-1.0,1.0,94.00490268069505,credit_card,0.0
72e22c0a-ef92-431b-a107-335bbaa0814e,churn_1463ba12,Test City,XX,delivered,2026-07-31 02:43:17,2026-07-31,2026-07,02,2026-07-30 02:43:17,2026-07-30 02:43:17,-1.0,1.0,138.6036343307116,credit_card,0.0
573829ab-a697-4a81-a35f-52be9635fd9c,churn_289c45d8,Test City,XX,delivered,2026-07-31 02:43:17,2026-07-31,2026-07,02,2026-07-30 02:43:17,2026-07-30 02:43:17,-1.0,1.0,76.03805498484576,credit_card,0.0
3d43638c-1826-43fd-872c-0d7ccd7faa45,churn_d7680ae8,Test City,XX,delivered,2026-07-31 02:43:17,2026-07-31,2026-07,02,2026-07-30 02:43:17,2026-07-30 02:43:17,-1.0,1.0,64.75544563215223,credit_card,0.0
2e69e1e9-5e18-4d93-96b2-ea1ba977b2d1,churn_7d9d534e,Test City,XX,delivered,2026-07-31 02:43:17,2026-07-31,2026-07,02,2026-07-30 02:43:17,2026-07-30 02:43:17,-1.0,1.0,144.94670349936254,credit_card,0.0
00d02de7-6730-4147-8a55-46702fc12019,retained_0326d8d3,Test City,XX,delivered,2026-07-31 01:43:17,2026-07-31,2026-07,01,2026-07-30 01:43:17,2026-07-30 01:43:17,-1.0,1.0,83.14574282449672,credit_card,0.0
25324f71-376f-4640-b6bb-8c16f55f8fcc,churn_34f50151,Test City,XX,delivered,2026-07-31 01:43:17,2026-07-31,2026-07,01,2026-07-30 01:43:17,2026-07-30 01:43:17,-1.0,1.0,123.17251665569823,credit_card,0.0
fadf8cfc-9d0c-4dd0-bdbe-cd484ec2b7b4,churn_4d51705a,Test City,XX,delivered,2026-07-31 01:43:17,2026-07-31,2026-07,01,2026-07-30 01:43:17,2026-07-30 01:43:17,-1.0,1.0,122.34035336228219,credit_card,0.0
db12c5d8-41d5-49f6-b072-988d19a27883,churn_298334c4,Test City,XX,delivered,2026-07-31 01:43:17,2026-07-31,2026-07,01,2026-07-30 01:43:17,2026-07-30 01:43:17,-1.0,1.0,60.16218202699828,credit_card,0.0
bfbb7adb-fbd4-44ff-88aa-9fc4496155e5,churn_4ee8dca6,Test City,XX,delivered,2026-07-31 01:43:17,2026-07-31,2026-07,01,2026-07-30 01:43:17,2026-07-30 01:43:17,-1.0,1.0,52.02565913049896,credit_card,0.0
be8baaf3-7918-4000-ad33-71e2c268d703,churn_c5f61d19,Test City,XX,delivered,2026-07-31 01:43:17,2026-07-31,2026-07,01,2026-07-30 01:43:17,2026-07-30 01:43:17,-1.0,1.0,118.6042188018945,credit_card,0.0
ccd16eaf-8b9b-4593-ab8e-275ddd38af01,churn_a175d9db,Test City,XX,delivered,2026-07-31 01:43:17,2026-07-31,2026-07,01,2026-07-30 01:43:17,2026-07-30 01:43:17,-1.0,1.0,70.99541112903543,credit_card,0.0
85bbc9c1-7a1c-4737-bf83-4ca2e137604f,retained_16d3bfa1,Test City,XX,delivered,2026-07-31 00:43:17,2026-07-31,2026-07,00,2026-07-30 00:43:17,2026-07-30 00:43:17,-1.0,1.0,123.8339157302548,credit_card,0.0
9dceb3ed-f3c9-46b2-9d25-4c8ae111cd52,churn_d11edba2,Test City,XX,delivered,2026-07-31 00:43:17,2026-07-31,2026-07,00,2026-07-30 00:43:17,2026-07-30 00:43:17,-1.0,1.0,135.88934239297396,credit_card,0.0
3b65d4e4-e2cd-4d13-aee7-561ea7424c16,churn_83170e53,Test City,XX,delivered,2026-07-31 00:43:17,2026-07-31,2026-07,00,2026-07-30 00:43:17,2026-07-30 00:43:17,-1.0,1.0,135.36393009700058,credit_card,0.0
8096ec58-6cd0-4618-bdae-e6821e3ef506,churn_15a2c2e3,Test City,XX,delivered,2026-07-31 00:43:17,2026-07-31,2026-07,00,2026-07-30 00:43:17,2026-07-30 00:43:17,-1.0,1.0,75.24470582170363,credit_card,0.0
9729d00a-58f9-40af-b276-e753e1ceae98,churn_f8eac581,Test City,XX,delivered,2026-07-31 00:43:17,2026-07-31,2026-07,00,2026-07-30 00:43:17,2026-07-30 00:43:17,-1.0,1.0,91.41727669378044,credit_card,0.0
23850957-25c2-434b-9c4c-ac097840563c,churn_c990a5b3,Test City,XX,delivered,2026-07-31 00:43:17,2026-07-31,2026-07,00,2026-07-30 00:43:17,2026-07-30 00:43:17,-1.0,1.0,132.9095136485268,credit_card,0.0
85516775-6574-4a11-b4cc-ec74c9653228,retained_cdfe66da,Test City,XX,delivered,2026-07-30 23:43:17,2026-07-30,2026-07,23,2026-07-29 23:43:17,2026-07-29 23:43:17,-1.0,1.0,70.1373949564881,credit_card,0.0
5acbf0b2-1072-46eb-955f-2de3a311959d,churn_d777f309,Test City,XX,delivered,2026-07-30 23:43:17,2026-07-30,2026-07,23,2026-07-29 23:43:17,2026-07-29 23:43:17,-1.0,1.0,143.11101459891424,credit_card,0.0
223d5ee2-aa9d-4645-a70e-a23f9c0d49d2,churn_95f8adbb,Test City,XX,delivered,2026-07-30 23:43:17,2026-07-30,2026-07,23,2026-07-29 23:43:17,2026-07-29 23:43:17,-1.0,1.0,149.45663164765122,credit_card,0.0
bd85a040-d9e6-4350-9f7b-266f5ba1d930,retained_79a36229,Test City,XX,delivered,2026-07-30 10:43:17,2026-07-30,2026-07,10,2026-07-29 10:43:17,2026-07-29 10:43:17,-1.0,1.0,139.83236637084534,credit_card,0.0
48dcfd7f-725c-4bc5-9b97-d8a82d646564,churn_5e44976a,Test City,XX,delivered,2026-07-30 10:43:17,2026-07-30,2026-07,10,2026-07-29 10:43:17,2026-07-29 10:43:17,-1.0,1.0,94.04430707251367,credit_card,0.0
c16f85bc-971b-4fd7-b253-9dbf9b5df203,churn_680d8ff3,Test City,XX,delivered,2026-07-30 10:43:17,2026-07-30,2026-07,10,2026-07-29 10:43:17,2026-07-29 10:43:17,-1.0,1.0,113.67350424201695,credit_card,0.0
025c1db1-b24c-4322-864c-b70600d70c09,churn_1f7adeb1,Test City,XX,delivered,2026-07-30 10:43:17,2026-07-30,2026-07,10,2026-07-29 10:43:17,2026-07-29 10:43:17,-1.0,1.0,101.99152646909755,credit_card,0.0
eec17408-0ebf-4e25-acf7-8da80af9f659,retained_ca715c44,Test City,XX,delivered,2026-07-30 09:43:17,2026-07-30,2026-07,09,2026-07-29 09:43:17,2026-07-29 09:43:17,-1.0,1.0,71.93932871828359,credit_card,0.0
70d44f52-3875-4775-ad85-d4c82c21af5e,retained_ca715c44,Test City,XX,delivered,2026-07-30 09:43:17,2026-07-30,2026-07,09,2026-07-29 09:43:17,2026-07-29 09:43:17,-1.0,1.0,126.92498116183113,credit_card,0.0
06bdd6e6-a4dd-4566-b053-26ae7bb40e9b,retained_713dc636,Test City,XX,delivered,2026-07-30 09:43:17,2026-07-30,2026-07,09,2026-07-29 09:43:17,2026-07-29 09:43:17,-1.0,1.0,119.84973049214453,credit_card,0.0
f862a742-f240-4759-b951-d3e4514e7a60,churn_6d68b06b,Test City,XX,delivered,2026-07-30 09:43:17,2026-07-30,2026-07,09,2026-07-29 09:43:17,2026-07-29 09:43:17,-1.0,1.0,54.65570973500841,credit_card,0.0
2ffbf23f-0c53-4c9c-90bc-8de222dffc36,churn_6d45a414,Test City,XX,delivered,2026-07-30 09:43:17,2026-07-30,2026-07,09,2026-07-29 09:43:17,2026-07-29 09:43:17,-1.0,1.0,148.89063916499117,credit_card,0.0
6cbfaea2-0da6-44c1-9a81-8f555da03f84,churn_180f4232,Test City,XX,delivered,2026-07-30 08:43:17,2026-07-30,2026-07,08,2026-07-29 08:43:17,2026-07-29 08:43:17,-1.0,1.0,148.44008552369786,credit_card,0.0
5c7a7af3-7ac0-4125-b285-fb7ac6d65592,churn_1f4fe0cf,Test City,XX,delivered,2026-07-30 08:43:17,2026-07-30,2026-07,08,2026-07-29 08:43:17,2026-07-29 08:43:17,-1.0,1.0,111.51675241168708,credit_card,0.0
d00c049e-8346-4aac-9ae0-3b8add33d5f3,churn_74815323,Test City,XX,delivered,2026-07-30 08:43:17,2026-07-30,2026-07,08,2026-07-29 08:43:17,2026-07-29 08:43:17,-1.0,1.0,95.61665280640949,credit_card,0.0
3688347d-0295-4b57-bc6c-299410b259e0,churn_4c42875a,Test City,XX,delivered,2026-07-30 08:43:17,2026-07-30,2026-07,08,2026-07-29 08:43:17,2026-07-29 08:43:17,-1.0,1.0,108.87791717832366,credit_card,0.0
8e449efd-a0ef-4f2b-ab3c-fb1f317650a3,churn_d0aaa1b1,Test City,XX,delivered,2026-07-30 07:43:17,2026-07-30,2026-07,07,2026-07-29 07:43:17,2026-07-29 07:43:17,-1.0,1.0,116.69550189596164,credit_card,0.0
31e6f2bd-fe7d-491c-940b-2a9dd8cd9975,churn_3a319409,Test City,XX,delivered,2026-07-30 07:43:17,2026-07-30,2026-07,07,2026-07-29 07:43:17,2026-07-29 07:43:17,-1.0,1.0,78.98556111163765,credit_card,0.0
5ad0cab3-0013-4730-8c2c-0e566f047523,churn_1ecb558a,Test City,XX,delivered,2026-07-30 07:43:17,2026-07-30,2026-07,07,2026-07-29 07:43:17,2026-07-29 07:43:17,-1.0,1.0,91.95674235698198,credit_card,0.0
5f3e6b61-60a0-47fd-8d2a-33547ca56396,churn_2084f063,Test City,XX,delivered,2026-07-30 07:43:17,2026-07-30,2026-07,07,2026-07-29 07:43:17,2026-07-29 07:43:17,-1.0,1.0,144.83444690365582,credit_card,0.0
2da21fe5-10c8-4d68-beca-9782bb0925b9,retained_7268f50c,Test City,XX,delivered,2026-07-30 06:43:17,2026-07-30,2026-07,06,2026-07-29 06:43:17,2026-07-29 06:43:17,-1.0,1.0,147.97967233032637,credit_card,0.0
57365cc9-8260-4c21-b3d3-c599fe8e3579,churn_fcd8af1a,Test City,XX,delivered,2026-07-30 06:43:17,2026-07-30,2026-07,06,2026-07-29 06:43:17,2026-07-29 06:43:17,-1.0,1.0,117.81758668225942,credit_card,0.0
5881c202-3115-4566-801d-4bcfe3a8e5e7,churn_9a933d76,Test City,XX,delivered,2026-07-30 06:43:17,2026-07-30,2026-07,06,2026-07-29 06:43:17,2026-07-29 06:43:17,-1.0,1.0,85.93150613002229,credit_card,0.0
2bd21b8b-6e7d-4862-9527-1b375be211d6,churn_1ea75ba5,Test City,XX,delivered,2026-07-30 05:43:17,2026-07-30,2026-07,05,2026-07-29 05:43:17,2026-07-29 05:43:17,-1.0,1.0,132.16595285303725,credit_card,0.0
56e2b52b-0ea6-4bf1-b5f4-db18992a23be,churn_87ff0bf6,Test City,XX,delivered,2026-07-30 05:43:17,2026-07-30,2026-07,05,2026-07-29 05:43:17,2026-07-29 05:43:17,-1.0,1.0,75.35115636770558,credit_card,0.0
875cc9f3-92f0-4a93-a158-106beb437941,retained_642ee069,Test City,XX,delivered,2026-07-30 04:43:17,2026-07-30,2026-07,04,2026-07-29 04:43:17,2026-07-29 04:43:17,-1.0,1.0,117.73952819607858,credit_card,0.0
12a9dfc0-0a67-4901-ad83-463d87bfbf7d,retained_f57f5c71,Test City,XX,delivered,2026-07-30 04:43:17,2026-07-30,2026-07,04,2026-07-29 04:43:17,2026-07-29 04:43:17,-1.0,1.0,53.965305233661724,credit_card,0.0
3bd0bae7-6e1f-483c-82a6-2dbf051317ed,churn_dc3fbf26,Test City,XX,delivered,2026-07-30 04:43:17,2026-07-30,2026-07,04,2026-07-29 04:43:17,2026-07-29 04:43:17,-1.0,1.0,52.69199645272346,credit_card,0.0
ed203c55-19c5-40cb-8df5-34a532c1d6c6,churn_2b1c87dd,Test City,XX,delivered,2026-07-30 03:43:17,2026-07-30,2026-07,03,2026-07-29 03:43:17,2026-07-29 03:43:17,-1.0,1.0,57.513546116864404,credit_card,0.0
827360cc-3337-450a-9761-7051404b2d91,churn_d5faf7c0,Test City,XX,delivered,2026-07-30 03:43:17,2026-07-30,2026-07,03,2026-07-29 03:43:17,2026-07-29 03:43:17,-1.0,1.0,122.1101224916032,credit_card,0.0
2dc184f4-1638-41d1-9be0-54a4925dc926,churn_368b7f4a,Test City,XX,delivered,2026-07-30 02:43:17,2026-07-30,2026-07,02,2026-07-29 02:43:17,2026-07-29 02:43:17,-1.0,1.0,132.01857766311602,credit_card,0.0
988cdc17-a995-423d-94f9-8464d5762f24,churn_c332cdd6,Test City,XX,delivered,2026-07-30 02:43:17,2026-07-30,2026-07,02,2026-07-29 02:43:17,2026-07-29 02:43:17,-1.0,1.0,145.7211953571445,credit_card,0.0
ecdb1666-4bd1-40c8-b130-55f7b5451d68,churn_d9290ca4,Test City,XX,delivered,2026-07-30 02:43:17,2026-07-30,2026-07,02,2026-07-29 02:43:17,2026-07-29 02:43:17,-1.0,1.0,124.3918169215884,credit_card,0.0
a12156b0-ff86-40b5-acb2-f735893b4bea,churn_86992014,Test City,XX,delivered,2026-07-30 02:43:17,2026-07-30,2026-07,02,2026-07-29 02:43:17,2026-07-29 02:43:17,-1.0,1.0,80.13493614349841,credit_card,0.0
f8f73e91-45ab-45f0-992d-ebd2ca69676b,churn_30cd8745,Test City,XX,delivered,2026-07-30 02:43:17,2026-07-30,2026-07,02,2026-07-29 02:43:17,2026-07-29 02:43:17,-1.0,1.0,76.64460696989181,credit_card,0.0
ba8708b9-ee99-4b84-a6f8-f082a2720d3b,churn_ac77fec0,Test City,XX,delivered,2026-07-30 02:43:17,2026-07-30,2026-07,02,2026-07-29 02:43:17,2026-07-29 02:43:17,-1.0,1.0,54.35231706316777,credit_card,0.0
bc2d7b39-c4d4-4f32-a733-dc9d3ca7a698,churn_d84baa24,Test City,XX,delivered,2026-07-30 01:43:17,2026-07-30,2026-07,01,2026-07-29 01:43:17,2026-07-29 01:43:17,-1.0,1.0,79.46855981535859,credit_card,0.0
d45b74b1-54ac-4715-9147-48079bb92f8a,churn_d0febf0c,Test City,XX,delivered,2026-07-30 01:43:17,2026-07-30,2026-07,01,2026-07-29 01:43:17,2026-07-29 01:43:17,-1.0,1.0,99.37736014486774,credit_card,0.0
0a67d60d-d960-49ce-960d-bce2d7f73f63,churn_d9c4b746,Test City,XX,delivered,2026-07-30 01:43:17,2026-07-30,2026-07,01,2026-07-29 01:43:17,2026-07-29 01:43:17,-1.0,1.0,54.82905366112253,credit_card,0.0
16b865b4-7b6f-45fd-89f7-d179d9a05066,churn_5543786f,Test City,XX,delivered,2026-07-30 00:43:17,2026-07-30,2026-07,00,2026-07-29 00:43:17,2026-07-29 00:43:17,-1.0,1.0,88.02177567383677,credit_card,0.0
ce74abdc-5e84-4e3f-998c-477fc8bc9343,churn_9852746b,Test City,XX,delivered,2026-07-30 00:43:17,2026-07-30,2026-07,00,2026-07-29 00:43:17,2026-07-29 00:43:17,-1.0,1.0,64.21173790196784,credit_card,0.0
82c2fd94-83e9-40ac-9c46-49de8826fb71,churn_101a39ee,Test City,XX,delivered,2026-07-30 00:43:17,2026-07-30,2026-07,00,2026-07-29 00:43:17,2026-07-29 00:43:17,-1.0,1.0,111.67653173199903,credit_card,0.0
4d64171c-6499-4e91-9d85-93618f01f396,churn_4a22f31f,Test City,XX,delivered,2026-07-30 00:43:17,2026-07-30,2026-07,00,2026-07-29 00:43:17,2026-07-29 00:43:17,-1.0,1.0,128.4214126603232,credit_card,0.0
cbd88375-75a1-438f-8b59-b8efcdd41fbb,churn_86a9b184,Test City,XX,delivered,2026-07-30 00:43:17,2026-07-30,2026-07,00,2026-07-29 00:43:17,2026-07-29 00:43:17,-1.0,1.0,77.79623022801326,credit_card,0.0
6c285b75-649f-4ab9-b883-c8a0d0ae0aa5,churn_47f93544,Test City,XX,delivered,2026-07-29 23:43:17,2026-07-29,2026-07,23,2026-07-28 23:43:17,2026-07-28 23:43:17,-1.0,1.0,95.72634100981784,credit_card,0.0
c743bc6b-e54b-4eed-b1e0-bada55580d3d,churn_13a19c5f,Test City,XX,delivered,2026-07-29 23:43:17,2026-07-29,2026-07,23,2026-07-28 23:43:17,2026-07-28 23:43:17,-1.0,1.0,143.1324964719237,credit_card,0.0
705ad5d7-b13b-40b1-8823-ab7c6812865e,retained_62cfc0ae,Test City,XX,delivered,2026-07-29 10:43:17,2026-07-29,2026-07,10,2026-07-28 10:43:17,2026-07-28 10:43:17,-1.0,1.0,60.43517546001442,credit_card,0.0
5e3c8720-a65a-4818-b7ba-d7601f420057,churn_560e6cec,Test City,XX,delivered,2026-07-29 10:43:17,2026-07-29,2026-07,10,2026-07-28 10:43:17,2026-07-28 10:43:17,-1.0,1.0,90.68156948091661,credit_card,0.0
804b953b-aaec-429f-be3f-d8d9fadefc68,churn_fe360078,Test City,XX,delivered,2026-07-29 10:43:17,2026-07-29,2026-07,10,2026-07-28 10:43:17,2026-07-28 10:43:17,-1.0,1.0,68.10071760750415,credit_card,0.0
b76460c4-b37c-45a3-8b13-df79baee1c48,churn_331e5397,Test City,XX,delivered,2026-07-29 10:43:17,2026-07-29,2026-07,10,2026-07-28 10:43:17,2026-07-28 10:43:17,-1.0,1.0,129.35669039639157,credit_card,0.0
c1476021-eea1-46f6-b913-cf36e7a134d1,retained_55b1617a,Test City,XX,delivered,2026-07-29 09:43:17,2026-07-29,2026-07,09,2026-07-28 09:43:17,2026-07-28 09:43:17,-1.0,1.0,79.94292850694673,credit_card,0.0
782b5a30-69b5-43ad-a659-8ce39c32fb11,retained_41b77e11,Test City,XX,delivered,2026-07-29 09:43:17,2026-07-29,2026-07,09,2026-07-28 09:43:17,2026-07-28 09:43:17,-1.0,1.0,96.17746663014674,credit_card,0.0
64636e51-5c97-400f-892c-2436652c0e73,churn_1a97f2b9,Test City,XX,delivered,2026-07-29 08:43:17,2026-07-29,2026-07,08,2026-07-28 08:43:17,2026-07-28 08:43:17,-1.0,1.0,109.52254342627904,credit_card,0.0
b84b71e1-ac59-4de6-af67-48d3c267886b,churn_892b1c91,Test City,XX,delivered,2026-07-29 08:43:17,2026-07-29,2026-07,08,2026-07-28 08:43:17,2026-07-28 08:43:17,-1.0,1.0,92.32488718701075,credit_card,0.0
cff1d647-be91-459e-be6d-25bed9aa4180,churn_d7504aac,Test City,XX,delivered,2026-07-29 08:43:17,2026-07-29,2026-07,08,2026-07-28 08:43:17,2026-07-28 08:43:17,-1.0,1.0,55.108486847435714,credit_card,0.0
9f164da4-abdb-4e7e-816b-a6522092b697,retained_34aa3912,Test City,XX,delivered,2026-07-29 07:43:17,2026-07-29,2026-07,07,2026-07-28 07:43:17,2026-07-28 07:43:17,-1.0,1.0,83.85645850767068,credit_card,0.0
9ff0152c-c342-49ad-927c-e5599a2ec51a,churn_9c52faa0,Test City,XX,delivered,2026-07-29 07:43:17,2026-07-29,2026-07,07,2026-07-28 07:43:17,2026-07-28 07:43:17,-1.0,1.0,109.44412807729405,credit_card,0.0
6b152dc4-ffd0-459d-9b09-1e7b45bcb649,churn_0dde205b,Test City,XX,delivered,2026-07-29 07:43:17,2026-07-29,2026-07,07,2026-07-28 07:43:17,2026-07-28 07:43:17,-1.0,1.0,144.80976260016178,credit_card,0.0
a850bc94-9340-4e25-8ce8-d4f6b7270526,churn_16f328c9,Test City,XX,delivered,2026-07-29 07:43:17,2026-07-29,2026-07,07,2026-07-28 07:43:17,2026-07-28 07:43:17,-1.0,1.0,62.38916311250637,credit_card,0.0
7d014870-5192-4347-97cb-7d93be216754,churn_4ce93bb0,Test City,XX,delivered,2026-07-29 07:43:17,2026-07-29,2026-07,07,2026-07-28 07:43:17,2026-07-28 07:43:17,-1.0,1.0,59.9253777386439,credit_card,0.0
323f4ccc-5280-402a-8e22-fce9a7ffec87,retained_817f8e8e,Test City,XX,delivered,2026-07-29 06:43:17,2026-07-29,2026-07,06,2026-07-28 06:43:17,2026-07-28 06:43:17,-1.0,1.0,51.69269175501139,credit_card,0.0
a6539435-cbe7-497b-8cc7-90eeb4da5565,churn_c8640e84,Test City,XX,delivered,2026-07-29 06:43:17,2026-07-29,2026-07,06,2026-07-28 06:43:17,2026-07-28 06:43:17,-1.0,1.0,138.6822245491946,credit_card,0.0
be2ab9ae-4634-42fd-8c95-4cddccd0dc10,churn_5c96634d,Test City,XX,delivered,2026-07-29 06:43:17,2026-07-29,2026-07,06,2026-07-28 06:43:17,2026-07-28 06:43:17,-1.0,1.0,50.52335376882294,credit_card,0.0
0e3fea8a-22f3-41e8-b13f-d00c8842fae9,churn_af53570a,Test City,XX,delivered,2026-07-29 06:43:17,2026-07-29,2026-07,06,2026-07-28 06:43:17,2026-07-28 06:43:17,-1.0,1.0,106.19163235531383,credit_card,0.0
84863c4f-83f2-412e-98e9-988ae0bd5634,churn_943f7dab,Test City,XX,delivered,2026-07-29 06:43:17,2026-07-29,2026-07,06,2026-07-28 06:43:17,2026-07-28 06:43:17,-1.0,1.0,55.0606615688867,credit_card,0.0
aff3a155-6c94-47fe-b785-78b557c7257d,churn_902771a3,Test City,XX,delivered,2026-07-29 06:43:17,2026-07-29,2026-07,06,2026-07-28 06:43:17,2026-07-28 06:43:17,-1.0,1.0,87.63293577809853,credit_card,0.0
42e3a2bc-5edf-4f3a-87cd-610376b32816,churn_541e3cbc,Test City,XX,delivered,2026-07-29 05:43:17,2026-07-29,2026-07,05,2026-07-28 05:43:17,2026-07-28 05:43:17,-1.0,1.0,124.36713285506255,credit_card,0.0
0c5fd127-4590-479a-9e92-bcc932fae1cf,churn_8125eb92,Test City,XX,delivered,2026-07-29 05:43:17,2026-07-29,2026-07,05,2026-07-28 05:43:17,2026-07-28 05:43:17,-1.0,1.0,127.94957923007088,credit_card,0.0
9afd76d4-5d91-4108-90b5-65623a80bb8b,churn_f4440548,Test City,XX,delivered,2026-07-29 05:43:17,2026-07-29,2026-07,05,2026-07-28 05:43:17,2026-07-28 05:43:17,-1.0,1.0,87.69918965068987,credit_card,0.0
f0064c9f-2e3b-4696-992c-ba8e8ebcb50c,churn_769a78e8,Test City,XX,delivered,2026-07-29 04:43:17,2026-07-29,2026-07,04,2026-07-28 04:43:17,2026-07-28 04:43:17,-1.0,1.0,72.58890369945254,credit_card,0.0
fab26d76-485b-4759-bc52-66a1c2185510,churn_241103e4,Test City,XX,delivered,2026-07-29 04:43:17,2026-07-29,2026-07,04,2026-07-28 04:43:17,2026-07-28 04:43:17,-1.0,1.0,95.94052156726745,credit_card,0.0
b1c3d38d-20f6-4d10-b6f5-04fa12af9a22,churn_9d82551a,Test City,XX,delivered,2026-07-29 04:43:17,2026-07-29,2026-07,04,2026-07-28 04:43:17,2026-07-28 04:43:17,-1.0,1.0,56.2589707258228,credit_card,0.0
337a156d-8720-406d-8d87-d76f8980430f,churn_db1f9170,Test City,XX,delivered,2026-07-29 04:43:17,2026-07-29,2026-07,04,2026-07-28 04:43:17,2026-07-28 04:43:17,-1.0,1.0,126.99901312364867,credit_card,0.0
d0080e24-93f5-497f-8e35-61d3a7373563,retained_1d8f7976,Test City,XX,delivered,2026-07-29 03:43:17,2026-07-29,2026-07,03,2026-07-28 03:43:17,2026-07-28 03:43:17,-1.0,1.0,84.76085563089413,credit_card,0.0
37231232-6471-4128-b436-e0e890755d81,retained_e74b7b76,Test City,XX,delivered,2026-07-29 03:43:17,2026-07-29,2026-07,03,2026-07-28 03:43:17,2026-07-28 03:43:17,-1.0,1.0,104.36534807664938,credit_card,0.0
b2509392-408d-471e-9392-7b7ea49243ae,churn_5cc906a6,Test City,XX,delivered,2026-07-29 03:43:17,2026-07-29,2026-07,03,2026-07-28 03:43:17,2026-07-28 03:43:17,-1.0,1.0,137.58927589950383,credit_card,0.0
f43a2523-36d8-47cf-a916-59bf7b15f82b,churn_f4440548,Test City,XX,delivered,2026-07-29 03:43:17,2026-07-29,2026-07,03,2026-07-28 03:43:17,2026-07-28 03:43:17,-1.0,1.0,92.64295606220288,credit_card,0.0
71967934-3926-4ae2-9fad-0af73f2ec508,churn_5238c714,Test City,XX,delivered,2026-07-29 03:43:17,2026-07-29,2026-07,03,2026-07-28 03:43:17,2026-07-28 03:43:17,-1.0,1.0,111.85384006772796,credit_card,0.0
652df040-968f-43e0-99fb-c5d1ace966fe,churn_ce6da229,Test City,XX,delivered,2026-07-29 03:43:17,2026-07-29,2026-07,03,2026-07-28 03:43:17,2026-07-28 03:43:17,-1.0,1.0,54.18348485466085,credit_card,0.0
61c23dcf-1453-4819-ab74-fa7de8a81a66,retained_feed5aa6,Test City,XX,delivered,2026-07-29 02:43:17,2026-07-29,2026-07,02,2026-07-28 02:43:17,2026-07-28 02:43:17,-1.0,1.0,105.96966581785185,credit_card,0.0
37b2e900-6500-4026-b750-9bd8f4e46da9,churn_fa807da6,Test City,XX,delivered,2026-07-29 02:43:17,2026-07-29,2026-07,02,2026-07-28 02:43:17,2026-07-28 02:43:17,-1.0,1.0,107.7491701634624,credit_card,0.0
aaa42031-d3ab-46b0-a4b6-c8335c4b5ee4,churn_0099a8c9,Test City,XX,delivered,2026-07-29 02:43:17,2026-07-29,2026-07,02,2026-07-28 02:43:17,2026-07-28 02:43:17,-1.0,1.0,73.59405009017696,credit_card,0.0
3ddfe43b-ea30-490f-b6cb-5af1f4c260cb,churn_1bc8e094,Test City,XX,delivered,2026-07-29 02:43:17,2026-07-29,2026-07,02,2026-07-28 02:43:17,2026-07-28 02:43:17,-1.0,1.0,143.7013220533609,credit_card,0.0
16e08d42-ab95-4c93-9cc7-838d40fa65d7,churn_a6d7b09a,Test City,XX,delivered,2026-07-29 02:43:17,2026-07-29,2026-07,02,2026-07-28 02:43:17,2026-07-28 02:43:17,-1.0,1.0,53.95857483988716,credit_card,0.0
7375111f-a6c4-4506-86d3-4286d111261d,churn_991147ec,Test City,XX,delivered,2026-07-29 02:43:17,2026-07-29,2026-07,02,2026-07-28 02:43:17,2026-07-28 02:43:17,-1.0,1.0,149.02008107489038,credit_card,0.0
d410b56f-6972-4fc9-96f1-13eaeb85dd9f,churn_2f94e288,Test City,XX,delivered,2026-07-29 02:43:17,2026-07-29,2026-07,02,2026-07-28 02:43:17,2026-07-28 02:43:17,-1.0,1.0,66.76848010056274,credit_card,0.0
8d76c315-0239-4c93-8b55-4b6b78b4adc0,retained_3643879c,Test City,XX,delivered,2026-07-29 01:43:17,2026-07-29,2026-07,01,2026-07-28 01:43:17,2026-07-28 01:43:17,-1.0,1.0,71.07492921017071,credit_card,0.0
ae481873-1946-4357-bb12-65f5250440b8,retained_0a8f572e,Test City,XX,delivered,2026-07-29 01:43:17,2026-07-29,2026-07,01,2026-07-28 01:43:17,2026-07-28 01:43:17,-1.0,1.0,104.42185793273194,credit_card,0.0
538bb4f6-d3e7-4d88-bbb0-90b9a1a4bd30,retained_2647cd0b,Test City,XX,delivered,2026-07-29 01:43:17,2026-07-29,2026-07,01,2026-07-28 01:43:17,2026-07-28 01:43:17,-1.0,1.0,93.27377468958355,credit_card,0.0
eabb480a-43e2-429a-9439-0d655f518016,churn_feb66b0f,Test City,XX,delivered,2026-07-29 01:43:17,2026-07-29,2026-07,01,2026-07-28 01:43:17,2026-07-28 01:43:17,-1.0,1.0,99.78209225084025,credit_card,0.0
3e97df6d-6141-45aa-ab43-c62c1bfc9161,churn_be7c6056,Test City,XX,delivered,2026-07-29 01:43:17,2026-07-29,2026-07,01,2026-07-28 01:43:17,2026-07-28 01:43:17,-1.0,1.0,81.39380620532738,credit_card,0.0
50ddfe43-18e4-4dc8-8a46-9c4a60f80517,churn_cdfa4f4e,Test City,XX,delivered,2026-07-29 01:43:17,2026-07-29,2026-07,01,2026-07-28 01:43:17,2026-07-28 01:43:17,-1.0,1.0,80.44733024393791,credit_card,0.0
9435d880-d72b-4054-b6aa-ec54c639fee0,retained_62ea579a,Test City,XX,delivered,2026-07-29 00:43:17,2026-07-29,2026-07,00,2026-07-28 00:43:17,2026-07-28 00:43:17,-1.0,1.0,91.07731400185091,credit_card,0.0
e8300430-11f9-4034-b726-5604cf1e0212,churn_a514e19e,Test City,XX,delivered,2026-07-29 00:43:17,2026-07-29,2026-07,00,2026-07-28 00:43:17,2026-07-28 00:43:17,-1.0,1.0,101.92154203709468,credit_card,0.0
1704c58b-820f-4c93-9d69-404e09558b31,churn_30de71ab,Test City,XX,delivered,2026-07-29 00:43:17,2026-07-29,2026-07,00,2026-07-28 00:43:17,2026-07-28 00:43:17,-1.0,1.0,97.02707013900017,credit_card,0.0
7ecd8f34-e852-4179-9d8c-551d4b245aee,retained_7f97f9d9,Test City,XX,delivered,2026-07-28 23:43:17,2026-07-28,2026-07,23,2026-07-27 23:43:17,2026-07-27 23:43:17,-1.0,1.0,129.91515590696366,credit_card,0.0
52ba01ed-3404-493f-af94-0393cec6fd3a,retained_43d02ae6,Test City,XX,delivered,2026-07-28 23:43:17,2026-07-28,2026-07,23,2026-07-27 23:43:17,2026-07-27 23:43:17,-1.0,1.0,113.89924118223178,credit_card,0.0
3ef0adc1-ece0-4e64-9c81-b249fb9f0d5e,churn_bcbc39f2,Test City,XX,delivered,2026-07-28 23:43:17,2026-07-28,2026-07,23,2026-07-27 23:43:17,2026-07-27 23:43:17,-1.0,1.0,114.73459331645377,credit_card,0.0
11254370-994f-422a-81d1-a4f72d796ada,churn_e78fda1e,Test City,XX,delivered,2026-07-28 23:43:17,2026-07-28,2026-07,23,2026-07-27 23:43:17,2026-07-27 23:43:17,-1.0,1.0,110.83758394725709,credit_card,0.0
7fcec074-49f7-4df6-bd92-1ab7fed07c08,churn_57b58bfa,Test City,XX,delivered,2026-07-28 10:43:17,2026-07-28,2026-07,10,2026-07-27 10:43:17,2026-07-27 10:43:17,-1.0,1.0,75.77105846942715,credit_card,0.0
3d35cee9-4755-4a83-b10a-32605855dd19,churn_6caffc0c,Test City,XX,delivered,2026-07-28 10:43:17,2026-07-28,2026-07,10,2026-07-27 10:43:17,2026-07-27 10:43:17,-1.0,1.0,137.57107579571368,credit_card,0.0
34233d06-130d-4803-b7c1-cc20dd8831d6,churn_f061c312,Test City,XX,delivered,2026-07-28 10:43:17,2026-07-28,2026-07,10,2026-07-27 10:43:17,2026-07-27 10:43:17,-1.0,1.0,122.4403289357338,credit_card,0.0
0cba9d44-9544-4adf-a090-80ed3d886fb6,churn_bcbc39f2,Test City,XX,delivered,2026-07-28 10:43:17,2026-07-28,2026-07,10,2026-07-27 10:43:17,2026-07-27 10:43:17,-1.0,1.0,88.85979067440202,credit_card,0.0
7c0edfc5-9995-4172-a94b-a4c40e5ff2c7,retained_301afe87,Test City,XX,delivered,2026-07-28 09:43:17,2026-07-28,2026-07,09,2026-07-27 09:43:17,2026-07-27 09:43:17,-1.0,1.0,118.01866593319892,credit_card,0.0
058c6099-6774-49af-afab-59503e97a486,churn_4e81c40b,Test City,XX,delivered,2026-07-28 09:43:17,2026-07-28,2026-07,09,2026-07-27 09:43:17,2026-07-27 09:43:17,-1.0,1.0,62.80653992132861,credit_card,0.0
adf89533-0ec8-41c7-b605-dcc98b6b5ad9,churn_fa0e98c5,Test City,XX,delivered,2026-07-28 09:43:17,2026-07-28,2026-07,09,2026-07-27 09:43:17,2026-07-27 09:43:17,-1.0,1.0,88.13639355348401,credit_card,0.0
037589c7-06a0-4691-9c76-fa0eeca0c647,churn_a25c95de,Test City,XX,delivered,2026-07-28 09:43:17,2026-07-28,2026-07,09,2026-07-27 09:43:17,2026-07-27 09:43:17,-1.0,1.0,71.5216291136237,credit_card,0.0
3d869d76-f415-491f-9cfe-98451150162f,churn_94fb220b,Test City,XX,delivered,2026-07-28 09:43:17,2026-07-28,2026-07,09,2026-07-27 09:43:17,2026-07-27 09:43:17,-1.0,1.0,147.25940124186334,credit_card,0.0
1307eda6-8360-4956-aa0d-92589ce6b22f,churn_507715ed,Test City,XX,delivered,2026-07-28 09:43:17,2026-07-28,2026-07,09,2026-07-27 09:43:17,2026-07-27 09:43:17,-1.0,1.0,123.11304051036609,credit_card,0.0
c70f23fe-bfda-42bc-947d-8bbe3f0f234a,churn_04904c79,Test City,XX,delivered,2026-07-28 09:43:17,2026-07-28,2026-07,09,2026-07-27 09:43:17,2026-07-27 09:43:17,-1.0,1.0,105.03634081887614,credit_card,0.0
936b66b3-1128-4048-8f6a-9acaf7f2fb78,churn_436c8a16,Test City,XX,delivered,2026-07-28 08:43:17,2026-07-28,2026-07,08,2026-07-27 08:43:17,2026-07-27 08:43:17,-1.0,1.0,110.41544381665295,credit_card,0.0
bd28b8d4-dbb9-443d-8786-5903b03e93f6,churn_41741317,Test City,XX,delivered,2026-07-28 08:43:17,2026-07-28,2026-07,08,2026-07-27 08:43:17,2026-07-27 08:43:17,-1.0,1.0,59.11121978166199,credit_card,0.0
050597f6-4626-42d8-b7df-b881c2cd6361,churn_6a2cfded,Test City,XX,delivered,2026-07-28 08:43:17,2026-07-28,2026-07,08,2026-07-27 08:43:17,2026-07-27 08:43:17,-1.0,1.0,130.00480385329814,credit_card,0.0
c8456ee5-4ed7-40f9-b2ea-440607a50090,churn_619bf028,Test City,XX,delivered,2026-07-28 08:43:17,2026-07-28,2026-07,08,2026-07-27 08:43:17,2026-07-27 08:43:17,-1.0,1.0,67.2617254350441,credit_card,0.0
b96127a7-70e2-4a1b-bb22-a5874a533a3f,churn_e1ea5b24,Test City,XX,delivered,2026-07-28 08:43:17,2026-07-28,2026-07,08,2026-07-27 08:43:17,2026-07-27 08:43:17,-1.0,1.0,96.7322017756864,credit_card,0.0
af3e458a-5ff5-48b1-9487-35a7e134c9f8,retained_f728d577,Test City,XX,delivered,2026-07-28 07:43:17,2026-07-28,2026-07,07,2026-07-27 07:43:17,2026-07-27 07:43:17,-1.0,1.0,135.22179310221833,credit_card,0.0
fe83dffc-6562-45b6-b124-29aa4fa9d21e,churn_e87227e3,Test City,XX,delivered,2026-07-28 07:43:17,2026-07-28,2026-07,07,2026-07-27 07:43:17,2026-07-27 07:43:17,-1.0,1.0,87.92352897085146,credit_card,0.0
26b5cc87-94ad-4aef-b1b9-0584fcb25de8,churn_3106a98e,Test City,XX,delivered,2026-07-28 07:43:17,2026-07-28,2026-07,07,2026-07-27 07:43:17,2026-07-27 07:43:17,-1.0,1.0,127.25874155985898,credit_card,0.0
93f7c57e-3fe5-4406-9a13-443790ba232a,churn_286fb56b,Test City,XX,delivered,2026-07-28 07:43:17,2026-07-28,2026-07,07,2026-07-27 07:43:17,2026-07-27 07:43:17,-1.0,1.0,71.86725772917316,credit_card,0.0
60236bac-1f4f-4ce2-af39-19fa96fa5a88,retained_f6e63544,Test City,XX,delivered,2026-07-28 06:43:17,2026-07-28,2026-07,06,2026-07-27 06:43:17,2026-07-27 06:43:17,-1.0,1.0,146.53870630125482,credit_card,0.0
9a5db73e-dc44-47f8-a4f5-e4d4b61af79a,churn_c9eedaa7,Test City,XX,delivered,2026-07-28 06:43:17,2026-07-28,2026-07,06,2026-07-27 06:43:17,2026-07-27 06:43:17,-1.0,1.0,75.43138160695247,credit_card,0.0
6ef4f21d-c749-4892-a967-d780e6d684a3,churn_756a2d2a,Test City,XX,delivered,2026-07-28 06:43:17,2026-07-28,2026-07,06,2026-07-27 06:43:17,2026-07-27 06:43:17,-1.0,1.0,108.58934937823332,credit_card,0.0
0d48ac72-3aa8-4e41-aab9-03693896bfd0,churn_589a0873,Test City,XX,delivered,2026-07-28 05:43:17,2026-07-28,2026-07,05,2026-07-27 05:43:17,2026-07-27 05:43:17,-1.0,1.0,146.57173914771164,credit_card,0.0
1662d6a0-672b-415c-a6f3-72928a02e63a,churn_e8989162,Test City,XX,delivered,2026-07-28 05:43:17,2026-07-28,2026-07,05,2026-07-27 05:43:17,2026-07-27 05:43:17,-1.0,1.0,128.87033783089277,credit_card,0.0
97fb884b-5f40-4d74-bbf9-c28f11740350,churn_94c6dbca,Test City,XX,delivered,2026-07-28 05:43:17,2026-07-28,2026-07,05,2026-07-27 05:43:17,2026-07-27 05:43:17,-1.0,1.0,131.59755640724745,credit_card,0.0
24108ee1-4622-4798-95d5-9b1ac8b64693,churn_9eab7746,Test City,XX,delivered,2026-07-28 05:43:17,2026-07-28,2026-07,05,2026-07-27 05:43:17,2026-07-27 05:43:17,-1.0,1.0,118.15592738266679,credit_card,0.0
bc701e16-31b2-4043-80a1-7c8ca03e3ebf,churn_ba4353d0,Test City,XX,delivered,2026-07-28 05:43:17,2026-07-28,2026-07,05,2026-07-27 05:43:17,2026-07-27 05:43:17,-1.0,1.0,84.61682507650603,credit_card,0.0
b5d5aa26-8357-4c7f-9bc6-aa8d920d35ce,churn_db1f9170,Test City,XX,delivered,2026-07-28 05:43:17,2026-07-28,2026-07,05,2026-07-27 05:43:17,2026-07-27 05:43:17,-1.0,1.0,87.19984480951743,credit_card,0.0
d40c8bf6-a89b-4336-8265-8bf27be7dde0,retained_1f3b25fc,Test City,XX,delivered,2026-07-28 04:43:17,2026-07-28,2026-07,04,2026-07-27 04:43:17,2026-07-27 04:43:17,-1.0,1.0,73.61834527712043,credit_card,0.0
bc0714a8-e4a4-4241-a15e-19102714105f,retained_76fea19c,Test City,XX,delivered,2026-07-28 04:43:17,2026-07-28,2026-07,04,2026-07-27 04:43:17,2026-07-27 04:43:17,-1.0,1.0,50.3449455673642,credit_card,0.0
1dfc3f3f-3167-45f2-8082-20731d38de77,churn_3fdab65b,Test City,XX,delivered,2026-07-28 04:43:17,2026-07-28,2026-07,04,2026-07-27 04:43:17,2026-07-27 04:43:17,-1.0,1.0,121.44588211614243,credit_card,0.0
5823b938-06ce-412e-aaf4-62ec400ad9db,retained_7f97f9d9,Test City,XX,delivered,2026-07-28 03:43:17,2026-07-28,2026-07,03,2026-07-27 03:43:17,2026-07-27 03:43:17,-1.0,1.0,57.4806319170846,credit_card,0.0
7538c339-3a7c-4353-8236-fc3059d81e13,churn_4e4c2462,Test City,XX,delivered,2026-07-28 03:43:17,2026-07-28,2026-07,03,2026-07-27 03:43:17,2026-07-27 03:43:17,-1.0,1.0,90.48344240320267,credit_card,0.0
735ddbc7-9d7a-40ad-8594-0bbef435b6ba,churn_4a1fb3a4,Test City,XX,delivered,2026-07-28 03:43:17,2026-07-28,2026-07,03,2026-07-27 03:43:17,2026-07-27 03:43:17,-1.0,1.0,94.5928151877421,credit_card,0.0
830039ea-9775-492a-ade3-6e7069a5e247,churn_19b75fdd,Test City,XX,delivered,2026-07-28 03:43:17,2026-07-28,2026-07,03,2026-07-27 03:43:17,2026-07-27 03:43:17,-1.0,1.0,143.85878290490098,credit_card,0.0
6120a35c-e7ae-4385-b27c-f0121dcbd9db,churn_df7878a6,Test City,XX,delivered,2026-07-28 03:43:17,2026-07-28,2026-07,03,2026-07-27 03:43:17,2026-07-27 03:43:17,-1.0,1.0,129.28324199133664,credit_card,0.0
2bb1cba1-5796-4ca8-96f9-0e22711c9811,retained_68abd632,Test City,XX,delivered,2026-07-28 02:43:17,2026-07-28,2026-07,02,2026-07-27 02:43:17,2026-07-27 02:43:17,-1.0,1.0,80.33534681902495,credit_card,0.0
a39a32fc-25d8-45f8-adfe-50a151b69c3a,retained_62805440,Test City,XX,delivered,2026-07-28 02:43:17,2026-07-28,2026-07,02,2026-07-27 02:43:17,2026-07-27 02:43:17,-1.0,1.0,146.99822428600214,credit_card,0.0
fbb21639-4703-46db-9186-16df48d8d01d,churn_7f0a15ee,Test City,XX,delivered,2026-07-28 02:43:17,2026-07-28,2026-07,02,2026-07-27 02:43:17,2026-07-27 02:43:17,-1.0,1.0,69.13502901355338,credit_card,0.0
7c78a55c-1a09-478e-964f-1ba38d2f5603,churn_914833bd,Test City,XX,delivered,2026-07-28 02:43:17,2026-07-28,2026-07,02,2026-07-27 02:43:17,2026-07-27 02:43:17,-1.0,1.0,80.81559801776827,credit_card,0.0
178aa6fb-9fce-4831-b00f-ec14e5d64830,churn_1a9e879c,Test City,XX,delivered,2026-07-28 02:43:17,2026-07-28,2026-07,02,2026-07-27 02:43:17,2026-07-27 02:43:17,-1.0,1.0,131.99991799163615,credit_card,0.0
f69fe230-3036-4c4a-9fa4-7d3f4573c064,churn_a7c4ab47,Test City,XX,delivered,2026-07-28 01:43:17,2026-07-28,2026-07,01,2026-07-27 01:43:17,2026-07-27 01:43:17,-1.0,1.0,97.8937065448514,credit_card,0.0
279496d1-79c8-483d-b68f-3997ae09b84f,churn_de5c1fb1,Test City,XX,delivered,2026-07-28 01:43:17,2026-07-28,2026-07,01,2026-07-27 01:43:17,2026-07-27 01:43:17,-1.0,1.0,65.995106595667,credit_card,0.0
dc8e0c17-0fb6-4592-916f-024742400fcd,churn_d0d204bb,Test City,XX,delivered,2026-07-28 01:43:17,2026-07-28,2026-07,01,2026-07-27 01:43:17,2026-07-27 01:43:17,-1.0,1.0,59.22153405879721,credit_card,0.0
7e80f14d-ed24-4186-8673-a922f5c0bc19,churn_68d77cce,Test City,XX,delivered,2026-07-28 00:43:17,2026-07-28,2026-07,00,2026-07-27 00:43:17,2026-07-27 00:43:17,-1.0,1.0,72.20669031526263,credit_card,0.0
aba2af6f-1eb8-41b1-bc27-b9a14cee19bb,churn_80799611,Test City,XX,delivered,2026-07-28 00:43:17,2026-07-28,2026-07,00,2026-07-27 00:43:17,2026-07-27 00:43:17,-1.0,1.0,149.06711697851205,credit_card,0.0
0fc2dec2-504e-4009-b9ef-a1b73fb9130a,churn_b3e36d66,Test City,XX,delivered,2026-07-28 00:43:17,2026-07-28,2026-07,00,2026-07-27 00:43:17,2026-07-27 00:43:17,-1.0,1.0,84.83555483532662,credit_card,0.0
35ca752a-8f54-48b1-b041-0ef5ba0e42e5,churn_82a57d84,Test City,XX,delivered,2026-07-28 00:43:17,2026-07-28,2026-07,00,2026-07-27 00:43:17,2026-07-27 00:43:17,-1.0,1.0,96.59790075750594,credit_card,0.0
588a9cc8-fbab-4536-98ff-b8de54bc23c7,churn_26207d63,Test City,XX,delivered,2026-07-28 00:43:17,2026-07-28,2026-07,00,2026-07-27 00:43:17,2026-07-27 00:43:17,-1.0,1.0,103.75459578793473,credit_card,0.0
4c8c4b3b-2f7d-4d66-8305-fc117f354828,churn_663cf0ff,Test City,XX,delivered,2026-07-28 00:43:17,2026-07-28,2026-07,00,2026-07-27 00:43:17,2026-07-27 00:43:17,-1.0,1.0,141.1148460369501,credit_card,0.0
08b96658-cf0e-4011-bdce-b60d6cef459e,retained_0922ba35,Test City,XX,delivered,2026-07-27 23:43:17,2026-07-27,2026-07,23,2026-07-26 23:43:17,2026-07-26 23:43:17,-1.0,1.0,76.28073129276075,credit_card,0.0
c669b017-d125-4500-88e0-7e0b87544ed2,churn_8576f5e3,Test City,XX,delivered,2026-07-27 23:43:17,2026-07-27,2026-07,23,2026-07-26 23:43:17,2026-07-26 23:43:17,-1.0,1.0,69.36285999164991,credit_card,0.0
bb161068-ade0-495b-8d13-f3f08da294dc,churn_e87f7987,Test City,XX,delivered,2026-07-27 23:43:17,2026-07-27,2026-07,23,2026-07-26 23:43:17,2026-07-26 23:43:17,-1.0,1.0,94.28254197942496,credit_card,0.0
3682111c-ad55-418b-b8d7-d255c88e58fc,churn_9d96dfa8,Test City,XX,delivered,2026-07-27 23:43:17,2026-07-27,2026-07,23,2026-07-26 23:43:17,2026-07-26 23:43:17,-1.0,1.0,73.93741664266277,credit_card,0.0
b5a3e291-bf5c-4443-8559-4ea5fff0821f,churn_0550fd35,Test City,XX,delivered,2026-07-27 23:43:17,2026-07-27,2026-07,23,2026-07-26 23:43:17,2026-07-26 23:43:17,-1.0,1.0,144.12707085754454,credit_card,0.0
d21d7d07-fc12-4349-894e-2ff967fd6bbc,retained_874924ac,Test City,XX,delivered,2026-07-27 10:43:17,2026-07-27,2026-07,10,2026-07-26 10:43:17,2026-07-26 10:43:17,-1.0,1.0,64.5059438856749,credit_card,0.0
c8be938d-6809-4860-a955-99955916d075,churn_90ff0f7f,Test City,XX,delivered,2026-07-27 10:43:17,2026-07-27,2026-07,10,2026-07-26 10:43:17,2026-07-26 10:43:17,-1.0,1.0,60.036531501002266,credit_card,0.0
4b72fbec-670d-4b83-8071-359609451768,retained_1a703e37,Test City,XX,delivered,2026-07-27 09:43:17,2026-07-27,2026-07,09,2026-07-26 09:43:17,2026-07-26 09:43:17,-1.0,1.0,140.27414370735997,credit_card,0.0
f9467b3f-a50d-4f5f-ab9f-6ecffaf0db1c,churn_851d1a0e,Test City,XX,delivered,2026-07-27 09:43:17,2026-07-27,2026-07,09,2026-07-26 09:43:17,2026-07-26 09:43:17,-1.0,1.0,54.52346579504119,credit_card,0.0
f10b2fb4-9ab0-4554-8809-2e3eb04d628c,churn_b56f02d3,Test City,XX,delivered,2026-07-27 09:43:17,2026-07-27,2026-07,09,2026-07-26 09:43:17,2026-07-26 09:43:17,-1.0,1.0,126.45910605830854,credit_card,0.0
d266cf96-abfd-4799-8c60-ed4ebb7c458a,churn_af3d0aae,Test City,XX,delivered,2026-07-27 09:43:17,2026-07-27,2026-07,09,2026-07-26 09:43:17,2026-07-26 09:43:17,-1.0,1.0,145.0140390070124,credit_card,0.0
6808796d-c034-4d4a-9f03-72a8dd3732db,churn_c466de80,Test City,XX,delivered,2026-07-27 09:43:17,2026-07-27,2026-07,09,2026-07-26 09:43:17,2026-07-26 09:43:17,-1.0,1.0,116.35164487677842,credit_card,0.0
7dc25597-78ad-4a65-8c20-5b913e3ce1ad,churn_6f143d3b,Test City,XX,delivered,2026-07-27 09:43:17,2026-07-27,2026-07,09,2026-07-26 09:43:17,2026-07-26 09:43:17,-1.0,1.0,123.9743547567147,credit_card,0.0
3f90ccfb-1e37-4266-b27f-77e5c897fe85,churn_6391a465,Test City,XX,delivered,2026-07-27 08:43:17,2026-07-27,2026-07,08,2026-07-26 08:43:17,2026-07-26 08:43:17,-1.0,1.0,117.30306722778995,credit_card,0.0
afa628f4-664d-4a9a-9528-2da50e914216,churn_71afaaf4,Test City,XX,delivered,2026-07-27 08:43:17,2026-07-27,2026-07,08,2026-07-26 08:43:17,2026-07-26 08:43:17,-1.0,1.0,62.60821022369335,credit_card,0.0
53526ea0-bf6f-47ca-8c05-d6622c2b7dcf,churn_36ea5bef,Test City,XX,delivered,2026-07-27 08:43:17,2026-07-27,2026-07,08,2026-07-26 08:43:17,2026-07-26 08:43:17,-1.0,1.0,110.92787764844287,credit_card,0.0
e4e8971a-e290-4f53-8cdc-90883f871f3d,churn_999d7113,Test City,XX,delivered,2026-07-27 08:43:17,2026-07-27,2026-07,08,2026-07-26 08:43:17,2026-07-26 08:43:17,-1.0,1.0,121.28344110961955,credit_card,0.0
89480456-d294-4a91-8582-e0b90c89e5d3,churn_3f838381,Test City,XX,delivered,2026-07-27 08:43:17,2026-07-27,2026-07,08,2026-07-26 08:43:17,2026-07-26 08:43:17,-1.0,1.0,106.69965795166581,credit_card,0.0
05d9b50e-b3e7-42f6-83b2-4767c2caf560,churn_d0fdfb01,Test City,XX,delivered,2026-07-27 08:43:17,2026-07-27,2026-07,08,2026-07-26 08:43:17,2026-07-26 08:43:17,-1.0,1.0,90.12536948835816,credit_card,0.0
2f236e79-495e-46cc-b436-e0ad902cc329,churn_f80cf725,Test City,XX,delivered,2026-07-27 07:43:17,2026-07-27,2026-07,07,2026-07-26 07:43:17,2026-07-26 07:43:17,-1.0,1.0,130.0222133229082,credit_card,0.0
1fd6ade9-18c0-4afa-a62a-ab5fe1990c91,churn_e7022681,Test City,XX,delivered,2026-07-27 07:43:17,2026-07-27,2026-07,07,2026-07-26 07:43:17,2026-07-26 07:43:17,-1.0,1.0,124.53563238371792,credit_card,0.0
f4a24226-a4ce-48d1-92b8-42f006d7b2e7,churn_72828dcf,Test City,XX,delivered,2026-07-27 07:43:17,2026-07-27,2026-07,07,2026-07-26 07:43:17,2026-07-26 07:43:17,-1.0,1.0,133.45199803765308,credit_card,0.0
28dbc42b-3dad-4406-b2c1-47b278900d1a,churn_ecb4e556,Test City,XX,delivered,2026-07-27 07:43:17,2026-07-27,2026-07,07,2026-07-26 07:43:17,2026-07-26 07:43:17,-1.0,1.0,115.91438011868543,credit_card,0.0
f2b8dc8f-13a6-412c-809f-e21cacb97504,churn_bb7df041,Test City,XX,delivered,2026-07-27 07:43:17,2026-07-27,2026-07,07,2026-07-26 07:43:17,2026-07-26 07:43:17,-1.0,1.0,85.17215613954528,credit_card,0.0
d3bd6627-8102-4ca9-b804-51e5985a1313,retained_1a4bb6c6,Test City,XX,delivered,2026-07-27 06:43:17,2026-07-27,2026-07,06,2026-07-26 06:43:17,2026-07-26 06:43:17,-1.0,1.0,96.6688188242557,credit_card,0.0
5e6d102b-6d27-4ca0-ab3b-37a3611f5d23,churn_468ddef0,Test City,XX,delivered,2026-07-27 06:43:17,2026-07-27,2026-07,06,2026-07-26 06:43:17,2026-07-26 06:43:17,-1.0,1.0,58.1774746347903,credit_card,0.0
4041dee0-ae80-427a-9a2d-2d29377671ef,churn_fe984ca8,Test City,XX,delivered,2026-07-27 06:43:17,2026-07-27,2026-07,06,2026-07-26 06:43:17,2026-07-26 06:43:17,-1.0,1.0,70.10043203883393,credit_card,0.0
24223ff5-15ca-4792-b7b1-a9ff691bd5b7,churn_3afbb4ef,Test City,XX,delivered,2026-07-27 06:43:17,2026-07-27,2026-07,06,2026-07-26 06:43:17,2026-07-26 06:43:17,-1.0,1.0,131.73212012498874,credit_card,0.0
3f4711d0-d483-4087-b746-8382e83eb517,churn_3a813169,Test City,XX,delivered,2026-07-27 06:43:17,2026-07-27,2026-07,06,2026-07-26 06:43:17,2026-07-26 06:43:17,-1.0,1.0,94.40309641454476,credit_card,0.0
fa7fdbb7-a219-4d67-9ce8-3a3abecaab8f,retained_11006dcd,Test City,XX,delivered,2026-07-27 05:43:17,2026-07-27,2026-07,05,2026-07-26 05:43:17,2026-07-26 05:43:17,-1.0,1.0,135.07111322606107,credit_card,0.0
08180255-1f28-4ea1-b905-c1754fbeb820,retained_73c26b2c,Test City,XX,delivered,2026-07-27 05:43:17,2026-07-27,2026-07,05,2026-07-26 05:43:17,2026-07-26 05:43:17,-1.0,1.0,121.57847533730207,credit_card,0.0
711ddc18-a499-4a3f-a04c-9a1207e6bb14,churn_e7022681,Test City,XX,delivered,2026-07-27 05:43:17,2026-07-27,2026-07,05,2026-07-26 05:43:17,2026-07-26 05:43:17,-1.0,1.0,122.29156569355287,credit_card,0.0
86310c53-5cc9-4043-88e8-4867cd2298f1,churn_f3500ecc,Test City,XX,delivered,2026-07-27 05:43:17,2026-07-27,2026-07,05,2026-07-26 05:43:17,2026-07-26 05:43:17,-1.0,1.0,113.60098991937551,credit_card,0.0
91b5b922-6c4d-4c81-b784-36cfbfb22f50,churn_c466de80,Test City,XX,delivered,2026-07-27 04:43:17,2026-07-27,2026-07,04,2026-07-26 04:43:17,2026-07-26 04:43:17,-1.0,1.0,64.71374162105829,credit_card,0.0
930c70a5-258f-4c15-a1e3-b901d1e32bd6,retained_0d770ba9,Test City,XX,delivered,2026-07-27 03:43:17,2026-07-27,2026-07,03,2026-07-26 03:43:17,2026-07-26 03:43:17,-1.0,1.0,55.31473093551739,credit_card,0.0
7418f7a9-5983-4954-9c1f-951ced3ef5e6,churn_ba7f36d0,Test City,XX,delivered,2026-07-27 03:43:17,2026-07-27,2026-07,03,2026-07-26 03:43:17,2026-07-26 03:43:17,-1.0,1.0,132.48047133177784,credit_card,0.0
64d891dd-9b22-4f9b-b470-a30ca247c771,churn_57e74f08,Test City,XX,delivered,2026-07-27 03:43:17,2026-07-27,2026-07,03,2026-07-26 03:43:17,2026-07-26 03:43:17,-1.0,1.0,95.37519164588878,credit_card,0.0
21397740-2f68-4ddb-9674-43418eb742f4,churn_7615dd12,Test City,XX,delivered,2026-07-27 03:43:17,2026-07-27,2026-07,03,2026-07-26 03:43:17,2026-07-26 03:43:17,-1.0,1.0,84.38399665890233,credit_card,0.0
c730e70c-0324-41d5-a901-5cb7543f1b1e,churn_0404de8f,Test City,XX,delivered,2026-07-27 03:43:17,2026-07-27,2026-07,03,2026-07-26 03:43:17,2026-07-26 03:43:17,-1.0,1.0,125.8942830575049,credit_card,0.0
2100962c-e15f-43db-8be4-57831ac0102f,churn_c4b28bc4,Test City,XX,delivered,2026-07-27 02:43:17,2026-07-27,2026-07,02,2026-07-26 02:43:17,2026-07-26 02:43:17,-1.0,1.0,137.99969613498513,credit_card,0.0
a6d8ab39-e7ab-496e-9bd1-59427a8c09af,churn_cd7101c9,Test City,XX,delivered,2026-07-27 02:43:17,2026-07-27,2026-07,02,2026-07-26 02:43:17,2026-07-26 02:43:17,-1.0,1.0,134.55166385030938,credit_card,0.0
1e5c3e08-2d5a-4bc1-b167-574086b2cd48,churn_cd900185,Test City,XX,delivered,2026-07-27 02:43:17,2026-07-27,2026-07,02,2026-07-26 02:43:17,2026-07-26 02:43:17,-1.0,1.0,57.06401716857137,credit_card,0.0
6f05290e-a37c-49dc-aa6b-0d8396cd9ae7,churn_4a22f31f,Test City,XX,delivered,2026-07-27 02:43:17,2026-07-27,2026-07,02,2026-07-26 02:43:17,2026-07-26 02:43:17,-1.0,1.0,146.49121548307792,credit_card,0.0
6e13a4de-8174-43c0-98e7-6f70f26a9b64,retained_f39e3138,Test City,XX,delivered,2026-07-27 01:43:17,2026-07-27,2026-07,01,2026-07-26 01:43:17,2026-07-26 01:43:17,-1.0,1.0,127.99498559391328,credit_card,0.0
eee6d785-4902-4e98-b4d5-6885c6caef66,churn_7405336f,Test City,XX,delivered,2026-07-27 01:43:17,2026-07-27,2026-07,01,2026-07-26 01:43:17,2026-07-26 01:43:17,-1.0,1.0,123.90394235775275,credit_card,0.0
00128847-693d-4366-967b-8f80c2872cfe,churn_20279547,Test City,XX,delivered,2026-07-27 01:43:17,2026-07-27,2026-07,01,2026-07-26 01:43:17,2026-07-26 01:43:17,-1.0,1.0,64.06772706650605,credit_card,0.0
d471e572-f725-44fa-bd5b-411ee6984e86,churn_06227023,Test City,XX,delivered,2026-07-27 01:43:17,2026-07-27,2026-07,01,2026-07-26 01:43:17,2026-07-26 01:43:17,-1.0,1.0,77.35007412815321,credit_card,0.0
06088835-011c-475e-a4df-0bb7fdf7bb64,churn_c3ec4f9e,Test City,XX,delivered,2026-07-27 01:43:17,2026-07-27,2026-07,01,2026-07-26 01:43:17,2026-07-26 01:43:17,-1.0,1.0,93.4404809484659,credit_card,0.0
5ef191b2-c7f9-466b-b4ec-f77754f09db9,churn_ce0c0186,Test City,XX,delivered,2026-07-27 00:43:17,2026-07-27,2026-07,00,2026-07-26 00:43:17,2026-07-26 00:43:17,-1.0,1.0,69.34669910512328,credit_card,0.0
a71f2b27-3181-4778-8477-ab7dad4ef3b7,churn_1e43af4d,Test City,XX,delivered,2026-07-27 00:43:17,2026-07-27,2026-07,00,2026-07-26 00:43:17,2026-07-26 00:43:17,-1.0,1.0,72.73639938320368,credit_card,0.0
6fff54b8-b687-413b-8f1b-c2624906379b,churn_a514e19e,Test City,XX,delivered,2026-07-27 00:43:17,2026-07-27,2026-07,00,2026-07-26 00:43:17,2026-07-26 00:43:17,-1.0,1.0,103.15520309463903,credit_card,0.0
4ebc42fa-7c9d-474a-b6c6-0be991c2262b,retained_a30f102e,Test City,XX,delivered,2026-07-26 23:43:17,2026-07-26,2026-07,23,2026-07-25 23:43:17,2026-07-25 23:43:17,-1.0,1.0,112.90514641355696,credit_card,0.0
e2db9b85-f520-4033-98bf-42a68f5e6c88,churn_ce0c0186,Test City,XX,delivered,2026-07-26 23:43:17,2026-07-26,2026-07,23,2026-07-25 23:43:17,2026-07-25 23:43:17,-1.0,1.0,67.35844415483935,credit_card,0.0
acdc5cde-ba6a-47f4-a13e-969fa05e1a80,churn_34fd0b90,Test City,XX,delivered,2026-07-26 23:43:17,2026-07-26,2026-07,23,2026-07-25 23:43:17,2026-07-25 23:43:17,-1.0,1.0,135.2840208903757,credit_card,0.0
11ffbf9e-6ba1-4b6e-85a1-bc0906fe9226,churn_1fc93694,Test City,XX,delivered,2026-07-26 23:43:17,2026-07-26,2026-07,23,2026-07-25 23:43:17,2026-07-25 23:43:17,-1.0,1.0,139.3539868166937,credit_card,0.0
04d597aa-fb58-405c-b54c-53294bd5e619,churn_f9f2644d,Test City,XX,delivered,2026-07-26 23:43:17,2026-07-26,2026-07,23,2026-07-25 23:43:17,2026-07-25 23:43:17,-1.0,1.0,54.05832890765752,credit_card,0.0
aea37a00-5141-4c26-b3a6-f373d3fad921,churn_b6dc4dd5,Test City,XX,delivered,2026-07-26 23:43:17,2026-07-26,2026-07,23,2026-07-25 23:43:17,2026-07-25 23:43:17,-1.0,1.0,126.86251404918097,credit_card,0.0
19526ca7-b089-4018-b62c-076d449fe568,churn_8724e6c8,Test City,XX,delivered,2026-07-26 23:43:17,2026-07-26,2026-07,23,2026-07-25 23:43:17,2026-07-25 23:43:17,-1.0,1.0,90.45582964219038,credit_card,0.0
c21f9714-de8b-4b18-9ca0-32aae17f70d0,churn_3d7f4d01,Test City,XX,delivered,2026-07-26 10:43:17,2026-07-26,2026-07,10,2026-07-25 10:43:17,2026-07-25 10:43:17,-1.0,1.0,76.67120899745903,credit_card,0.0
7d531a2b-87c6-4ff6-bd2d-caf7ac2873ee,churn_8f7115b1,Test City,XX,delivered,2026-07-26 10:43:17,2026-07-26,2026-07,10,2026-07-25 10:43:17,2026-07-25 10:43:17,-1.0,1.0,74.79830546299098,credit_card,0.0
a7e8c19a-c3b7-4206-b234-15827b50494c,churn_f1a37a0d,Test City,XX,delivered,2026-07-26 10:43:17,2026-07-26,2026-07,10,2026-07-25 10:43:17,2026-07-25 10:43:17,-1.0,1.0,105.03772218949385,credit_card,0.0
c8683613-14e6-4812-aa38-6d29a46e754b,churn_48bd03d9,Test City,XX,delivered,2026-07-26 10:43:17,2026-07-26,2026-07,10,2026-07-25 10:43:17,2026-07-25 10:43:17,-1.0,1.0,135.52500974745382,credit_card,0.0
bf5e4e18-8624-47b2-b3bc-6bd2a2feaeff,churn_bb7df041,Test City,XX,delivered,2026-07-26 10:43:17,2026-07-26,2026-07,10,2026-07-25 10:43:17,2026-07-25 10:43:17,-1.0,1.0,117.08976089785293,credit_card,0.0
057b9220-f7b4-4944-9e26-1d597044ebc6,retained_22fd584d,Test City,XX,delivered,2026-07-26 09:43:17,2026-07-26,2026-07,09,2026-07-25 09:43:17,2026-07-25 09:43:17,-1.0,1.0,100.56638182758931,credit_card,0.0
111ee9ed-300d-41be-b7eb-aa4d655ba259,retained_39ac8b88,Test City,XX,delivered,2026-07-26 09:43:17,2026-07-26,2026-07,09,2026-07-25 09:43:17,2026-07-25 09:43:17,-1.0,1.0,129.84466294219305,credit_card,0.0
4d7140c9-1481-416f-bf3c-b6ca79ff8c01,retained_e9bf1d7c,Test City,XX,delivered,2026-07-26 09:43:17,2026-07-26,2026-07,09,2026-07-25 09:43:17,2026-07-25 09:43:17,-1.0,1.0,145.9336195986005,credit_card,0.0
99ae0d63-8be5-4352-a529-1e2c19b3ba0b,churn_a27cd18f,Test City,XX,delivered,2026-07-26 09:43:17,2026-07-26,2026-07,09,2026-07-25 09:43:17,2026-07-25 09:43:17,-1.0,1.0,60.167122633042695,credit_card,0.0
4ce4c151-d2ed-4c44-b652-318d9ec010e2,churn_0d1132a4,Test City,XX,delivered,2026-07-26 09:43:17,2026-07-26,2026-07,09,2026-07-25 09:43:17,2026-07-25 09:43:17,-1.0,1.0,96.8752018335059,credit_card,0.0
3ffe692a-586c-4685-ba4c-d284b509a925,retained_134cb3e5,Test City,XX,delivered,2026-07-26 08:43:17,2026-07-26,2026-07,08,2026-07-25 08:43:17,2026-07-25 08:43:17,-1.0,1.0,129.5869846084188,credit_card,0.0
356d3d93-034e-4aa0-b7b8-35ca68c74bbc,retained_504f8ef5,Test City,XX,delivered,2026-07-26 08:43:17,2026-07-26,2026-07,08,2026-07-25 08:43:17,2026-07-25 08:43:17,-1.0,1.0,55.02718670550587,credit_card,0.0
bf92629e-c431-48fd-867e-1901318903b7,churn_1dca85ab,Test City,XX,delivered,2026-07-26 08:43:17,2026-07-26,2026-07,08,2026-07-25 08:43:17,2026-07-25 08:43:17,-1.0,1.0,127.15735219711787,credit_card,0.0
dfde7b88-3e31-4632-bef9-6b9fd16fc481,churn_e92b0abe,Test City,XX,delivered,2026-07-26 08:43:17,2026-07-26,2026-07,08,2026-07-25 08:43:17,2026-07-25 08:43:17,-1.0,1.0,67.020766995547,credit_card,0.0
6c421c3e-1ca9-4575-8d76-381998bcf89e,churn_6e702565,Test City,XX,delivered,2026-07-26 08:43:17,2026-07-26,2026-07,08,2026-07-25 08:43:17,2026-07-25 08:43:17,-1.0,1.0,127.80747579823488,credit_card,0.0
85ff0f89-1cd6-4bdc-9304-890b851b1313,retained_1841395c,Test City,XX,delivered,2026-07-26 07:43:17,2026-07-26,2026-07,07,2026-07-25 07:43:17,2026-07-25 07:43:17,-1.0,1.0,68.06307856966222,credit_card,0.0
4c5984ae-c054-40df-9b7f-483ed5e239a9,retained_e196a14a,Test City,XX,delivered,2026-07-26 07:43:17,2026-07-26,2026-07,07,2026-07-25 07:43:17,2026-07-25 07:43:17,-1.0,1.0,146.84395568372128,credit_card,0.0
2f99e9f0-e529-4d63-b9d2-0e3f2f68c3ff,churn_930ada3d,Test City,XX,delivered,2026-07-26 07:43:17,2026-07-26,2026-07,07,2026-07-25 07:43:17,2026-07-25 07:43:17,-1.0,1.0,109.58613153006237,credit_card,0.0
9515fd2a-a1a3-4c90-b444-91ed10d58bf8,churn_4ed47577,Test City,XX,delivered,2026-07-26 07:43:17,2026-07-26,2026-07,07,2026-07-25 07:43:17,2026-07-25 07:43:17,-1.0,1.0,89.91330885959958,credit_card,0.0
ffbb703f-5480-4ddb-8e06-a5789182e4ea,churn_47f93544,Test City,XX,delivered,2026-07-26 06:43:17,2026-07-26,2026-07,06,2026-07-25 06:43:17,2026-07-25 06:43:17,-1.0,1.0,63.894145272008494,credit_card,0.0
a9c223ff-959a-4e8d-a6db-758131ad60a0,churn_5180459f,Test City,XX,delivered,2026-07-26 06:43:17,2026-07-26,2026-07,06,2026-07-25 06:43:17,2026-07-25 06:43:17,-1.0,1.0,128.74142835648593,credit_card,0.0
a585fcc6-9224-40c6-89d9-3bfae779bdd9,churn_3a0967a7,Test City,XX,delivered,2026-07-26 06:43:17,2026-07-26,2026-07,06,2026-07-25 06:43:17,2026-07-25 06:43:17,-1.0,1.0,145.67096845338313,credit_card,0.0
dc5c6418-d58d-4496-b64a-1d62355db79a,churn_46a7870b,Test City,XX,delivered,2026-07-26 06:43:17,2026-07-26,2026-07,06,2026-07-25 06:43:17,2026-07-25 06:43:17,-1.0,1.0,148.8575445770361,credit_card,0.0
b42de624-8d51-4d19-a226-4e8baf46f3f4,churn_4c0d4460,Test City,XX,delivered,2026-07-26 06:43:17,2026-07-26,2026-07,06,2026-07-25 06:43:17,2026-07-25 06:43:17,-1.0,1.0,53.71406943861267,credit_card,0.0
2c3af988-ec44-40ed-97ff-3de03e5b6080,churn_c9f5facb,Test City,XX,delivered,2026-07-26 05:43:17,2026-07-26,2026-07,05,2026-07-25 05:43:17,2026-07-25 05:43:17,-1.0,1.0,141.03567642246463,credit_card,0.0
cb071520-de71-461e-a8ec-6214f6fc9c97,churn_24d9b5ad,Test City,XX,delivered,2026-07-26 05:43:17,2026-07-26,2026-07,05,2026-07-25 05:43:17,2026-07-25 05:43:17,-1.0,1.0,126.69917136208932,credit_card,0.0
ec77751b-d05f-482c-8c40-e1e513e39244,churn_2f94e288,Test City,XX,delivered,2026-07-26 05:43:17,2026-07-26,2026-07,05,2026-07-25 05:43:17,2026-07-25 05:43:17,-1.0,1.0,83.97045821750284,credit_card,0.0
ac2d3040-2672-49ca-a7f8-24a46cb61d5e,retained_99c6879c,Test City,XX,delivered,2026-07-26 04:43:17,2026-07-26,2026-07,04,2026-07-25 04:43:17,2026-07-25 04:43:17,-1.0,1.0,66.86305478588878,credit_card,0.0
a2ca93ab-fa66-460b-8cbb-795fd2a6cfa4,churn_fd6ed0b4,Test City,XX,delivered,2026-07-26 04:43:17,2026-07-26,2026-07,04,2026-07-25 04:43:17,2026-07-25 04:43:17,-1.0,1.0,53.008154312981645,credit_card,0.0
2b24b664-76f6-4300-a842-ee616334ce87,churn_d7efa9f0,Test City,XX,delivered,2026-07-26 04:43:17,2026-07-26,2026-07,04,2026-07-25 04:43:17,2026-07-25 04:43:17,-1.0,1.0,102.82818862932,credit_card,0.0
e498c3a7-6040-4b41-8fc9-10a771efa05d,churn_173fb31a,Test City,XX,delivered,2026-07-26 04:43:17,2026-07-26,2026-07,04,2026-07-25 04:43:17,2026-07-25 04:43:17,-1.0,1.0,112.36482185782981,credit_card,0.0
4244cbb6-9d49-4bf8-b507-aaac34f66524,churn_a9baaa83,Test City,XX,delivered,2026-07-26 03:43:17,2026-07-26,2026-07,03,2026-07-25 03:43:17,2026-07-25 03:43:17,-1.0,1.0,59.95206447137912,credit_card,0.0
9bd8fb1a-c848-48c9-8c3f-a2d31c7b3199,churn_4cded099,Test City,XX,delivered,2026-07-26 02:43:17,2026-07-26,2026-07,02,2026-07-25 02:43:17,2026-07-25 02:43:17,-1.0,1.0,63.726650000422964,credit_card,0.0
ae7160e3-0eca-4dba-a7b7-e947b2bc7432,churn_4dce624e,Test City,XX,delivered,2026-07-26 02:43:17,2026-07-26,2026-07,02,2026-07-25 02:43:17,2026-07-25 02:43:17,-1.0,1.0,74.18962191806816,credit_card,0.0
2795e7e1-2373-4ffd-bc26-6b6f563b9004,churn_f4a2747f,Test City,XX,delivered,2026-07-26 02:43:17,2026-07-26,2026-07,02,2026-07-25 02:43:17,2026-07-25 02:43:17,-1.0,1.0,75.26392120478852,credit_card,0.0
77ee90d3-c4bb-4f15-8497-76f2d4d083ae,churn_917864e2,Test City,XX,delivered,2026-07-26 02:43:17,2026-07-26,2026-07,02,2026-07-25 02:43:17,2026-07-25 02:43:17,-1.0,1.0,139.24342903954505,credit_card,0.0
1cbfbdc2-b7db-4e74-92d8-8c9143701d79,churn_36068885,Test City,XX,delivered,2026-07-26 02:43:17,2026-07-26,2026-07,02,2026-07-25 02:43:17,2026-07-25 02:43:17,-1.0,1.0,51.254076375025846,credit_card,0.0
49740919-e820-4783-b47a-57af3b8d0290,retained_b10daef7,Test City,XX,delivered,2026-07-26 01:43:17,2026-07-26,2026-07,01,2026-07-25 01:43:17,2026-07-25 01:43:17,-1.0,1.0,134.14957404924598,credit_card,0.0
7f4bb291-8222-4f5f-805d-b5df3d672132,churn_86a09bd4,Test City,XX,delivered,2026-07-26 01:43:17,2026-07-26,2026-07,01,2026-07-25 01:43:17,2026-07-25 01:43:17,-1.0,1.0,53.0040681715641,credit_card,0.0
d0a8fcaa-1102-4c98-85e4-eb41414bd350,churn_efc5a4f8,Test City,XX,delivered,2026-07-26 01:43:17,2026-07-26,2026-07,01,2026-07-25 01:43:17,2026-07-25 01:43:17,-1.0,1.0,103.25186749930926,credit_card,0.0
42805b9e-0fe7-4857-b23f-80d8eb306d5d,churn_9132e9a4,Test City,XX,delivered,2026-07-26 01:43:17,2026-07-26,2026-07,01,2026-07-25 01:43:17,2026-07-25 01:43:17,-1.0,1.0,144.9751621205482,credit_card,0.0
9c7c7c21-611a-4bf3-b705-295307aae377,churn_780a5287,Test City,XX,delivered,2026-07-26 00:43:17,2026-07-26,2026-07,00,2026-07-25 00:43:17,2026-07-25 00:43:17,-1.0,1.0,85.18905843253391,credit_card,0.0
2a453c0d-77b9-41df-973c-35c2975c4f8b,churn_a387ee54,Test City,XX,delivered,2026-07-26 00:43:17,2026-07-26,2026-07,00,2026-07-25 00:43:17,2026-07-25 00:43:17,-1.0,1.0,106.58313577292063,credit_card,0.0
45b66f9f-9dd3-41d9-aac2-4c600a11296f,retained_055031b6,Test City,XX,delivered,2026-07-25 23:43:17,2026-07-25,2026-07,23,2026-07-24 23:43:17,2026-07-24 23:43:17,-1.0,1.0,111.25664931323654,credit_card,0.0
f2b277b2-e64c-427b-ba22-5a01e82cd530,retained_21ab9004,Test City,XX,delivered,2026-07-25 23:43:17,2026-07-25,2026-07,23,2026-07-24 23:43:17,2026-07-24 23:43:17,-1.0,1.0,87.46244861989042,credit_card,0.0
fb8d6e9a-a16d-4e91-b55a-9faa8ae097a3,churn_4d51705a,Test City,XX,delivered,2026-07-25 10:43:17,2026-07-25,2026-07,10,2026-07-24 10:43:17,2026-07-24 10:43:17,-1.0,1.0,107.82997721145546,credit_card,0.0
bdc21975-52b6-481b-ba7d-5a19e6520eb4,churn_0997a224,Test City,XX,delivered,2026-07-25 10:43:17,2026-07-25,2026-07,10,2026-07-24 10:43:17,2026-07-24 10:43:17,-1.0,1.0,134.27845707387573,credit_card,0.0
d43af1f4-e724-40fb-abe9-fe974f927f59,churn_8c589100,Test City,XX,delivered,2026-07-25 10:43:17,2026-07-25,2026-07,10,2026-07-24 10:43:17,2026-07-24 10:43:17,-1.0,1.0,71.11757792251456,credit_card,0.0
5d53ad1d-39ae-4b35-9f55-4d0470b93449,churn_b8664dc5,Test City,XX,delivered,2026-07-25 10:43:17,2026-07-25,2026-07,10,2026-07-24 10:43:17,2026-07-24 10:43:17,-1.0,1.0,130.47325338354892,credit_card,0.0
f731288c-eb7a-4ecc-a3c6-9618eaf6ec15,churn_05ccb735,Test City,XX,delivered,2026-07-25 09:43:17,2026-07-25,2026-07,09,2026-07-24 09:43:17,2026-07-24 09:43:17,-1.0,1.0,129.50683835453975,credit_card,0.0
a62e5dbc-53db-4b9a-a186-917302587e34,churn_780a5287,Test City,XX,delivered,2026-07-25 09:43:17,2026-07-25,2026-07,09,2026-07-24 09:43:17,2026-07-24 09:43:17,-1.0,1.0,101.9519367643753,credit_card,0.0
17e33eb2-7660-48f5-a9c6-66623a499fc9,churn_b7bab15e,Test City,XX,delivered,2026-07-25 09:43:17,2026-07-25,2026-07,09,2026-07-24 09:43:17,2026-07-24 09:43:17,-1.0,1.0,141.2980035180178,credit_card,0.0
7eb0632b-6c12-4b13-8c9a-bab9393ecda3,churn_590b961a,Test City,XX,delivered,2026-07-25 09:43:17,2026-07-25,2026-07,09,2026-07-24 09:43:17,2026-07-24 09:43:17,-1.0,1.0,114.03376074300617,credit_card,0.0
1ada081d-c805-4c1b-b82f-e5930ae80e1c,churn_936ef07a,Test City,XX,delivered,2026-07-25 09:43:17,2026-07-25,2026-07,09,2026-07-24 09:43:17,2026-07-24 09:43:17,-1.0,1.0,51.069453942453876,credit_card,0.0
06361b41-c54e-491c-b97f-218a2e680b54,retained_772ec7d5,Test City,XX,delivered,2026-07-25 08:43:17,2026-07-25,2026-07,08,2026-07-24 08:43:17,2026-07-24 08:43:17,-1.0,1.0,93.50362721675319,credit_card,0.0
a6594ab5-d932-47cd-93ba-c2b7b268f5c6,retained_dcda570e,Test City,XX,delivered,2026-07-25 08:43:17,2026-07-25,2026-07,08,2026-07-24 08:43:17,2026-07-24 08:43:17,-1.0,1.0,120.02264344781224,credit_card,0.0
e4fae66d-4787-4197-85b3-310eaa931f9a,churn_64da17f0,Test City,XX,delivered,2026-07-25 08:43:17,2026-07-25,2026-07,08,2026-07-24 08:43:17,2026-07-24 08:43:17,-1.0,1.0,149.50808107685822,credit_card,0.0
99fb558e-39cc-4b1d-9bdb-dfd57112a4c3,churn_2e4c3835,Test City,XX,delivered,2026-07-25 08:43:17,2026-07-25,2026-07,08,2026-07-24 08:43:17,2026-07-24 08:43:17,-1.0,1.0,106.7150844706052,credit_card,0.0
ccaded1e-48b8-463c-ada5-6727401d86a1,churn_1a9a738a,Test City,XX,delivered,2026-07-25 08:43:17,2026-07-25,2026-07,08,2026-07-24 08:43:17,2026-07-24 08:43:17,-1.0,1.0,77.1417903386358,credit_card,0.0
bc4bd9d8-b988-444c-910b-5cb886dfde73,churn_fc7216d4,Test City,XX,delivered,2026-07-25 08:43:17,2026-07-25,2026-07,08,2026-07-24 08:43:17,2026-07-24 08:43:17,-1.0,1.0,76.12552783237565,credit_card,0.0
81d757aa-eb91-49cf-a249-598a7e4e677e,retained_9ebd70be,Test City,XX,delivered,2026-07-25 06:43:17,2026-07-25,2026-07,06,2026-07-24 06:43:17,2026-07-24 06:43:17,-1.0,1.0,124.36870490520337,credit_card,0.0
1c439f5e-65a2-4256-9d26-562508c6cce1,churn_7d2ceb72,Test City,XX,delivered,2026-07-25 06:43:17,2026-07-25,2026-07,06,2026-07-24 06:43:17,2026-07-24 06:43:17,-1.0,1.0,147.8363992506102,credit_card,0.0
c9393585-19fe-40da-801e-7b6fef99a73d,churn_ae82b0c1,Test City,XX,delivered,2026-07-25 06:43:17,2026-07-25,2026-07,06,2026-07-24 06:43:17,2026-07-24 06:43:17,-1.0,1.0,144.07803353917922,credit_card,0.0
67457f44-dca2-4d1b-9d7f-cfae85afc4c5,churn_e78fda1e,Test City,XX,delivered,2026-07-25 06:43:17,2026-07-25,2026-07,06,2026-07-24 06:43:17,2026-07-24 06:43:17,-1.0,1.0,62.780590040038845,credit_card,0.0
b4fd4a5c-a521-4891-a2b1-16c013bb3ad9,churn_f803b53e,Test City,XX,delivered,2026-07-25 06:43:17,2026-07-25,2026-07,06,2026-07-24 06:43:17,2026-07-24 06:43:17,-1.0,1.0,80.07189656657107,credit_card,0.0
69a715b3-6201-4b7d-b05e-d67bc1eb12a9,retained_dfa6226a,Test City,XX,delivered,2026-07-25 05:43:17,2026-07-25,2026-07,05,2026-07-24 05:43:17,2026-07-24 05:43:17,-1.0,1.0,118.5029208268061,credit_card,0.0
15ac8d45-76cc-47c2-b744-55d75aa36283,churn_b8664dc5,Test City,XX,delivered,2026-07-25 05:43:17,2026-07-25,2026-07,05,2026-07-24 05:43:17,2026-07-24 05:43:17,-1.0,1.0,90.83207715315032,credit_card,0.0
abb867e2-7ca9-44ba-b75c-3fe1da2ae8bb,churn_99354ab0,Test City,XX,delivered,2026-07-25 05:43:17,2026-07-25,2026-07,05,2026-07-24 05:43:17,2026-07-24 05:43:17,-1.0,1.0,76.37379892573344,credit_card,0.0
e44c9393-e31c-41c1-96d9-588645830658,retained_3ac36a39,Test City,XX,delivered,2026-07-25 04:43:17,2026-07-25,2026-07,04,2026-07-24 04:43:17,2026-07-24 04:43:17,-1.0,1.0,86.47689942986639,credit_card,0.0
866e5bb5-7dc0-4d94-b34a-8bf6bd708618,churn_3a813169,Test City,XX,delivered,2026-07-25 04:43:17,2026-07-25,2026-07,04,2026-07-24 04:43:17,2026-07-24 04:43:17,-1.0,1.0,103.20138420713843,credit_card,0.0
e19a49d8-237c-498e-8f47-ca858497cc30,retained_8d5ef729,Test City,XX,delivered,2026-07-25 02:43:17,2026-07-25,2026-07,02,2026-07-24 02:43:17,2026-07-24 02:43:17,-1.0,1.0,134.63507196074616,credit_card,0.0
7c91d44f-7a51-48db-921e-8deb8d681359,retained_e6c17b5e,Test City,XX,delivered,2026-07-25 02:43:17,2026-07-25,2026-07,02,2026-07-24 02:43:17,2026-07-24 02:43:17,-1.0,1.0,105.74912429620716,credit_card,0.0
c957e327-c9a4-4324-b25d-d8ee81a995e1,churn_bb31973d,Test City,XX,delivered,2026-07-25 02:43:17,2026-07-25,2026-07,02,2026-07-24 02:43:17,2026-07-24 02:43:17,-1.0,1.0,113.61404091114483,credit_card,0.0
de80f90d-1db3-45d2-8407-0a582778a881,churn_193290ec,Test City,XX,delivered,2026-07-25 02:43:17,2026-07-25,2026-07,02,2026-07-24 02:43:17,2026-07-24 02:43:17,-1.0,1.0,72.86404976069808,credit_card,0.0
d3effcc7-a6c6-4fba-8e76-0d4554cb5d39,churn_bd816344,Test City,XX,delivered,2026-07-25 02:43:17,2026-07-25,2026-07,02,2026-07-24 02:43:17,2026-07-24 02:43:17,-1.0,1.0,107.28025640551044,credit_card,0.0
d9a7dc09-ffe1-48da-ae5a-b41b8b4a91a7,churn_5a27d5f7,Test City,XX,delivered,2026-07-25 02:43:17,2026-07-25,2026-07,02,2026-07-24 02:43:17,2026-07-24 02:43:17,-1.0,1.0,133.79292979459512,credit_card,0.0
8d302089-42a7-4dc3-bd76-71a52e31b157,retained_c20b9b87,Test City,XX,delivered,2026-07-25 01:43:17,2026-07-25,2026-07,01,2026-07-24 01:43:17,2026-07-24 01:43:17,-1.0,1.0,66.96664363255195,credit_card,0.0
b8a3e9f8-5dba-4811-bdf9-a2d1176a39c9,churn_bcd530c6,Test City,XX,delivered,2026-07-25 01:43:17,2026-07-25,2026-07,01,2026-07-24 01:43:17,2026-07-24 01:43:17,-1.0,1.0,111.81117034428473,credit_card,0.0
a6e8be75-07ff-423b-b4d6-e9fc540406fc,churn_5ca00440,Test City,XX,delivered,2026-07-25 01:43:17,2026-07-25,2026-07,01,2026-07-24 01:43:17,2026-07-24 01:43:17,-1.0,1.0,93.60969259086593,credit_card,0.0
9616ea87-70c3-4ffa-b917-cf561f3326ec,churn_7e914b6c,Test City,XX,delivered,2026-07-25 00:43:17,2026-07-25,2026-07,00,2026-07-24 00:43:17,2026-07-24 00:43:17,-1.0,1.0,116.21087626446804,credit_card,0.0
cf7b49de-5b90-49a2-91c1-5eaccd267b09,churn_12b32d6c,Test City,XX,delivered,2026-07-25 00:43:17,2026-07-25,2026-07,00,2026-07-24 00:43:17,2026-07-24 00:43:17,-1.0,1.0,124.34945120797852,credit_card,0.0
37de8a06-1218-45ee-b67c-97c3ffc68013,churn_5e57e4ec,Test City,XX,delivered,2026-07-25 00:43:17,2026-07-25,2026-07,00,2026-07-24 00:43:17,2026-07-24 00:43:17,-1.0,1.0,88.28520102017922,credit_card,0.0
ec08110c-0018-433f-9386-822ba7b8b32f,churn_ea8e6d12,Test City,XX,delivered,2026-07-25 00:43:17,2026-07-25,2026-07,00,2026-07-24 00:43:17,2026-07-24 00:43:17,-1.0,1.0,145.26892769773522,credit_card,0.0
a7c0d48d-2f0e-4747-8848-70d70d81a0aa,churn_e55e0450,Test City,XX,delivered,2026-07-25 00:43:17,2026-07-25,2026-07,00,2026-07-24 00:43:17,2026-07-24 00:43:17,-1.0,1.0,146.92833652671993,credit_card,0.0
038d5618-5e71-4f21-b0bb-92efdca5dafd,retained_1383acf6,Test City,XX,delivered,2026-07-24 23:43:17,2026-07-24,2026-07,23,2026-07-23 23:43:17,2026-07-23 23:43:17,-1.0,1.0,57.696982523527595,credit_card,0.0
a9224e88-cb78-40fa-a996-77e0109946e1,retained_a3e35c09,Test City,XX,delivered,2026-07-24 23:43:17,2026-07-24,2026-07,23,2026-07-23 23:43:17,2026-07-23 23:43:17,-1.0,1.0,98.07871357109337,credit_card,0.0
1fa50825-f162-4e9b-acf8-d2bd7e42c4c3,churn_37203b57,Test City,XX,delivered,2026-07-24 23:43:17,2026-07-24,2026-07,23,2026-07-23 23:43:17,2026-07-23 23:43:17,-1.0,1.0,58.33930350829857,credit_card,0.0
baf550e3-f011-443a-905f-18cd817b36fc,churn_366e0795,Test City,XX,delivered,2026-07-24 23:43:17,2026-07-24,2026-07,23,2026-07-23 23:43:17,2026-07-23 23:43:17,-1.0,1.0,129.3042604001628,credit_card,0.0
b23b9eac-310e-4658-b5d5-196b846cff54,churn_c6f0cdda,Test City,XX,delivered,2026-07-24 23:43:17,2026-07-24,2026-07,23,2026-07-23 23:43:17,2026-07-23 23:43:17,-1.0,1.0,70.49927130943126,credit_card,0.0
57c5db15-92fd-415a-9624-446e2148d37a,churn_d0d204bb,Test City,XX,delivered,2026-07-24 23:43:17,2026-07-24,2026-07,23,2026-07-23 23:43:17,2026-07-23 23:43:17,-1.0,1.0,112.83614029793318,credit_card,0.0
f6cc5b5c-25d4-4842-8dad-4b332b3f81d5,retained_ccc28068,Test City,XX,delivered,2026-07-24 10:43:17,2026-07-24,2026-07,10,2026-07-23 10:43:17,2026-07-23 10:43:17,-1.0,1.0,144.538060170387,credit_card,0.0
8dfa5429-2fba-4c21-9d1e-17f57907765e,churn_bd92c56c,Test City,XX,delivered,2026-07-24 10:43:17,2026-07-24,2026-07,10,2026-07-23 10:43:17,2026-07-23 10:43:17,-1.0,1.0,122.722529991688,credit_card,0.0
6be70995-e778-4096-8b90-ca2664f894bc,churn_a7809315,Test City,XX,delivered,2026-07-24 10:43:17,2026-07-24,2026-07,10,2026-07-23 10:43:17,2026-07-23 10:43:17,-1.0,1.0,149.31355838760342,credit_card,0.0
de59577b-64dc-4dce-b7e0-ea484ba78936,churn_4c42875a,Test City,XX,delivered,2026-07-24 10:43:17,2026-07-24,2026-07,10,2026-07-23 10:43:17,2026-07-23 10:43:17,-1.0,1.0,110.08997770671664,credit_card,0.0
16c249b8-5cae-432b-a13f-91b9ad4204b7,churn_e1ea5b24,Test City,XX,delivered,2026-07-24 10:43:17,2026-07-24,2026-07,10,2026-07-23 10:43:17,2026-07-23 10:43:17,-1.0,1.0,142.06142754590053,credit_card,0.0
aaeb0cd4-3683-4820-a131-53fdb8c017a4,churn_ba492a03,Test City,XX,delivered,2026-07-24 09:43:17,2026-07-24,2026-07,09,2026-07-23 09:43:17,2026-07-23 09:43:17,-1.0,1.0,56.520792579757824,credit_card,0.0
07f41f27-223d-480a-987b-845423774c3e,churn_1909141b,Test City,XX,delivered,2026-07-24 09:43:17,2026-07-24,2026-07,09,2026-07-23 09:43:17,2026-07-23 09:43:17,-1.0,1.0,98.98159508486046,credit_card,0.0
145227b4-0e69-4606-b33a-0871383250d7,churn_b708ac7c,Test City,XX,delivered,2026-07-24 09:43:17,2026-07-24,2026-07,09,2026-07-23 09:43:17,2026-07-23 09:43:17,-1.0,1.0,112.42217131024196,credit_card,0.0
6193886f-5268-44b7-a0fd-4fc0c10d3f7f,churn_0bcedee1,Test City,XX,delivered,2026-07-24 09:43:17,2026-07-24,2026-07,09,2026-07-23 09:43:17,2026-07-23 09:43:17,-1.0,1.0,58.70251271456458,credit_card,0.0
a4611e24-b053-46d1-9a89-f985de68f1e7,retained_24e0b3fa,Test City,XX,delivered,2026-07-24 08:43:17,2026-07-24,2026-07,08,2026-07-23 08:43:17,2026-07-23 08:43:17,-1.0,1.0,103.92744224041581,credit_card,0.0
d1a27911-da05-4191-adfe-8769d13cb7a6,churn_eba9e396,Test City,XX,delivered,2026-07-24 08:43:17,2026-07-24,2026-07,08,2026-07-23 08:43:17,2026-07-23 08:43:17,-1.0,1.0,118.60630252501494,credit_card,0.0
7fa96ee4-a24f-46b8-81c4-fd6a6285be75,churn_200b4f83,Test City,XX,delivered,2026-07-24 08:43:17,2026-07-24,2026-07,08,2026-07-23 08:43:17,2026-07-23 08:43:17,-1.0,1.0,81.34111048348159,credit_card,0.0
78999b55-ee82-4707-91c2-d0bc9074aaf0,churn_2903478d,Test City,XX,delivered,2026-07-24 08:43:17,2026-07-24,2026-07,08,2026-07-23 08:43:17,2026-07-23 08:43:17,-1.0,1.0,61.79866777484817,credit_card,0.0
b4b31903-5812-4319-8d27-ecf8511a413e,churn_6abc8d87,Test City,XX,delivered,2026-07-24 08:43:17,2026-07-24,2026-07,08,2026-07-23 08:43:17,2026-07-23 08:43:17,-1.0,1.0,72.08822102409212,credit_card,0.0
b930bb5f-1f8e-4cb1-b663-5002db1d226b,retained_f4b339fa,Test City,XX,delivered,2026-07-24 07:43:17,2026-07-24,2026-07,07,2026-07-23 07:43:17,2026-07-23 07:43:17,-1.0,1.0,108.80513160331644,credit_card,0.0
eeab9c22-1c43-49fc-929c-deacbd47ef4c,churn_140f8adb,Test City,XX,delivered,2026-07-24 07:43:17,2026-07-24,2026-07,07,2026-07-23 07:43:17,2026-07-23 07:43:17,-1.0,1.0,82.6287382796141,credit_card,0.0
21f2a6e3-89e6-4c56-bcc0-f526de930d75,churn_ff1cbdb4,Test City,XX,delivered,2026-07-24 07:43:17,2026-07-24,2026-07,07,2026-07-23 07:43:17,2026-07-23 07:43:17,-1.0,1.0,72.66738411282137,credit_card,0.0
15e4cb3e-a80e-45b9-8bae-65d9e468bca8,churn_8eaa0a79,Test City,XX,delivered,2026-07-24 07:43:17,2026-07-24,2026-07,07,2026-07-23 07:43:17,2026-07-23 07:43:17,-1.0,1.0,97.81008649015436,credit_card,0.0
cda079a5-ee74-4e15-83bf-da3e4f58fe0b,churn_1f570025,Test City,XX,delivered,2026-07-24 07:43:17,2026-07-24,2026-07,07,2026-07-23 07:43:17,2026-07-23 07:43:17,-1.0,1.0,109.39837547833807,credit_card,0.0
1ac7a4d3-faa9-4370-93f8-d608e2415549,churn_af53570a,Test City,XX,delivered,2026-07-24 07:43:17,2026-07-24,2026-07,07,2026-07-23 07:43:17,2026-07-23 07:43:17,-1.0,1.0,59.774316554764304,credit_card,0.0
c3a602b4-cee4-42eb-9f64-4411d3840380,churn_8acf2648,Test City,XX,delivered,2026-07-24 07:43:17,2026-07-24,2026-07,07,2026-07-23 07:43:17,2026-07-23 07:43:17,-1.0,1.0,91.59317133878633,credit_card,0.0
7e0c25f3-faae-44ec-bc34-c10dcbb0acff,retained_62805440,Test City,XX,delivered,2026-07-24 06:43:17,2026-07-24,2026-07,06,2026-07-23 06:43:17,2026-07-23 06:43:17,-1.0,1.0,122.12272340610396,credit_card,0.0
37721b1a-902c-4514-94a9-366a1ea1b2c5,retained_6769a39f,Test City,XX,delivered,2026-07-24 06:43:17,2026-07-24,2026-07,06,2026-07-23 06:43:17,2026-07-23 06:43:17,-1.0,1.0,58.747119463095046,credit_card,0.0
78c3bd30-e9fe-4ff0-b37f-1a40f108d248,retained_1a91b784,Test City,XX,delivered,2026-07-24 06:43:17,2026-07-24,2026-07,06,2026-07-23 06:43:17,2026-07-23 06:43:17,-1.0,1.0,126.78861333194595,credit_card,0.0
0b0ed6b3-8629-42c2-9ab0-749231ca4789,churn_f80cf725,Test City,XX,delivered,2026-07-24 06:43:17,2026-07-24,2026-07,06,2026-07-23 06:43:17,2026-07-23 06:43:17,-1.0,1.0,67.33972705920323,credit_card,0.0
01d4e8b2-03a2-4614-9ea7-6af4595fa9b1,churn_d0a7ef22,Test City,XX,delivered,2026-07-24 06:43:17,2026-07-24,2026-07,06,2026-07-23 06:43:17,2026-07-23 06:43:17,-1.0,1.0,94.10858461545271,credit_card,0.0
44f79e3a-948a-43aa-b39f-db5ac2c02ea7,retained_eae24b15,Test City,XX,delivered,2026-07-24 05:43:17,2026-07-24,2026-07,05,2026-07-23 05:43:17,2026-07-23 05:43:17,-1.0,1.0,124.05892445500547,credit_card,0.0
4649d78a-33af-41be-acf3-492f88e66694,churn_c332cdd6,Test City,XX,delivered,2026-07-24 05:43:17,2026-07-24,2026-07,05,2026-07-23 05:43:17,2026-07-23 05:43:17,-1.0,1.0,68.94990565525381,credit_card,0.0
c74a13d0-4656-44b1-aa46-5defce2fb81a,churn_f4264b4d,Test City,XX,delivered,2026-07-24 05:43:17,2026-07-24,2026-07,05,2026-07-23 05:43:17,2026-07-23 05:43:17,-1.0,1.0,72.94069973817273,credit_card,0.0
eedb8c34-3603-4aa4-99f2-6c64899dfc02,churn_b0b88a07,Test City,XX,delivered,2026-07-24 05:43:17,2026-07-24,2026-07,05,2026-07-23 05:43:17,2026-07-23 05:43:17,-1.0,1.0,65.47385867100908,credit_card,0.0
a3cdb765-97f7-4ad5-8ba6-3679cba3c22a,churn_9579205c,Test City,XX,delivered,2026-07-24 05:43:17,2026-07-24,2026-07,05,2026-07-23 05:43:17,2026-07-23 05:43:17,-1.0,1.0,136.5506424089844,credit_card,0.0
2b86d873-60e9-4b14-82ca-45e9eddf2cf2,churn_b7bab15e,Test City,XX,delivered,2026-07-24 05:43:17,2026-07-24,2026-07,05,2026-07-23 05:43:17,2026-07-23 05:43:17,-1.0,1.0,83.4395622979577,credit_card,0.0
53af87ec-9373-4372-9cfd-6a27be3e57c0,retained_1a9a79b0,Test City,XX,delivered,2026-07-24 04:43:17,2026-07-24,2026-07,04,2026-07-23 04:43:17,2026-07-23 04:43:17,-1.0,1.0,78.84402155819889,credit_card,0.0
44ea438a-687f-4fed-be08-db6167cc08c2,churn_92a5dd98,Test City,XX,delivered,2026-07-24 04:43:17,2026-07-24,2026-07,04,2026-07-23 04:43:17,2026-07-23 04:43:17,-1.0,1.0,90.91057921025316,credit_card,0.0
09f8883d-c3ab-4986-b0da-f29758a562b4,churn_67bacc92,Test City,XX,delivered,2026-07-24 04:43:17,2026-07-24,2026-07,04,2026-07-23 04:43:17,2026-07-23 04:43:17,-1.0,1.0,90.39407050612209,credit_card,0.0
3ccb2b66-dec9-40d9-8444-93b8e41fd07b,churn_5187cdcf,Test City,XX,delivered,2026-07-24 04:43:17,2026-07-24,2026-07,04,2026-07-23 04:43:17,2026-07-23 04:43:17,-1.0,1.0,65.11831164311306,credit_card,0.0
69d7e3c6-097d-407a-ab04-ba384817b16f,churn_b3de1244,Test City,XX,delivered,2026-07-24 04:43:17,2026-07-24,2026-07,04,2026-07-23 04:43:17,2026-07-23 04:43:17,-1.0,1.0,116.2083954110058,credit_card,0.0
f189cd59-0c3b-4790-88b5-7469a3919eb9,retained_3daadc74,Test City,XX,delivered,2026-07-24 03:43:17,2026-07-24,2026-07,03,2026-07-23 03:43:17,2026-07-23 03:43:17,-1.0,1.0,82.0143509748576,credit_card,0.0
7948d134-fe5b-4eee-a745-bdb810b47196,churn_92a5dd98,Test City,XX,delivered,2026-07-24 03:43:17,2026-07-24,2026-07,03,2026-07-23 03:43:17,2026-07-23 03:43:17,-1.0,1.0,113.73918581326348,credit_card,0.0
2db8b1f2-e224-4827-87fe-9b0fae21fb83,churn_141a19b3,Test City,XX,delivered,2026-07-24 03:43:17,2026-07-24,2026-07,03,2026-07-23 03:43:17,2026-07-23 03:43:17,-1.0,1.0,138.65761234808681,credit_card,0.0
797b7068-5ae9-45d3-bdd1-dabeabf1853d,churn_60319e49,Test City,XX,delivered,2026-07-24 03:43:17,2026-07-24,2026-07,03,2026-07-23 03:43:17,2026-07-23 03:43:17,-1.0,1.0,76.86847591542234,credit_card,0.0
70f31af1-5abb-4121-b8e3-d9cad4727ff7,retained_27b4c840,Test City,XX,delivered,2026-07-24 02:43:17,2026-07-24,2026-07,02,2026-07-23 02:43:17,2026-07-23 02:43:17,-1.0,1.0,97.99276640421974,credit_card,0.0
eb96e09c-d133-4495-b5f4-fa5fa9b20338,retained_16d3bfa1,Test City,XX,delivered,2026-07-24 02:43:17,2026-07-24,2026-07,02,2026-07-23 02:43:17,2026-07-23 02:43:17,-1.0,1.0,95.83943324524742,credit_card,0.0
dc5e0f91-2746-4d8c-9841-caa6ad417858,churn_26af9b04,Test City,XX,delivered,2026-07-24 02:43:17,2026-07-24,2026-07,02,2026-07-23 02:43:17,2026-07-23 02:43:17,-1.0,1.0,59.00872755069585,credit_card,0.0
981c8b9c-0e15-4955-89f5-40b31e02739a,churn_8d39e695,Test City,XX,delivered,2026-07-24 02:43:17,2026-07-24,2026-07,02,2026-07-23 02:43:17,2026-07-23 02:43:17,-1.0,1.0,148.1021047569842,credit_card,0.0
ff2494d4-78cf-4854-a3f8-029573316165,churn_a469fa12,Test City,XX,delivered,2026-07-24 01:43:17,2026-07-24,2026-07,01,2026-07-23 01:43:17,2026-07-23 01:43:17,-1.0,1.0,68.97772615252508,credit_card,0.0
6b00ab05-3d69-4490-b79e-e6aea794227e,churn_bda5e129,Test City,XX,delivered,2026-07-24 01:43:17,2026-07-24,2026-07,01,2026-07-23 01:43:17,2026-07-23 01:43:17,-1.0,1.0,115.75882033146661,credit_card,0.0
26649135-79d9-40a0-893d-6ff3cca8a7d0,churn_bda5e129,Test City,XX,delivered,2026-07-24 01:43:17,2026-07-24,2026-07,01,2026-07-23 01:43:17,2026-07-23 01:43:17,-1.0,1.0,139.46857001094475,credit_card,0.0
bd000b76-4587-42fd-9119-28098e4c078a,churn_761bc794,Test City,XX,delivered,2026-07-24 01:43:17,2026-07-24,2026-07,01,2026-07-23 01:43:17,2026-07-23 01:43:17,-1.0,1.0,84.89133708916368,credit_card,0.0
da6ff0e6-f8ca-4f91-8b03-211a1a692007,retained_1560c479,Test City,XX,delivered,2026-07-24 00:43:17,2026-07-24,2026-07,00,2026-07-23 00:43:17,2026-07-23 00:43:17,-1.0,1.0,75.17646011761128,credit_card,0.0
5783eba0-b5a6-4d73-9743-08acc4ded4c8,retained_ce4a17a1,Test City,XX,delivered,2026-07-24 00:43:17,2026-07-24,2026-07,00,2026-07-23 00:43:17,2026-07-23 00:43:17,-1.0,1.0,52.194542904146715,credit_card,0.0
1d06b5cd-c559-4654-98bc-988469e08406,churn_dbe98c51,Test City,XX,delivered,2026-07-24 00:43:17,2026-07-24,2026-07,00,2026-07-23 00:43:17,2026-07-23 00:43:17,-1.0,1.0,122.45357182014506,credit_card,0.0
753b5d08-7209-4bc0-8c1e-620e5bd5e319,churn_589a0873,Test City,XX,delivered,2026-07-24 00:43:17,2026-07-24,2026-07,00,2026-07-23 00:43:17,2026-07-23 00:43:17,-1.0,1.0,59.977572599833465,credit_card,0.0
b2252f3b-56a1-4312-814f-fa24f5daef9f,churn_ec02e7de,Test City,XX,delivered,2026-07-24 00:43:17,2026-07-24,2026-07,00,2026-07-23 00:43:17,2026-07-23 00:43:17,-1.0,1.0,142.4475968035228,credit_card,0.0
a78cfa7b-41bf-48ef-bf56-770b310c28fd,churn_9517fa74,Test City,XX,delivered,2026-07-23 23:43:17,2026-07-23,2026-07,23,2026-07-22 23:43:17,2026-07-22 23:43:17,-1.0,1.0,57.571009632817535,credit_card,0.0
392d6327-adf3-4949-a18d-5b94d3c7b55d,retained_30f5fb7f,Test City,XX,delivered,2026-07-23 10:43:17,2026-07-23,2026-07,10,2026-07-22 10:43:17,2026-07-22 10:43:17,-1.0,1.0,58.26462706707337,credit_card,0.0
577549ad-1646-418d-ab67-a1ca4c74f4c6,churn_73c0ccf5,Test City,XX,delivered,2026-07-23 10:43:17,2026-07-23,2026-07,10,2026-07-22 10:43:17,2026-07-22 10:43:17,-1.0,1.0,146.7762466646878,credit_card,0.0
e6adf069-706a-4157-bc53-f8f541df7313,churn_2abe4531,Test City,XX,delivered,2026-07-23 10:43:17,2026-07-23,2026-07,10,2026-07-22 10:43:17,2026-07-22 10:43:17,-1.0,1.0,65.53252421435866,credit_card,0.0
fc24854a-d271-46fb-975a-2c021360d02b,churn_a433bfe6,Test City,XX,delivered,2026-07-23 10:43:17,2026-07-23,2026-07,10,2026-07-22 10:43:17,2026-07-22 10:43:17,-1.0,1.0,111.84373928318703,credit_card,0.0
f214bbfd-0199-4d77-8aba-c1642149248e,churn_b7bb362f,Test City,XX,delivered,2026-07-23 10:43:17,2026-07-23,2026-07,10,2026-07-22 10:43:17,2026-07-22 10:43:17,-1.0,1.0,71.10259744622408,credit_card,0.0
7cf22625-4102-4062-86a7-732608c57fe5,churn_82c4d0c5,Test City,XX,delivered,2026-07-23 10:43:17,2026-07-23,2026-07,10,2026-07-22 10:43:17,2026-07-22 10:43:17,-1.0,1.0,141.7881952842228,credit_card,0.0
a9bed05d-baf9-4734-8058-3ae903d56fbd,churn_20c8fc9e,Test City,XX,delivered,2026-07-23 09:43:17,2026-07-23,2026-07,09,2026-07-22 09:43:17,2026-07-22 09:43:17,-1.0,1.0,73.811431707013,credit_card,0.0
295dfdc9-0fdc-475d-839c-deff70cd47f7,churn_71afaaf4,Test City,XX,delivered,2026-07-23 08:43:17,2026-07-23,2026-07,08,2026-07-22 08:43:17,2026-07-22 08:43:17,-1.0,1.0,147.1089987422403,credit_card,0.0
72551ae9-f925-4841-baaf-a689288ff26d,churn_902771a3,Test City,XX,delivered,2026-07-23 08:43:17,2026-07-23,2026-07,08,2026-07-22 08:43:17,2026-07-22 08:43:17,-1.0,1.0,106.83140845437174,credit_card,0.0
77527f22-439c-4a97-94b2-f77e4efc1ba7,retained_e10238e5,Test City,XX,delivered,2026-07-23 07:43:17,2026-07-23,2026-07,07,2026-07-22 07:43:17,2026-07-22 07:43:17,-1.0,1.0,95.50510128610694,credit_card,0.0
c44e3e05-200b-40bd-81dd-5e661e882896,churn_5eacb6b5,Test City,XX,delivered,2026-07-23 07:43:17,2026-07-23,2026-07,07,2026-07-22 07:43:17,2026-07-22 07:43:17,-1.0,1.0,95.77482853395051,credit_card,0.0
c1e6a118-be73-44aa-a1b9-ce7c42de1925,churn_943f7dab,Test City,XX,delivered,2026-07-23 07:43:17,2026-07-23,2026-07,07,2026-07-22 07:43:17,2026-07-22 07:43:17,-1.0,1.0,116.57801044848166,credit_card,0.0
f4477358-41d2-4bd5-82e3-1d87b35bdbe4,churn_9132e9a4,Test City,XX,delivered,2026-07-23 07:43:17,2026-07-23,2026-07,07,2026-07-22 07:43:17,2026-07-22 07:43:17,-1.0,1.0,111.12735016978733,credit_card,0.0
aba243f0-cde1-48e9-99e8-04db9b1a454a,retained_787e6d92,Test City,XX,delivered,2026-07-23 06:43:17,2026-07-23,2026-07,06,2026-07-22 06:43:17,2026-07-22 06:43:17,-1.0,1.0,58.694553665246914,credit_card,0.0
867f159a-c002-4efa-b11c-4f336d00bafb,churn_6d4bfcb9,Test City,XX,delivered,2026-07-23 06:43:17,2026-07-23,2026-07,06,2026-07-22 06:43:17,2026-07-22 06:43:17,-1.0,1.0,79.31526524119366,credit_card,0.0
cbaf4ffb-9f1f-46c7-af65-336812dbfcf2,churn_312dd0ef,Test City,XX,delivered,2026-07-23 06:43:17,2026-07-23,2026-07,06,2026-07-22 06:43:17,2026-07-22 06:43:17,-1.0,1.0,103.31637365421378,credit_card,0.0
741db2c7-fe02-41f9-8d28-ea2f2ba84c94,churn_97960f50,Test City,XX,delivered,2026-07-23 06:43:17,2026-07-23,2026-07,06,2026-07-22 06:43:17,2026-07-22 06:43:17,-1.0,1.0,115.85348017361595,credit_card,0.0
70e8aac2-4bd4-47ed-a41d-2d9bc74f7569,churn_678219e9,Test City,XX,delivered,2026-07-23 06:43:17,2026-07-23,2026-07,06,2026-07-22 06:43:17,2026-07-22 06:43:17,-1.0,1.0,105.68081114673751,credit_card,0.0
7ed1f49f-bfac-4ef5-92cc-b4f1da5a9009,churn_dae4360f,Test City,XX,delivered,2026-07-23 05:43:17,2026-07-23,2026-07,05,2026-07-22 05:43:17,2026-07-22 05:43:17,-1.0,1.0,113.80611348613317,credit_card,0.0
e891473e-3b2c-405e-8459-69b125dadfad,churn_7eab749a,Test City,XX,delivered,2026-07-23 05:43:17,2026-07-23,2026-07,05,2026-07-22 05:43:17,2026-07-22 05:43:17,-1.0,1.0,144.38335903608902,credit_card,0.0
f9e096d5-db3a-4ec5-b93a-9e7c3dea7acd,retained_db3a92c9,Test City,XX,delivered,2026-07-23 04:43:17,2026-07-23,2026-07,04,2026-07-22 04:43:17,2026-07-22 04:43:17,-1.0,1.0,71.7681373842812,credit_card,0.0
16ffb00a-49e4-4a2b-be19-d123485a77d7,churn_b2df8c67,Test City,XX,delivered,2026-07-23 04:43:17,2026-07-23,2026-07,04,2026-07-22 04:43:17,2026-07-22 04:43:17,-1.0,1.0,94.20349689751829,credit_card,0.0
9754d68b-a1f1-432f-83f1-6126f8ed8db1,churn_006d1e0d,Test City,XX,delivered,2026-07-23 04:43:17,2026-07-23,2026-07,04,2026-07-22 04:43:17,2026-07-22 04:43:17,-1.0,1.0,146.45156549211998,credit_card,0.0
b99a97fa-4c44-4f6f-80fc-4a9006693fa2,churn_4e4c2462,Test City,XX,delivered,2026-07-23 04:43:17,2026-07-23,2026-07,04,2026-07-22 04:43:17,2026-07-22 04:43:17,-1.0,1.0,141.05761842802048,credit_card,0.0
a0434689-5362-4c97-85a0-c679d4fabf0d,churn_9e481505,Test City,XX,delivered,2026-07-23 04:43:17,2026-07-23,2026-07,04,2026-07-22 04:43:17,2026-07-22 04:43:17,-1.0,1.0,142.45528899968338,credit_card,0.0
98c69cc8-a506-440d-b0ee-9548b003e8f9,churn_f54cd037,Test City,XX,delivered,2026-07-23 04:43:17,2026-07-23,2026-07,04,2026-07-22 04:43:17,2026-07-22 04:43:17,-1.0,1.0,89.48442464593472,credit_card,0.0
319dff58-f204-45e7-bc88-771eb5f2c6dc,churn_ee551ff9,Test City,XX,delivered,2026-07-23 03:43:17,2026-07-23,2026-07,03,2026-07-22 03:43:17,2026-07-22 03:43:17,-1.0,1.0,137.17696371418896,credit_card,0.0
058d696a-a835-4ebb-9d97-b7596236cc56,churn_02d2b279,Test City,XX,delivered,2026-07-23 03:43:17,2026-07-23,2026-07,03,2026-07-22 03:43:17,2026-07-22 03:43:17,-1.0,1.0,88.07083316240316,credit_card,0.0
7b50ff47-bf55-4d0b-82ce-1307fec3021b,retained_0a8f572e,Test City,XX,delivered,2026-07-23 02:43:17,2026-07-23,2026-07,02,2026-07-22 02:43:17,2026-07-22 02:43:17,-1.0,1.0,116.99514656690832,credit_card,0.0
ae9eeaef-0c16-4fd5-8fa8-44ed41166d33,retained_cbd6ccb9,Test City,XX,delivered,2026-07-23 02:43:17,2026-07-23,2026-07,02,2026-07-22 02:43:17,2026-07-22 02:43:17,-1.0,1.0,56.07280779117795,credit_card,0.0
66152dc7-c006-4824-b4df-6512650b4a40,retained_62ea579a,Test City,XX,delivered,2026-07-23 02:43:17,2026-07-23,2026-07,02,2026-07-22 02:43:17,2026-07-22 02:43:17,-1.0,1.0,75.74725191120801,credit_card,0.0
4a830d4d-8392-41c8-8bb8-a26762525d66,retained_27b4c840,Test City,XX,delivered,2026-07-23 02:43:17,2026-07-23,2026-07,02,2026-07-22 02:43:17,2026-07-22 02:43:17,-1.0,1.0,114.41051065276024,credit_card,0.0
0075743e-b1b7-41af-b2d0-470ab9ade42d,retained_36b5bf0b,Test City,XX,delivered,2026-07-23 02:43:17,2026-07-23,2026-07,02,2026-07-22 02:43:17,2026-07-22 02:43:17,-1.0,1.0,139.44646144233917,credit_card,0.0
272f70c0-2e68-4550-8120-3286457934bd,churn_c0f93e3b,Test City,XX,delivered,2026-07-23 02:43:17,2026-07-23,2026-07,02,2026-07-22 02:43:17,2026-07-22 02:43:17,-1.0,1.0,112.65638909857037,credit_card,0.0
f34d200a-58e1-4c90-92e9-f46fcc732697,churn_34977b10,Test City,XX,delivered,2026-07-23 02:43:17,2026-07-23,2026-07,02,2026-07-22 02:43:17,2026-07-22 02:43:17,-1.0,1.0,97.60253898091884,credit_card,0.0
15f079a2-88d1-4c33-8036-17c84f35a601,churn_60d5fdd9,Test City,XX,delivered,2026-07-23 02:43:17,2026-07-23,2026-07,02,2026-07-22 02:43:17,2026-07-22 02:43:17,-1.0,1.0,117.28145043765232,credit_card,0.0
8d31d0ad-af29-4dc5-94f3-e06905fd3246,churn_ae82b0c1,Test City,XX,delivered,2026-07-23 02:43:17,2026-07-23,2026-07,02,2026-07-22 02:43:17,2026-07-22 02:43:17,-1.0,1.0,120.09555620958612,credit_card,0.0
e5e86698-83b4-4c4a-9935-e2316e38a9a5,churn_677730db,Test City,XX,delivered,2026-07-23 02:43:17,2026-07-23,2026-07,02,2026-07-22 02:43:17,2026-07-22 02:43:17,-1.0,1.0,104.74599734668833,credit_card,0.0
f15c7c87-9c06-4164-b10e-db63da1eae0e,churn_08aa8171,Test City,XX,delivered,2026-07-23 01:43:17,2026-07-23,2026-07,01,2026-07-22 01:43:17,2026-07-22 01:43:17,-1.0,1.0,80.58221961812876,credit_card,0.0
23a17711-cd1d-415c-abce-6ff16fc4ab84,churn_85b2c26e,Test City,XX,delivered,2026-07-23 01:43:17,2026-07-23,2026-07,01,2026-07-22 01:43:17,2026-07-22 01:43:17,-1.0,1.0,77.24795763980958,credit_card,0.0
e949b9cd-ad30-42ae-a653-4d37bdb04156,churn_69a7eeeb,Test City,XX,delivered,2026-07-23 01:43:17,2026-07-23,2026-07,01,2026-07-22 01:43:17,2026-07-22 01:43:17,-1.0,1.0,90.84377256927355,credit_card,0.0
a768d665-8cfd-470f-a2f6-988adbc88180,churn_e245d421,Test City,XX,delivered,2026-07-23 01:43:17,2026-07-23,2026-07,01,2026-07-22 01:43:17,2026-07-22 01:43:17,-1.0,1.0,90.61794260129524,credit_card,0.0
c8479676-b36b-4774-a8fe-2780eca183ee,churn_25cbe98a,Test City,XX,delivered,2026-07-23 01:43:17,2026-07-23,2026-07,01,2026-07-22 01:43:17,2026-07-22 01:43:17,-1.0,1.0,149.53408557342618,credit_card,0.0
dd2df764-45ba-43aa-be6b-921052481c85,churn_41494ba3,Test City,XX,delivered,2026-07-23 00:43:17,2026-07-23,2026-07,00,2026-07-22 00:43:17,2026-07-22 00:43:17,-1.0,1.0,100.88285420707135,credit_card,0.0
95f27ac5-64db-412f-b586-f90282c38409,churn_b7681565,Test City,XX,delivered,2026-07-23 00:43:17,2026-07-23,2026-07,00,2026-07-22 00:43:17,2026-07-22 00:43:17,-1.0,1.0,128.79357926767233,credit_card,0.0
82ae6ddd-3211-4f95-9ba2-eefdac16e515,churn_18af11a4,Test City,XX,delivered,2026-07-23 00:43:17,2026-07-23,2026-07,00,2026-07-22 00:43:17,2026-07-22 00:43:17,-1.0,1.0,63.122988734250775,credit_card,0.0
8a4ee6fc-e8a7-4c07-98b2-32efe3e345bd,churn_a92b852e,Test City,XX,delivered,2026-07-23 00:43:17,2026-07-23,2026-07,00,2026-07-22 00:43:17,2026-07-22 00:43:17,-1.0,1.0,75.59819284769549,credit_card,0.0
ca01e97a-1a64-428f-a47f-9b2879ac78bd,churn_f983f8de,Test City,XX,delivered,2026-07-23 00:43:17,2026-07-23,2026-07,00,2026-07-22 00:43:17,2026-07-22 00:43:17,-1.0,1.0,76.4231048926274,credit_card,0.0
fcc79537-ed72-4b6d-ab43-e552b7dc0f9b,churn_2084f063,Test City,XX,delivered,2026-07-23 00:43:17,2026-07-23,2026-07,00,2026-07-22 00:43:17,2026-07-22 00:43:17,-1.0,1.0,147.29999451096873,credit_card,0.0
1fd4bfe9-4fb4-43b0-a279-340bad40f977,churn_3f69482b,Test City,XX,delivered,2026-07-23 00:43:17,2026-07-23,2026-07,00,2026-07-22 00:43:17,2026-07-22 00:43:17,-1.0,1.0,70.43888528252677,credit_card,0.0
80c03f24-e286-48d6-a3b5-f2a0a183aaac,retained_2d4c28a7,Test City,XX,delivered,2026-07-22 23:43:17,2026-07-22,2026-07,23,2026-07-21 23:43:17,2026-07-21 23:43:17,-1.0,1.0,83.83990924425079,credit_card,0.0
120f1b9d-8dd1-4d63-a375-56eb7ac0da99,churn_dbe98c51,Test City,XX,delivered,2026-07-22 23:43:17,2026-07-22,2026-07,23,2026-07-21 23:43:17,2026-07-21 23:43:17,-1.0,1.0,53.96709142117941,credit_card,0.0
57078bca-02aa-45ec-82f5-e8b44a93ca7b,churn_758f9aa3,Test City,XX,delivered,2026-07-22 23:43:17,2026-07-22,2026-07,23,2026-07-21 23:43:17,2026-07-21 23:43:17,-1.0,1.0,144.35621979603627,credit_card,0.0
402d94a4-6825-4a14-a1c5-c1b8717b6918,churn_da0d0ac9,Test City,XX,delivered,2026-07-22 10:43:17,2026-07-22,2026-07,10,2026-07-21 10:43:17,2026-07-21 10:43:17,-1.0,1.0,70.83240898529229,credit_card,0.0
b38e753c-10e7-42fd-b66a-6aa36b6b8a69,churn_ad83f598,Test City,XX,delivered,2026-07-22 10:43:17,2026-07-22,2026-07,10,2026-07-21 10:43:17,2026-07-21 10:43:17,-1.0,1.0,82.90628897518476,credit_card,0.0
1c4f3575-6730-4c8d-9b21-2c5c3e283b2f,churn_d84baa24,Test City,XX,delivered,2026-07-22 10:43:17,2026-07-22,2026-07,10,2026-07-21 10:43:17,2026-07-21 10:43:17,-1.0,1.0,59.81600729244578,credit_card,0.0
204796c6-28bd-46cc-9cf0-4284e86cda16,churn_95f8adbb,Test City,XX,delivered,2026-07-22 10:43:17,2026-07-22,2026-07,10,2026-07-21 10:43:17,2026-07-21 10:43:17,-1.0,1.0,86.4478493937354,credit_card,0.0
e6172428-fa99-4e5d-b7e2-ce4cfd755d48,churn_4055dccc,Test City,XX,delivered,2026-07-22 10:43:17,2026-07-22,2026-07,10,2026-07-21 10:43:17,2026-07-21 10:43:17,-1.0,1.0,58.28283589268859,credit_card,0.0
11cc9f0b-3eb6-47e4-be4f-323a16e3168d,churn_f8e6841d,Test City,XX,delivered,2026-07-22 10:43:17,2026-07-22,2026-07,10,2026-07-21 10:43:17,2026-07-21 10:43:17,-1.0,1.0,115.09478020725236,credit_card,0.0
680ef8cb-d341-42c0-9738-4fa9bfa33241,churn_ff973c0b,Test City,XX,delivered,2026-07-22 09:43:17,2026-07-22,2026-07,09,2026-07-21 09:43:17,2026-07-21 09:43:17,-1.0,1.0,73.65945090359924,credit_card,0.0
f28e1246-ceb2-406e-97ac-692ef684b718,churn_927ab441,Test City,XX,delivered,2026-07-22 09:43:17,2026-07-22,2026-07,09,2026-07-21 09:43:17,2026-07-21 09:43:17,-1.0,1.0,144.04189935100877,credit_card,0.0
1c5544c0-8600-49d6-8375-b2d49ff310f6,churn_006d1e0d,Test City,XX,delivered,2026-07-22 09:43:17,2026-07-22,2026-07,09,2026-07-21 09:43:17,2026-07-21 09:43:17,-1.0,1.0,127.65993830399925,credit_card,0.0
5caa1f8b-0d25-469b-b9ef-12d1141971d0,churn_7e8f0ca2,Test City,XX,delivered,2026-07-22 09:43:17,2026-07-22,2026-07,09,2026-07-21 09:43:17,2026-07-21 09:43:17,-1.0,1.0,86.67175203395685,credit_card,0.0
ffd48bcb-6a29-4017-9f35-6f4a7927b11f,churn_1e57ae83,Test City,XX,delivered,2026-07-22 09:43:17,2026-07-22,2026-07,09,2026-07-21 09:43:17,2026-07-21 09:43:17,-1.0,1.0,121.91460663551422,credit_card,0.0
4b8b35d7-8801-4285-9377-8aa97715325d,churn_5e51e852,Test City,XX,delivered,2026-07-22 08:43:17,2026-07-22,2026-07,08,2026-07-21 08:43:17,2026-07-21 08:43:17,-1.0,1.0,65.92982254959455,credit_card,0.0
f692bf02-e7a8-47be-9db5-656bbb8c3790,churn_f3d52019,Test City,XX,delivered,2026-07-22 08:43:17,2026-07-22,2026-07,08,2026-07-21 08:43:17,2026-07-21 08:43:17,-1.0,1.0,135.89753867904676,credit_card,0.0
987eae93-a521-4630-b783-5068cdd1b27d,churn_238e4a8d,Test City,XX,delivered,2026-07-22 07:43:17,2026-07-22,2026-07,07,2026-07-21 07:43:17,2026-07-21 07:43:17,-1.0,1.0,85.93427410442854,credit_card,0.0
43cc1276-a279-42cd-8eda-ee1c644a0121,churn_2ef3029d,Test City,XX,delivered,2026-07-22 07:43:17,2026-07-22,2026-07,07,2026-07-21 07:43:17,2026-07-21 07:43:17,-1.0,1.0,90.093735528639,credit_card,0.0
0788dbe4-ed6f-40bb-b992-b0b3a5bb303a,churn_f1a37a0d,Test City,XX,delivered,2026-07-22 07:43:17,2026-07-22,2026-07,07,2026-07-21 07:43:17,2026-07-21 07:43:17,-1.0,1.0,76.74126056195794,credit_card,0.0
b1c3224e-23b0-407a-b6a1-e1aa4ac83d86,retained_347257b8,Test City,XX,delivered,2026-07-22 06:43:17,2026-07-22,2026-07,06,2026-07-21 06:43:17,2026-07-21 06:43:17,-1.0,1.0,132.46680278238674,credit_card,0.0
94b5b5f4-0e31-465e-9189-6f4745b90496,retained_ad4663aa,Test City,XX,delivered,2026-07-22 06:43:17,2026-07-22,2026-07,06,2026-07-21 06:43:17,2026-07-21 06:43:17,-1.0,1.0,148.31973383108914,credit_card,0.0
d59f5fc0-a513-4453-a1bc-b4acd9fa4fe2,churn_5bf25cf3,Test City,XX,delivered,2026-07-22 06:43:17,2026-07-22,2026-07,06,2026-07-21 06:43:17,2026-07-21 06:43:17,-1.0,1.0,130.6359511309121,credit_card,0.0
12722e98-04f0-4f18-ad07-72691dbd7c7b,churn_ec02e7de,Test City,XX,delivered,2026-07-22 06:43:17,2026-07-22,2026-07,06,2026-07-21 06:43:17,2026-07-21 06:43:17,-1.0,1.0,58.28152827652664,credit_card,0.0
8a161b64-28c7-410f-86c5-9ef89c6be842,churn_8bb2a869,Test City,XX,delivered,2026-07-22 06:43:17,2026-07-22,2026-07,06,2026-07-21 06:43:17,2026-07-21 06:43:17,-1.0,1.0,134.2988367007215,credit_card,0.0
14b0978b-3129-4fde-ab28-ff3fd066c979,churn_875d3955,Test City,XX,delivered,2026-07-22 06:43:17,2026-07-22,2026-07,06,2026-07-21 06:43:17,2026-07-21 06:43:17,-1.0,1.0,119.10432536990238,credit_card,0.0
84bb3b23-cd4a-4a5c-a815-c83162a353c0,retained_be36b464,Test City,XX,delivered,2026-07-22 05:43:17,2026-07-22,2026-07,05,2026-07-21 05:43:17,2026-07-21 05:43:17,-1.0,1.0,123.11607584915352,credit_card,0.0
9d39511b-7cff-41a6-b9f2-0b5a2702a635,churn_1c0fe819,Test City,XX,delivered,2026-07-22 05:43:17,2026-07-22,2026-07,05,2026-07-21 05:43:17,2026-07-21 05:43:17,-1.0,1.0,108.15691156081344,credit_card,0.0
a5f46b21-2fc8-413f-a15e-f8d9898a9313,churn_a79b0436,Test City,XX,delivered,2026-07-22 05:43:17,2026-07-22,2026-07,05,2026-07-21 05:43:17,2026-07-21 05:43:17,-1.0,1.0,103.86807145733563,credit_card,0.0
39a3ca31-548f-4d0d-8c04-618bbd2fa338,churn_fe4c3e9a,Test City,XX,delivered,2026-07-22 04:43:17,2026-07-22,2026-07,04,2026-07-21 04:43:17,2026-07-21 04:43:17,-1.0,1.0,75.72475214442842,credit_card,0.0
bb61541f-d421-458d-860f-14d80c82755b,retained_f2a1fcc0,Test City,XX,delivered,2026-07-22 03:43:17,2026-07-22,2026-07,03,2026-07-21 03:43:17,2026-07-21 03:43:17,-1.0,1.0,98.51556543187716,credit_card,0.0
afcd8e2a-f6fe-4459-8100-f280acd3de8c,churn_bb31973d,Test City,XX,delivered,2026-07-22 03:43:17,2026-07-22,2026-07,03,2026-07-21 03:43:17,2026-07-21 03:43:17,-1.0,1.0,77.7937373901654,credit_card,0.0
3c99dccc-8e00-4870-ad66-a1b2ede071e3,churn_0b187f91,Test City,XX,delivered,2026-07-22 03:43:17,2026-07-22,2026-07,03,2026-07-21 03:43:17,2026-07-21 03:43:17,-1.0,1.0,133.40861063486705,credit_card,0.0
7079d810-b518-440e-b6c3-a9bccc36146f,churn_43a59b58,Test City,XX,delivered,2026-07-22 03:43:17,2026-07-22,2026-07,03,2026-07-21 03:43:17,2026-07-21 03:43:17,-1.0,1.0,85.62472675808328,credit_card,0.0
4ae1fda9-222b-4ebb-aab3-c82880c97fb7,churn_5bf25cf3,Test City,XX,delivered,2026-07-22 03:43:17,2026-07-22,2026-07,03,2026-07-21 03:43:17,2026-07-21 03:43:17,-1.0,1.0,83.01423453667331,credit_card,0.0
ccd0d884-88cd-4ad3-bb92-d12dba6c8ceb,churn_4ce93bb0,Test City,XX,delivered,2026-07-22 03:43:17,2026-07-22,2026-07,03,2026-07-21 03:43:17,2026-07-21 03:43:17,-1.0,1.0,64.13501785930868,credit_card,0.0
c125e477-0daa-427f-92df-8e15f57c031a,churn_de41f58e,Test City,XX,delivered,2026-07-22 02:43:17,2026-07-22,2026-07,02,2026-07-21 02:43:17,2026-07-21 02:43:17,-1.0,1.0,60.33375482778594,credit_card,0.0
371963da-6392-4880-8e9e-d70ee3d8e137,churn_6572b7a0,Test City,XX,delivered,2026-07-22 02:43:17,2026-07-22,2026-07,02,2026-07-21 02:43:17,2026-07-21 02:43:17,-1.0,1.0,65.49088022669656,credit_card,0.0
696613bb-a5a3-4237-9a56-426ac4e68455,churn_e1da0261,Test City,XX,delivered,2026-07-22 02:43:17,2026-07-22,2026-07,02,2026-07-21 02:43:17,2026-07-21 02:43:17,-1.0,1.0,90.09941665448915,credit_card,0.0
854e6418-e8b8-4eba-8be3-6e73a8a7b6b5,churn_04351786,Test City,XX,delivered,2026-07-22 02:43:17,2026-07-22,2026-07,02,2026-07-21 02:43:17,2026-07-21 02:43:17,-1.0,1.0,143.62313328772876,credit_card,0.0
670db1e6-c1c3-473f-b03a-dc83cb7230b0,churn_b6ef356e,Test City,XX,delivered,2026-07-22 02:43:17,2026-07-22,2026-07,02,2026-07-21 02:43:17,2026-07-21 02:43:17,-1.0,1.0,127.89510221228633,credit_card,0.0
cff95dc6-c4fc-447d-8b90-ffe7d19756c0,retained_799e56ea,Test City,XX,delivered,2026-07-22 01:43:17,2026-07-22,2026-07,01,2026-07-21 01:43:17,2026-07-21 01:43:17,-1.0,1.0,137.8518377787827,credit_card,0.0
864e41c5-9265-4b7e-9880-21cbf888df1f,retained_29cd6283,Test City,XX,delivered,2026-07-22 01:43:17,2026-07-22,2026-07,01,2026-07-21 01:43:17,2026-07-21 01:43:17,-1.0,1.0,75.28371467246677,credit_card,0.0
3191a7b5-63cd-4e6f-b6cd-00a8d1b89ecb,churn_2365b46e,Test City,XX,delivered,2026-07-22 01:43:17,2026-07-22,2026-07,01,2026-07-21 01:43:17,2026-07-21 01:43:17,-1.0,1.0,137.34318077394343,credit_card,0.0
a00b19e6-2e8e-4c3d-b182-39dc7ecb18f6,retained_3ac36a39,Test City,XX,delivered,2026-07-22 00:43:17,2026-07-22,2026-07,00,2026-07-21 00:43:17,2026-07-21 00:43:17,-1.0,1.0,104.98001923096643,credit_card,0.0
dd7cb814-e200-4218-81e5-d306ccc55ca4,churn_05d4b62b,Test City,XX,delivered,2026-07-22 00:43:17,2026-07-22,2026-07,00,2026-07-21 00:43:17,2026-07-21 00:43:17,-1.0,1.0,73.88282543679856,credit_card,0.0
3d4afff5-b59d-4632-aca8-a3df18c2f065,churn_fd22594b,Test City,XX,delivered,2026-07-21 23:43:17,2026-07-21,2026-07,23,2026-07-20 23:43:17,2026-07-20 23:43:17,-1.0,1.0,149.53634208172673,credit_card,0.0
197e4edc-f345-4510-808b-8e7e10cd7beb,churn_1e43af4d,Test City,XX,delivered,2026-07-21 23:43:17,2026-07-21,2026-07,23,2026-07-20 23:43:17,2026-07-20 23:43:17,-1.0,1.0,105.38388456681332,credit_card,0.0
9f0a9343-31c3-42f8-9e90-97ac5b8bb263,churn_4d320b80,Test City,XX,delivered,2026-07-21 23:43:17,2026-07-21,2026-07,23,2026-07-20 23:43:17,2026-07-20 23:43:17,-1.0,1.0,64.37236975251261,credit_card,0.0
16e1243d-ce1b-49cd-9189-a756a3b179c5,retained_f9d4de8e,Test City,XX,delivered,2026-07-21 10:43:17,2026-07-21,2026-07,10,2026-07-20 10:43:17,2026-07-20 10:43:17,-1.0,1.0,146.21960062324,credit_card,0.0
1f7edfc8-2a4f-4377-944e-5c35d28fa335,retained_3384b7ce,Test City,XX,delivered,2026-07-21 10:43:17,2026-07-21,2026-07,10,2026-07-20 10:43:17,2026-07-20 10:43:17,-1.0,1.0,95.25701991793233,credit_card,0.0
3d04ad5a-7305-495d-965f-339cbbce3e21,retained_6fb8d563,Test City,XX,delivered,2026-07-21 10:43:17,2026-07-21,2026-07,10,2026-07-20 10:43:17,2026-07-20 10:43:17,-1.0,1.0,60.798196432619136,credit_card,0.0
d62b4871-76ad-43ad-b0ff-a56226402eff,churn_39699d13,Test City,XX,delivered,2026-07-21 10:43:17,2026-07-21,2026-07,10,2026-07-20 10:43:17,2026-07-20 10:43:17,-1.0,1.0,130.79409789788542,credit_card,0.0
dd94814d-b019-42d3-8370-c25a8c85e445,churn_4183b7fb,Test City,XX,delivered,2026-07-21 10:43:17,2026-07-21,2026-07,10,2026-07-20 10:43:17,2026-07-20 10:43:17,-1.0,1.0,137.29874473324966,credit_card,0.0
20151ce2-5683-4c48-a479-16f2654cf91a,churn_2cc86f21,Test City,XX,delivered,2026-07-21 10:43:17,2026-07-21,2026-07,10,2026-07-20 10:43:17,2026-07-20 10:43:17,-1.0,1.0,54.60006163430595,credit_card,0.0
04c1da20-3147-45ec-8933-c3756a635f45,churn_565f0af3,Test City,XX,delivered,2026-07-21 10:43:17,2026-07-21,2026-07,10,2026-07-20 10:43:17,2026-07-20 10:43:17,-1.0,1.0,61.70509111570662,credit_card,0.0
16cd2aaf-c3d0-4392-a618-f7a2d9e1463d,churn_8879ba5e,Test City,XX,delivered,2026-07-21 10:43:17,2026-07-21,2026-07,10,2026-07-20 10:43:17,2026-07-20 10:43:17,-1.0,1.0,133.38812570336995,credit_card,0.0
6e606ad6-9ec3-43e6-8fae-bdae5bc9c97e,retained_45b772e9,Test City,XX,delivered,2026-07-21 09:43:17,2026-07-21,2026-07,09,2026-07-20 09:43:17,2026-07-20 09:43:17,-1.0,1.0,102.83431838974359,credit_card,0.0
27e6ada2-ca7c-4262-b5fd-0c8d93e16367,churn_56db1e03,Test City,XX,delivered,2026-07-21 09:43:17,2026-07-21,2026-07,09,2026-07-20 09:43:17,2026-07-20 09:43:17,-1.0,1.0,107.21423403709227,credit_card,0.0
da7bed10-6017-403a-ab5a-489b1410c6e0,churn_c2275d78,Test City,XX,delivered,2026-07-21 09:43:17,2026-07-21,2026-07,09,2026-07-20 09:43:17,2026-07-20 09:43:17,-1.0,1.0,59.5844238179496,credit_card,0.0
7eb5ad06-781c-462c-8fa0-580a57a72d57,churn_86a360e1,Test City,XX,delivered,2026-07-21 08:43:17,2026-07-21,2026-07,08,2026-07-20 08:43:17,2026-07-20 08:43:17,-1.0,1.0,108.75635895032323,credit_card,0.0
57b8367e-0cb1-435e-a58a-091fa914328f,churn_06337b0f,Test City,XX,delivered,2026-07-21 08:43:17,2026-07-21,2026-07,08,2026-07-20 08:43:17,2026-07-20 08:43:17,-1.0,1.0,113.27937911281265,credit_card,0.0
a86494c5-ca4f-49bc-bfef-f8b495cffea4,churn_585ba6f1,Test City,XX,delivered,2026-07-21 08:43:17,2026-07-21,2026-07,08,2026-07-20 08:43:17,2026-07-20 08:43:17,-1.0,1.0,105.37677799110176,credit_card,0.0
7e4c6ad0-2096-4406-b253-2a5eaaeae373,churn_de5c1fb1,Test City,XX,delivered,2026-07-21 07:43:17,2026-07-21,2026-07,07,2026-07-20 07:43:17,2026-07-20 07:43:17,-1.0,1.0,112.31116550682053,credit_card,0.0
71c6f267-eed3-4c7e-9866-e4eaeb1987fb,churn_a6e30d8c,Test City,XX,delivered,2026-07-21 07:43:17,2026-07-21,2026-07,07,2026-07-20 07:43:17,2026-07-20 07:43:17,-1.0,1.0,110.34278359722171,credit_card,0.0
40928e2b-f07a-44ee-b760-1c502733ca73,churn_62b57812,Test City,XX,delivered,2026-07-21 07:43:17,2026-07-21,2026-07,07,2026-07-20 07:43:17,2026-07-20 07:43:17,-1.0,1.0,97.08935679172178,credit_card,0.0
f39ef795-1cb9-49f2-a604-8bf97238a3a3,churn_06dd4480,Test City,XX,delivered,2026-07-21 07:43:17,2026-07-21,2026-07,07,2026-07-20 07:43:17,2026-07-20 07:43:17,-1.0,1.0,136.6548414356118,credit_card,0.0
eeca778f-473a-46ce-8a95-fb7e49b75c7b,churn_b9e8cf9e,Test City,XX,delivered,2026-07-21 07:43:17,2026-07-21,2026-07,07,2026-07-20 07:43:17,2026-07-20 07:43:17,-1.0,1.0,71.50352125163461,credit_card,0.0
38fd541a-f480-4426-84f5-21669896c2ec,retained_9fd0b117,Test City,XX,delivered,2026-07-21 06:43:17,2026-07-21,2026-07,06,2026-07-20 06:43:17,2026-07-20 06:43:17,-1.0,1.0,68.08977399693846,credit_card,0.0
5f09ba70-2458-4e93-b8e2-67281bb0d5dd,churn_440883de,Test City,XX,delivered,2026-07-21 06:43:17,2026-07-21,2026-07,06,2026-07-20 06:43:17,2026-07-20 06:43:17,-1.0,1.0,97.85067619110009,credit_card,0.0
046bba06-728a-4844-a36b-838bc0da54fb,churn_5cc25d68,Test City,XX,delivered,2026-07-21 06:43:17,2026-07-21,2026-07,06,2026-07-20 06:43:17,2026-07-20 06:43:17,-1.0,1.0,147.74298304951768,credit_card,0.0
0e90ec05-8ff5-4c2d-a067-39585462bad8,churn_58541795,Test City,XX,delivered,2026-07-21 06:43:17,2026-07-21,2026-07,06,2026-07-20 06:43:17,2026-07-20 06:43:17,-1.0,1.0,69.56678582219686,credit_card,0.0
4c45c19b-ba72-4350-a762-3b16b411748b,retained_55b1617a,Test City,XX,delivered,2026-07-21 05:43:17,2026-07-21,2026-07,05,2026-07-20 05:43:17,2026-07-20 05:43:17,-1.0,1.0,99.47336883600458,credit_card,0.0
7ebeb0c3-f6a9-451d-96fd-2007f98f4160,retained_874924ac,Test City,XX,delivered,2026-07-21 05:43:17,2026-07-21,2026-07,05,2026-07-20 05:43:17,2026-07-20 05:43:17,-1.0,1.0,107.5690970764216,credit_card,0.0
f015bc79-f2e9-4d67-9d8d-9921b07c9df7,churn_ef504691,Test City,XX,delivered,2026-07-21 05:43:17,2026-07-21,2026-07,05,2026-07-20 05:43:17,2026-07-20 05:43:17,-1.0,1.0,89.73396601984865,credit_card,0.0
3c38e60d-7218-44f5-a090-350a5f8d40bc,churn_4cded099,Test City,XX,delivered,2026-07-21 05:43:17,2026-07-21,2026-07,05,2026-07-20 05:43:17,2026-07-20 05:43:17,-1.0,1.0,68.17701322639988,credit_card,0.0
ddb378b9-5606-4b64-b23e-a225d9339eb3,churn_aa67e795,Test City,XX,delivered,2026-07-21 05:43:17,2026-07-21,2026-07,05,2026-07-20 05:43:17,2026-07-20 05:43:17,-1.0,1.0,140.88338598459475,credit_card,0.0
2fc403e4-4492-4388-aa46-bbf89616e539,churn_d9835dfc,Test City,XX,delivered,2026-07-21 05:43:17,2026-07-21,2026-07,05,2026-07-20 05:43:17,2026-07-20 05:43:17,-1.0,1.0,79.84726696417205,credit_card,0.0
f03d1609-ea46-4c37-97e8-b3cdb2acb1ff,churn_e245d421,Test City,XX,delivered,2026-07-21 05:43:17,2026-07-21,2026-07,05,2026-07-20 05:43:17,2026-07-20 05:43:17,-1.0,1.0,116.9942128841636,credit_card,0.0
14ba42e6-df84-4d55-904f-4551afa5f52e,churn_73e7c65b,Test City,XX,delivered,2026-07-21 05:43:17,2026-07-21,2026-07,05,2026-07-20 05:43:17,2026-07-20 05:43:17,-1.0,1.0,134.1512415253788,credit_card,0.0
62a51c87-31be-401d-b8bd-a8613e694dcb,retained_5ab5ce2c,Test City,XX,delivered,2026-07-21 04:43:17,2026-07-21,2026-07,04,2026-07-20 04:43:17,2026-07-20 04:43:17,-1.0,1.0,143.01913876273392,credit_card,0.0
f68950e2-9ffc-4be1-b834-f3f9276b6b6f,retained_06d36389,Test City,XX,delivered,2026-07-21 04:43:17,2026-07-21,2026-07,04,2026-07-20 04:43:17,2026-07-20 04:43:17,-1.0,1.0,120.15808958776071,credit_card,0.0
1ce4fa0a-6531-44b3-9813-c7886f450177,churn_9fe05c9b,Test City,XX,delivered,2026-07-21 04:43:17,2026-07-21,2026-07,04,2026-07-20 04:43:17,2026-07-20 04:43:17,-1.0,1.0,146.1278135471622,credit_card,0.0
dae6252f-e6e9-4f33-b224-4a301c858b63,churn_436c8a16,Test City,XX,delivered,2026-07-21 04:43:17,2026-07-21,2026-07,04,2026-07-20 04:43:17,2026-07-20 04:43:17,-1.0,1.0,105.96001084418592,credit_card,0.0
effc0ac4-67b7-46c4-ae33-168ff83ae593,churn_8d6bac03,Test City,XX,delivered,2026-07-21 04:43:17,2026-07-21,2026-07,04,2026-07-20 04:43:17,2026-07-20 04:43:17,-1.0,1.0,91.64133522381528,credit_card,0.0
9fcb59db-44af-4b3f-890c-ca00deb8e78e,churn_c9eedaa7,Test City,XX,delivered,2026-07-21 04:43:17,2026-07-21,2026-07,04,2026-07-20 04:43:17,2026-07-20 04:43:17,-1.0,1.0,103.92678044605583,credit_card,0.0
550a82d1-ae33-4ad5-bff2-9262dc52365a,churn_25eda0fa,Test City,XX,delivered,2026-07-21 04:43:17,2026-07-21,2026-07,04,2026-07-20 04:43:17,2026-07-20 04:43:17,-1.0,1.0,66.62720496683504,credit_card,0.0
b29340fd-f089-4f77-af36-4b892f347c0a,churn_d74a020f,Test City,XX,delivered,2026-07-21 04:43:17,2026-07-21,2026-07,04,2026-07-20 04:43:17,2026-07-20 04:43:17,-1.0,1.0,109.66026601166278,credit_card,0.0
a3bddefd-1697-41e9-a448-bece07b65eed,retained_b6592f36,Test City,XX,delivered,2026-07-21 03:43:17,2026-07-21,2026-07,03,2026-07-20 03:43:17,2026-07-20 03:43:17,-1.0,1.0,141.8324761732418,credit_card,0.0
33ede76e-269e-4ba4-9861-cd2637b36f96,churn_a27cd18f,Test City,XX,delivered,2026-07-21 03:43:17,2026-07-21,2026-07,03,2026-07-20 03:43:17,2026-07-20 03:43:17,-1.0,1.0,144.11359391717338,credit_card,0.0
3ddc0414-80c8-4b47-856b-b067591844cd,churn_560e6cec,Test City,XX,delivered,2026-07-21 02:43:17,2026-07-21,2026-07,02,2026-07-20 02:43:17,2026-07-20 02:43:17,-1.0,1.0,147.29821499265864,credit_card,0.0
c1987655-ed50-4893-8161-e0772ada17b1,churn_758f9aa3,Test City,XX,delivered,2026-07-21 02:43:17,2026-07-21,2026-07,02,2026-07-20 02:43:17,2026-07-20 02:43:17,-1.0,1.0,147.2383846719277,credit_card,0.0
f184c160-0951-4689-9a44-4e5a1810a338,churn_6c5c7150,Test City,XX,delivered,2026-07-21 02:43:17,2026-07-21,2026-07,02,2026-07-20 02:43:17,2026-07-20 02:43:17,-1.0,1.0,97.83677989526821,credit_card,0.0
776c469f-340b-4c9d-b5a6-17fed2ee8c56,churn_757ed1da,Test City,XX,delivered,2026-07-21 01:43:17,2026-07-21,2026-07,01,2026-07-20 01:43:17,2026-07-20 01:43:17,-1.0,1.0,95.25134820072684,credit_card,0.0
e6fbec6c-4fda-4129-96e3-940e00c59865,churn_93ea39cc,Test City,XX,delivered,2026-07-21 01:43:17,2026-07-21,2026-07,01,2026-07-20 01:43:17,2026-07-20 01:43:17,-1.0,1.0,125.23353528084587,credit_card,0.0
f095b701-3d06-4162-98a3-778f3357c995,churn_4a43e600,Test City,XX,delivered,2026-07-21 01:43:17,2026-07-21,2026-07,01,2026-07-20 01:43:17,2026-07-20 01:43:17,-1.0,1.0,78.50425680087707,credit_card,0.0
31c35e32-76d2-47b4-9a38-53b4f5e7145a,churn_0d6bd3b5,Test City,XX,delivered,2026-07-21 01:43:17,2026-07-21,2026-07,01,2026-07-20 01:43:17,2026-07-20 01:43:17,-1.0,1.0,131.46935615141865,credit_card,0.0
136bce19-f834-42c9-9842-0784b0c54504,retained_1a4bb6c6,Test City,XX,delivered,2026-07-21 00:43:17,2026-07-21,2026-07,00,2026-07-20 00:43:17,2026-07-20 00:43:17,-1.0,1.0,116.95409724552069,credit_card,0.0
02c36faa-ff11-44f1-8ea0-0bdecf11ceaf,retained_40345d07,Test City,XX,delivered,2026-07-21 00:43:17,2026-07-21,2026-07,00,2026-07-20 00:43:17,2026-07-20 00:43:17,-1.0,1.0,85.02605679997856,credit_card,0.0
5848cc2e-e066-4c49-9124-c52e170be9e2,churn_78b5e831,Test City,XX,delivered,2026-07-21 00:43:17,2026-07-21,2026-07,00,2026-07-20 00:43:17,2026-07-20 00:43:17,-1.0,1.0,78.09511437734017,credit_card,0.0
1edc2fd5-a677-425e-a70d-f8e03d545923,churn_c1097c6f,Test City,XX,delivered,2026-07-21 00:43:17,2026-07-21,2026-07,00,2026-07-20 00:43:17,2026-07-20 00:43:17,-1.0,1.0,148.18033830488667,credit_card,0.0
375821dd-654e-4021-884c-275eee8e302a,retained_cbd6ccb9,Test City,XX,delivered,2026-07-20 23:43:17,2026-07-20,2026-07,23,2026-07-19 23:43:17,2026-07-19 23:43:17,-1.0,1.0,143.03562234973015,credit_card,0.0
c67b3ebd-e7ad-4c96-8cc8-1f9ab5b1e6f1,churn_a86b06bf,Test City,XX,delivered,2026-07-20 23:43:17,2026-07-20,2026-07,23,2026-07-19 23:43:17,2026-07-19 23:43:17,-1.0,1.0,142.2501972638038,credit_card,0.0
59c8fb9e-2861-4fde-8156-af077276aee0,churn_680d8ff3,Test City,XX,delivered,2026-07-20 23:43:17,2026-07-20,2026-07,23,2026-07-19 23:43:17,2026-07-19 23:43:17,-1.0,1.0,79.53722965514781,credit_card,0.0
772a47f2-2851-47e3-bbed-b76a35d95abe,churn_5a4228d1,Test City,XX,delivered,2026-07-20 23:43:17,2026-07-20,2026-07,23,2026-07-19 23:43:17,2026-07-19 23:43:17,-1.0,1.0,128.31857302750504,credit_card,0.0
ddd1438c-8f00-439f-8840-90fc0986ac04,retained_e196a14a,Test City,XX,delivered,2026-07-20 10:43:17,2026-07-20,2026-07,10,2026-07-19 10:43:17,2026-07-19 10:43:17,-1.0,1.0,87.40569875173087,credit_card,0.0
6045a7c8-a479-4d49-972c-40e452d55762,churn_feb66b0f,Test City,XX,delivered,2026-07-20 10:43:17,2026-07-20,2026-07,10,2026-07-19 10:43:17,2026-07-19 10:43:17,-1.0,1.0,75.71385052593345,credit_card,0.0
514d3cc6-dd2c-4847-8d91-2080fad7b231,churn_3106a98e,Test City,XX,delivered,2026-07-20 10:43:17,2026-07-20,2026-07,10,2026-07-19 10:43:17,2026-07-19 10:43:17,-1.0,1.0,94.44023679947315,credit_card,0.0
54433998-71d1-47fe-9051-a054ad72be4e,churn_d13107c2,Test City,XX,delivered,2026-07-20 10:43:17,2026-07-20,2026-07,10,2026-07-19 10:43:17,2026-07-19 10:43:17,-1.0,1.0,109.79740506428816,credit_card,0.0
54de27dc-9306-44fa-aa92-3f055e82438b,churn_1cc2c20a,Test City,XX,delivered,2026-07-20 10:43:17,2026-07-20,2026-07,10,2026-07-19 10:43:17,2026-07-19 10:43:17,-1.0,1.0,89.50444215136574,credit_card,0.0
539b4562-2e1c-4b7c-90e5-10ec2ad3e2e7,churn_1a751e9c,Test City,XX,delivered,2026-07-20 10:43:17,2026-07-20,2026-07,10,2026-07-19 10:43:17,2026-07-19 10:43:17,-1.0,1.0,96.59242184983171,credit_card,0.0
a51bcdbc-c4f6-4d52-87d3-01418938d8ba,churn_4d4e8af2,Test City,XX,delivered,2026-07-20 09:43:17,2026-07-20,2026-07,09,2026-07-19 09:43:17,2026-07-19 09:43:17,-1.0,1.0,85.59376742007109,credit_card,0.0
40848598-4b2d-4cc9-994a-0ccae7cc8283,churn_2f0942a3,Test City,XX,delivered,2026-07-20 09:43:17,2026-07-20,2026-07,09,2026-07-19 09:43:17,2026-07-19 09:43:17,-1.0,1.0,86.67848225137651,credit_card,0.0
9f68514a-0846-4883-ac5c-9ca371dbbe0d,churn_5efaf768,Test City,XX,delivered,2026-07-20 09:43:17,2026-07-20,2026-07,09,2026-07-19 09:43:17,2026-07-19 09:43:17,-1.0,1.0,70.85754254067602,credit_card,0.0
9e6dd63b-9064-49f6-89e2-91e0f261d886,churn_890ecd8d,Test City,XX,delivered,2026-07-20 09:43:17,2026-07-20,2026-07,09,2026-07-19 09:43:17,2026-07-19 09:43:17,-1.0,1.0,76.06471110072859,credit_card,0.0
df3a4048-40e1-4462-8e9c-7927f8f01a0b,churn_69a7eeeb,Test City,XX,delivered,2026-07-20 09:43:17,2026-07-20,2026-07,09,2026-07-19 09:43:17,2026-07-19 09:43:17,-1.0,1.0,96.0925727842033,credit_card,0.0
0a49f6cd-a971-43ad-9723-a065ec0de14b,churn_2d8ba7ce,Test City,XX,delivered,2026-07-20 09:43:17,2026-07-20,2026-07,09,2026-07-19 09:43:17,2026-07-19 09:43:17,-1.0,1.0,137.24817492198144,credit_card,0.0
36a0c03f-b7d5-4734-914a-268c81bc1a50,retained_0d7a0f66,Test City,XX,delivered,2026-07-20 08:43:17,2026-07-20,2026-07,08,2026-07-19 08:43:17,2026-07-19 08:43:17,-1.0,1.0,126.7266089339311,credit_card,0.0
0d280c44-ca8a-4229-a441-8a0621fa98fa,churn_545fd8ca,Test City,XX,delivered,2026-07-20 08:43:17,2026-07-20,2026-07,08,2026-07-19 08:43:17,2026-07-19 08:43:17,-1.0,1.0,55.67339999648648,credit_card,0.0
f006ec8f-54a5-4b5d-83f2-25946a1d140c,churn_857a068c,Test City,XX,delivered,2026-07-20 08:43:17,2026-07-20,2026-07,08,2026-07-19 08:43:17,2026-07-19 08:43:17,-1.0,1.0,134.25817453005112,credit_card,0.0
36087195-bea0-4062-ac60-7212f576d05b,churn_9852746b,Test City,XX,delivered,2026-07-20 08:43:17,2026-07-20,2026-07,08,2026-07-19 08:43:17,2026-07-19 08:43:17,-1.0,1.0,126.01183217812137,credit_card,0.0
c6f6af0a-a334-47d2-9de4-f094004f31d2,retained_eee49568,Test City,XX,delivered,2026-07-20 07:43:17,2026-07-20,2026-07,07,2026-07-19 07:43:17,2026-07-19 07:43:17,-1.0,1.0,59.68614030541393,credit_card,0.0
1b876450-e23e-45f7-adf4-2718524ba814,retained_6ac5fa15,Test City,XX,delivered,2026-07-20 07:43:17,2026-07-20,2026-07,07,2026-07-19 07:43:17,2026-07-19 07:43:17,-1.0,1.0,104.26226486601976,credit_card,0.0
0d976754-79f0-4df2-8b8c-e6372e0c372a,retained_e63a3018,Test City,XX,delivered,2026-07-20 07:43:17,2026-07-20,2026-07,07,2026-07-19 07:43:17,2026-07-19 07:43:17,-1.0,1.0,109.15893877507939,credit_card,0.0
0924a31a-7566-41f2-913a-b239ad0c5d58,churn_8125eb92,Test City,XX,delivered,2026-07-20 07:43:17,2026-07-20,2026-07,07,2026-07-19 07:43:17,2026-07-19 07:43:17,-1.0,1.0,115.27790857878111,credit_card,0.0
3e588b31-cba2-4f5b-adfd-dbc09082e90c,churn_d580e673,Test City,XX,delivered,2026-07-20 07:43:17,2026-07-20,2026-07,07,2026-07-19 07:43:17,2026-07-19 07:43:17,-1.0,1.0,78.72090969850896,credit_card,0.0
c7c8f0c5-ba00-4237-b0b0-ff7edec449a9,retained_301afe87,Test City,XX,delivered,2026-07-20 06:43:17,2026-07-20,2026-07,06,2026-07-19 06:43:17,2026-07-19 06:43:17,-1.0,1.0,136.31392142024276,credit_card,0.0
fa0bd772-960f-4b20-a82e-1753f80d015b,retained_1383acf6,Test City,XX,delivered,2026-07-20 06:43:17,2026-07-20,2026-07,06,2026-07-19 06:43:17,2026-07-19 06:43:17,-1.0,1.0,61.61167260845922,credit_card,0.0
63922ae6-391c-4b01-9577-e37b2d5b6d68,retained_21ab9004,Test City,XX,delivered,2026-07-20 06:43:17,2026-07-20,2026-07,06,2026-07-19 06:43:17,2026-07-19 06:43:17,-1.0,1.0,63.36930259188988,credit_card,0.0
3ffcaae9-e5bb-44ec-9781-0bb0ad154758,churn_4183b7fb,Test City,XX,delivered,2026-07-20 06:43:17,2026-07-20,2026-07,06,2026-07-19 06:43:17,2026-07-19 06:43:17,-1.0,1.0,69.95255740956907,credit_card,0.0
afbf1280-1837-4b97-9a19-d1a9531de3d6,churn_e44edb9c,Test City,XX,delivered,2026-07-20 06:43:17,2026-07-20,2026-07,06,2026-07-19 06:43:17,2026-07-19 06:43:17,-1.0,1.0,88.83723348822345,credit_card,0.0
963c10f5-c79c-43b3-bf5c-4d34da6e64d9,churn_4a1b546a,Test City,XX,delivered,2026-07-20 06:43:17,2026-07-20,2026-07,06,2026-07-19 06:43:17,2026-07-19 06:43:17,-1.0,1.0,56.72807628527057,credit_card,0.0
bfe21b81-5683-425f-af11-3402ff31d5d2,churn_4e81c40b,Test City,XX,delivered,2026-07-20 05:43:17,2026-07-20,2026-07,05,2026-07-19 05:43:17,2026-07-19 05:43:17,-1.0,1.0,107.40603116307169,credit_card,0.0
e2dd45c2-806b-49f5-b10e-ac346d51d2f0,churn_6d990826,Test City,XX,delivered,2026-07-20 05:43:17,2026-07-20,2026-07,05,2026-07-19 05:43:17,2026-07-19 05:43:17,-1.0,1.0,135.78703222668253,credit_card,0.0
09618545-4618-419a-ad84-80728315cf3b,churn_e03aa4a6,Test City,XX,delivered,2026-07-20 05:43:17,2026-07-20,2026-07,05,2026-07-19 05:43:17,2026-07-19 05:43:17,-1.0,1.0,85.16940183537244,credit_card,0.0
274ecec5-d1cd-45df-a837-a3f4a86b1613,churn_9691a1f4,Test City,XX,delivered,2026-07-20 05:43:17,2026-07-20,2026-07,05,2026-07-19 05:43:17,2026-07-19 05:43:17,-1.0,1.0,63.58203434530544,credit_card,0.0
feba5207-9128-446a-a6df-00af44930730,churn_861827ee,Test City,XX,delivered,2026-07-20 05:43:17,2026-07-20,2026-07,05,2026-07-19 05:43:17,2026-07-19 05:43:17,-1.0,1.0,50.497940980643655,credit_card,0.0
111edf9a-5a6b-4eb7-af10-2356ce9085b6,churn_dbe98c51,Test City,XX,delivered,2026-07-20 04:43:17,2026-07-20,2026-07,04,2026-07-19 04:43:17,2026-07-19 04:43:17,-1.0,1.0,62.71672805138603,credit_card,0.0
2a7303ac-5950-486b-bddb-1fc9e3dc006e,churn_1ce71437,Test City,XX,delivered,2026-07-20 04:43:17,2026-07-20,2026-07,04,2026-07-19 04:43:17,2026-07-19 04:43:17,-1.0,1.0,120.37175779168795,credit_card,0.0
ef42f6d6-aa14-404c-b650-c9d79f370d94,churn_6caffc0c,Test City,XX,delivered,2026-07-20 04:43:17,2026-07-20,2026-07,04,2026-07-19 04:43:17,2026-07-19 04:43:17,-1.0,1.0,115.32871717046514,credit_card,0.0
02fa368e-d7df-4fd2-80bd-693cf9cbc5f1,churn_5bfe668f,Test City,XX,delivered,2026-07-20 04:43:17,2026-07-20,2026-07,04,2026-07-19 04:43:17,2026-07-19 04:43:17,-1.0,1.0,51.31586948070142,credit_card,0.0
7bf23d2f-d979-4a83-8d38-4764642cf47d,churn_6a2cfded,Test City,XX,delivered,2026-07-20 04:43:17,2026-07-20,2026-07,04,2026-07-19 04:43:17,2026-07-19 04:43:17,-1.0,1.0,126.62472427263491,credit_card,0.0
13ab9e5e-d07b-4de3-9e9a-c84eb692630c,churn_86a09bd4,Test City,XX,delivered,2026-07-20 03:43:17,2026-07-20,2026-07,03,2026-07-19 03:43:17,2026-07-19 03:43:17,-1.0,1.0,127.38139132717755,credit_card,0.0
4824e0b4-d0cc-4907-95df-b8862ee85d54,churn_36577c0e,Test City,XX,delivered,2026-07-20 03:43:17,2026-07-20,2026-07,03,2026-07-19 03:43:17,2026-07-19 03:43:17,-1.0,1.0,68.79313781115604,credit_card,0.0
75f4dffa-d44f-4959-a2ff-bdbc6ac5c22c,churn_18af11a4,Test City,XX,delivered,2026-07-20 03:43:17,2026-07-20,2026-07,03,2026-07-19 03:43:17,2026-07-19 03:43:17,-1.0,1.0,76.3587831214657,credit_card,0.0
0a2b8847-56b9-45a5-8703-aa14a7b0e15a,churn_79d2ed09,Test City,XX,delivered,2026-07-20 03:43:17,2026-07-20,2026-07,03,2026-07-19 03:43:17,2026-07-19 03:43:17,-1.0,1.0,127.88202204353813,credit_card,0.0
5f4f42d0-76a8-40e7-9763-6a916f2dc138,retained_c2d5fdb1,Test City,XX,delivered,2026-07-20 02:43:17,2026-07-20,2026-07,02,2026-07-19 02:43:17,2026-07-19 02:43:17,-1.0,1.0,110.15935895128374,credit_card,0.0
7279e3e4-5676-4657-8d8e-73fbcd8a39d5,churn_6500c162,Test City,XX,delivered,2026-07-20 02:43:17,2026-07-20,2026-07,02,2026-07-19 02:43:17,2026-07-19 02:43:17,-1.0,1.0,148.5094054538722,credit_card,0.0
6d9bb177-4834-41c1-8b49-0c2ed83666f5,churn_497bcae3,Test City,XX,delivered,2026-07-20 02:43:17,2026-07-20,2026-07,02,2026-07-19 02:43:17,2026-07-19 02:43:17,-1.0,1.0,122.71694494833865,credit_card,0.0
bfdf6faf-9838-4348-b308-c5f4109b5e13,churn_9d82551a,Test City,XX,delivered,2026-07-20 02:43:17,2026-07-20,2026-07,02,2026-07-19 02:43:17,2026-07-19 02:43:17,-1.0,1.0,131.67755524619287,credit_card,0.0
6645bd71-b6c8-439b-9b78-e31ece758e90,churn_cc0b1ba7,Test City,XX,delivered,2026-07-20 02:43:17,2026-07-20,2026-07,02,2026-07-19 02:43:17,2026-07-19 02:43:17,-1.0,1.0,70.64233646137711,credit_card,0.0
c9e3f1eb-4223-47b8-aa0f-e0077be4f830,churn_b7bb362f,Test City,XX,delivered,2026-07-20 02:43:17,2026-07-20,2026-07,02,2026-07-19 02:43:17,2026-07-19 02:43:17,-1.0,1.0,94.37609140034513,credit_card,0.0
2ec0bdd3-4101-42df-9f3c-03a354f90ae1,churn_4d18853b,Test City,XX,delivered,2026-07-20 02:43:17,2026-07-20,2026-07,02,2026-07-19 02:43:17,2026-07-19 02:43:17,-1.0,1.0,62.70217866945633,credit_card,0.0
24164127-61fd-48f1-9122-0095c071bfc1,churn_c601e34e,Test City,XX,delivered,2026-07-20 02:43:17,2026-07-20,2026-07,02,2026-07-19 02:43:17,2026-07-19 02:43:17,-1.0,1.0,98.29026351261311,credit_card,0.0
fa30b7c7-e759-43ee-9a49-344251371461,churn_c5bd5288,Test City,XX,delivered,2026-07-20 02:43:17,2026-07-20,2026-07,02,2026-07-19 02:43:17,2026-07-19 02:43:17,-1.0,1.0,129.30138846383647,credit_card,0.0
c49e5020-629f-4a2a-b892-7e687174d0d5,churn_b6ef356e,Test City,XX,delivered,2026-07-20 02:43:17,2026-07-20,2026-07,02,2026-07-19 02:43:17,2026-07-19 02:43:17,-1.0,1.0,90.61631412551765,credit_card,0.0
421cf989-1254-4abb-9871-7a6b59040f35,churn_ba7f36d0,Test City,XX,delivered,2026-07-20 01:43:17,2026-07-20,2026-07,01,2026-07-19 01:43:17,2026-07-19 01:43:17,-1.0,1.0,127.91095361847252,credit_card,0.0
01f4578d-b732-4b85-8778-17d8e9d400e2,churn_dae4360f,Test City,XX,delivered,2026-07-20 01:43:17,2026-07-20,2026-07,01,2026-07-19 01:43:17,2026-07-19 01:43:17,-1.0,1.0,87.31849687871244,credit_card,0.0
8fb02997-3782-4e2c-ba24-687be162e866,churn_b13c53b3,Test City,XX,delivered,2026-07-20 01:43:17,2026-07-20,2026-07,01,2026-07-19 01:43:17,2026-07-19 01:43:17,-1.0,1.0,85.05841157977994,credit_card,0.0
48ac484e-7a6b-4a12-a597-7ebd6f85d5d7,churn_374d88d9,Test City,XX,delivered,2026-07-20 01:43:17,2026-07-20,2026-07,01,2026-07-19 01:43:17,2026-07-19 01:43:17,-1.0,1.0,50.88773099006784,credit_card,0.0
732dc889-fe50-466e-85d8-62585c16d5ab,retained_055031b6,Test City,XX,delivered,2026-07-20 00:43:17,2026-07-20,2026-07,00,2026-07-19 00:43:17,2026-07-19 00:43:17,-1.0,1.0,79.98949583429642,credit_card,0.0
1076bfb0-bcc2-4b61-b19a-6291ef495934,retained_6d1e0e07,Test City,XX,delivered,2026-07-20 00:43:17,2026-07-20,2026-07,00,2026-07-19 00:43:17,2026-07-19 00:43:17,-1.0,1.0,149.25359302148408,credit_card,0.0
a48019c3-6c98-4729-b298-e67b616c20fe,retained_a3e35c09,Test City,XX,delivered,2026-07-20 00:43:17,2026-07-20,2026-07,00,2026-07-19 00:43:17,2026-07-19 00:43:17,-1.0,1.0,55.93346596817011,credit_card,0.0
572c46e0-855a-4073-b791-410cdb648e05,churn_afa62402,Test City,XX,delivered,2026-07-20 00:43:17,2026-07-20,2026-07,00,2026-07-19 00:43:17,2026-07-19 00:43:17,-1.0,1.0,100.28217118647305,credit_card,0.0
1cda11ff-9aaf-4d04-98b2-41a4fde865c6,churn_1ea75ba5,Test City,XX,delivered,2026-07-20 00:43:17,2026-07-20,2026-07,00,2026-07-19 00:43:17,2026-07-19 00:43:17,-1.0,1.0,112.67358875973841,credit_card,0.0
4f7c2c87-3223-45ca-ace0-02b5062ed386,retained_98d74e38,Test City,XX,delivered,2026-07-19 23:43:17,2026-07-19,2026-07,23,2026-07-18 23:43:17,2026-07-18 23:43:17,-1.0,1.0,114.8049683954633,credit_card,0.0
bf805b7c-f98b-45aa-95ef-7a83414aa05c,churn_8dbc6612,Test City,XX,delivered,2026-07-19 23:43:17,2026-07-19,2026-07,23,2026-07-18 23:43:17,2026-07-18 23:43:17,-1.0,1.0,96.20913075742226,credit_card,0.0
d81f734c-1175-4083-af31-9fd3c06af388,churn_5b5ce659,Test City,XX,delivered,2026-07-19 23:43:17,2026-07-19,2026-07,23,2026-07-18 23:43:17,2026-07-18 23:43:17,-1.0,1.0,60.04025583376614,credit_card,0.0
309f6f25-ac5a-4c9a-9540-bcc9aeeaa29d,churn_fca140bd,Test City,XX,delivered,2026-07-19 23:43:17,2026-07-19,2026-07,23,2026-07-18 23:43:17,2026-07-18 23:43:17,-1.0,1.0,75.56717305861994,credit_card,0.0
4e3d744f-cf86-4bca-aba3-e7478000dccd,churn_ae3adb11,Test City,XX,delivered,2026-07-19 23:43:17,2026-07-19,2026-07,23,2026-07-18 23:43:17,2026-07-18 23:43:17,-1.0,1.0,89.54822594965731,credit_card,0.0
c3248da2-d21a-47ab-956e-f30d6e33df5a,churn_c6c34234,Test City,XX,delivered,2026-07-19 23:43:17,2026-07-19,2026-07,23,2026-07-18 23:43:17,2026-07-18 23:43:17,-1.0,1.0,78.17157375661556,credit_card,0.0
46604f59-91d0-4921-bf81-14f6ad10dbf3,churn_b3de1244,Test City,XX,delivered,2026-07-19 23:43:17,2026-07-19,2026-07,23,2026-07-18 23:43:17,2026-07-18 23:43:17,-1.0,1.0,85.87876913185107,credit_card,0.0
061ae344-f9dc-440e-8e52-8bad0e488ec0,retained_edf84328,Test City,XX,delivered,2026-07-19 10:43:17,2026-07-19,2026-07,10,2026-07-18 10:43:17,2026-07-18 10:43:17,-1.0,1.0,140.16854230219099,credit_card,0.0
d6ec42fc-2c3b-434a-bdd2-cb4776384fda,churn_e72fd8c6,Test City,XX,delivered,2026-07-19 10:43:17,2026-07-19,2026-07,10,2026-07-18 10:43:17,2026-07-18 10:43:17,-1.0,1.0,88.18325448891096,credit_card,0.0
7bf7484f-f9b6-4eda-b366-c8c80bcd510a,churn_d580e673,Test City,XX,delivered,2026-07-19 10:43:17,2026-07-19,2026-07,10,2026-07-18 10:43:17,2026-07-18 10:43:17,-1.0,1.0,131.43479486767262,credit_card,0.0
b2965cb2-5a24-42f8-a1fa-6db6cccd01c5,churn_93b377ae,Test City,XX,delivered,2026-07-19 10:43:17,2026-07-19,2026-07,10,2026-07-18 10:43:17,2026-07-18 10:43:17,-1.0,1.0,93.41858366203371,credit_card,0.0
657f1e7e-d32d-4af4-80c5-c7ed87182fb2,churn_97ecba8d,Test City,XX,delivered,2026-07-19 10:43:17,2026-07-19,2026-07,10,2026-07-18 10:43:17,2026-07-18 10:43:17,-1.0,1.0,132.84819568817943,credit_card,0.0
2604645e-2a37-4ed1-9845-c3a8a1cfc028,retained_b6592f36,Test City,XX,delivered,2026-07-19 09:43:17,2026-07-19,2026-07,09,2026-07-18 09:43:17,2026-07-18 09:43:17,-1.0,1.0,94.4748147494613,credit_card,0.0
78875857-6dd0-48ff-84e2-5615119d284b,churn_2f92e295,Test City,XX,delivered,2026-07-19 09:43:17,2026-07-19,2026-07,09,2026-07-18 09:43:17,2026-07-18 09:43:17,-1.0,1.0,110.23973788311255,credit_card,0.0
dca5ffe8-af6b-46da-8151-f4d93760cae1,churn_59c1f86a,Test City,XX,delivered,2026-07-19 09:43:17,2026-07-19,2026-07,09,2026-07-18 09:43:17,2026-07-18 09:43:17,-1.0,1.0,71.46090732049632,credit_card,0.0
363dad98-594a-4da5-9152-d3872c076fc2,churn_f7159e53,Test City,XX,delivered,2026-07-19 09:43:17,2026-07-19,2026-07,09,2026-07-18 09:43:17,2026-07-18 09:43:17,-1.0,1.0,95.21918623122997,credit_card,0.0
d5acca07-122f-4d39-92fa-efeaf50a36a7,retained_2b9ef1e5,Test City,XX,delivered,2026-07-19 08:43:17,2026-07-19,2026-07,08,2026-07-18 08:43:17,2026-07-18 08:43:17,-1.0,1.0,147.74493462047593,credit_card,0.0
a225762a-8142-48a0-8579-a8475f1b2bbe,churn_541e3cbc,Test City,XX,delivered,2026-07-19 08:43:17,2026-07-19,2026-07,08,2026-07-18 08:43:17,2026-07-18 08:43:17,-1.0,1.0,109.67155132624897,credit_card,0.0
94dc61b5-1d7f-499d-aaa8-bc6cb77c1dab,churn_aec7e1b2,Test City,XX,delivered,2026-07-19 08:43:17,2026-07-19,2026-07,08,2026-07-18 08:43:17,2026-07-18 08:43:17,-1.0,1.0,80.28508867144268,credit_card,0.0
20b2b18f-8314-44b7-8bca-049963d2ba4f,churn_d663ccfe,Test City,XX,delivered,2026-07-19 08:43:17,2026-07-19,2026-07,08,2026-07-18 08:43:17,2026-07-18 08:43:17,-1.0,1.0,112.04917915545663,credit_card,0.0
1e6a83ea-dedf-4a59-a972-f1e14276127c,churn_e9a8b0a5,Test City,XX,delivered,2026-07-19 07:43:17,2026-07-19,2026-07,07,2026-07-18 07:43:17,2026-07-18 07:43:17,-1.0,1.0,100.84468241891182,credit_card,0.0
17a13ced-85c9-433d-855c-90eef54a0272,churn_03bc6054,Test City,XX,delivered,2026-07-19 07:43:17,2026-07-19,2026-07,07,2026-07-18 07:43:17,2026-07-18 07:43:17,-1.0,1.0,69.23026529503457,credit_card,0.0
1421a0c5-9c9d-4967-8663-2a4c6f281ba3,churn_cf1a9788,Test City,XX,delivered,2026-07-19 07:43:17,2026-07-19,2026-07,07,2026-07-18 07:43:17,2026-07-18 07:43:17,-1.0,1.0,108.09628558998381,credit_card,0.0
88a70d50-53fe-4bd5-a741-7e6f5427b93e,retained_8d5ef729,Test City,XX,delivered,2026-07-19 06:43:17,2026-07-19,2026-07,06,2026-07-18 06:43:17,2026-07-18 06:43:17,-1.0,1.0,68.46291564589183,credit_card,0.0
fda8d798-b00a-4d23-9d5c-8311e1793d1a,churn_e4eb20cb,Test City,XX,delivered,2026-07-19 06:43:17,2026-07-19,2026-07,06,2026-07-18 06:43:17,2026-07-18 06:43:17,-1.0,1.0,104.83524230571716,credit_card,0.0
eb07ef43-aca3-4e6d-a215-cc54e16dd7fa,churn_e525220e,Test City,XX,delivered,2026-07-19 06:43:17,2026-07-19,2026-07,06,2026-07-18 06:43:17,2026-07-18 06:43:17,-1.0,1.0,121.89401084341796,credit_card,0.0
e897efdd-8992-4990-acdc-ae3fe597180f,churn_bfddc56a,Test City,XX,delivered,2026-07-19 06:43:17,2026-07-19,2026-07,06,2026-07-18 06:43:17,2026-07-18 06:43:17,-1.0,1.0,113.75706955087944,credit_card,0.0
81b67a1f-04cd-486e-9742-9442dc47ebb8,churn_0fa29e47,Test City,XX,delivered,2026-07-19 06:43:17,2026-07-19,2026-07,06,2026-07-18 06:43:17,2026-07-18 06:43:17,-1.0,1.0,55.183032024110666,credit_card,0.0
a7174ed9-1eee-4e2d-a08d-239118fba48c,churn_d2ecb3bb,Test City,XX,delivered,2026-07-19 06:43:17,2026-07-19,2026-07,06,2026-07-18 06:43:17,2026-07-18 06:43:17,-1.0,1.0,75.80411921638643,credit_card,0.0
203046d4-1ff2-4986-b53c-12e643ece978,retained_be4825d5,Test City,XX,delivered,2026-07-19 05:43:17,2026-07-19,2026-07,05,2026-07-18 05:43:17,2026-07-18 05:43:17,-1.0,1.0,131.7503380914177,credit_card,0.0
cf71ca5b-2ed5-4f9b-b3c3-2a24b826d4e0,churn_51455b87,Test City,XX,delivered,2026-07-19 05:43:17,2026-07-19,2026-07,05,2026-07-18 05:43:17,2026-07-18 05:43:17,-1.0,1.0,123.23740024646685,credit_card,0.0
06921af7-ec93-418f-8b4b-7751c44144ba,churn_4fee57a9,Test City,XX,delivered,2026-07-19 05:43:17,2026-07-19,2026-07,05,2026-07-18 05:43:17,2026-07-18 05:43:17,-1.0,1.0,104.2088941995361,credit_card,0.0
f4b2a6e5-98c0-4eae-93cd-9f91608dc1f3,churn_fb5bacac,Test City,XX,delivered,2026-07-19 05:43:17,2026-07-19,2026-07,05,2026-07-18 05:43:17,2026-07-18 05:43:17,-1.0,1.0,145.71934790397998,credit_card,0.0
8cfa8a0c-6b6b-4ea4-819b-e038b333cbde,churn_68ef1a9b,Test City,XX,delivered,2026-07-19 04:43:17,2026-07-19,2026-07,04,2026-07-18 04:43:17,2026-07-18 04:43:17,-1.0,1.0,114.68585645376884,credit_card,0.0
904a7089-6b65-479e-9995-24bb1b623e65,retained_8db6309d,Test City,XX,delivered,2026-07-19 02:43:17,2026-07-19,2026-07,02,2026-07-18 02:43:17,2026-07-18 02:43:17,-1.0,1.0,56.45551003351994,credit_card,0.0
c7ded30a-ca1e-43aa-a455-1a3dfe878290,retained_db6f89c7,Test City,XX,delivered,2026-07-19 02:43:17,2026-07-19,2026-07,02,2026-07-18 02:43:17,2026-07-18 02:43:17,-1.0,1.0,52.163017729259444,credit_card,0.0
2a7933bc-418c-463a-b34f-48969a8a5c74,retained_8a95dcb9,Test City,XX,delivered,2026-07-19 02:43:17,2026-07-19,2026-07,02,2026-07-18 02:43:17,2026-07-18 02:43:17,-1.0,1.0,144.51087775460724,credit_card,0.0
e04031c6-3bfe-4a6f-81ce-a69caadbd46a,churn_f718aa1f,Test City,XX,delivered,2026-07-19 02:43:17,2026-07-19,2026-07,02,2026-07-18 02:43:17,2026-07-18 02:43:17,-1.0,1.0,115.80363753492944,credit_card,0.0
a9025067-ff29-4a10-9723-d2dc655e78e7,churn_08aa8171,Test City,XX,delivered,2026-07-19 02:43:17,2026-07-19,2026-07,02,2026-07-18 02:43:17,2026-07-18 02:43:17,-1.0,1.0,59.07799196477722,credit_card,0.0
0a564489-670e-4315-809c-cb45857fa08a,churn_bbcfbd2c,Test City,XX,delivered,2026-07-19 02:43:17,2026-07-19,2026-07,02,2026-07-18 02:43:17,2026-07-18 02:43:17,-1.0,1.0,140.26373172807553,credit_card,0.0
350c7ee5-85b0-4b79-b7ed-142c8366ece3,churn_1a97f2b9,Test City,XX,delivered,2026-07-19 02:43:17,2026-07-19,2026-07,02,2026-07-18 02:43:17,2026-07-18 02:43:17,-1.0,1.0,149.9982682852915,credit_card,0.0
75b45bfc-c28a-402a-bbe8-7a6f6c472a11,churn_ad83f598,Test City,XX,delivered,2026-07-19 02:43:17,2026-07-19,2026-07,02,2026-07-18 02:43:17,2026-07-18 02:43:17,-1.0,1.0,105.22709879022696,credit_card,0.0
02f1cb9f-f34a-487f-b17a-0ccadd5ac53a,churn_0638ee54,Test City,XX,delivered,2026-07-19 01:43:17,2026-07-19,2026-07,01,2026-07-18 01:43:17,2026-07-18 01:43:17,-1.0,1.0,50.987448344332385,credit_card,0.0
2dbfc3cf-2248-4a6d-9653-dd8c4a0fb25b,churn_507715ed,Test City,XX,delivered,2026-07-19 01:43:17,2026-07-19,2026-07,01,2026-07-18 01:43:17,2026-07-18 01:43:17,-1.0,1.0,112.4647456269276,credit_card,0.0
3156a21d-9df9-4d36-a9b1-d98b3141fa69,churn_5c96634d,Test City,XX,delivered,2026-07-19 01:43:17,2026-07-19,2026-07,01,2026-07-18 01:43:17,2026-07-18 01:43:17,-1.0,1.0,57.33805298029813,credit_card,0.0
2f674d29-e2b9-4851-823c-4c285d56450c,churn_f7159e53,Test City,XX,delivered,2026-07-19 01:43:17,2026-07-19,2026-07,01,2026-07-18 01:43:17,2026-07-18 01:43:17,-1.0,1.0,100.74708066156074,credit_card,0.0
69cc821f-d0f2-4ea7-8260-6699564b159b,retained_032f61af,Test City,XX,delivered,2026-07-19 00:43:17,2026-07-19,2026-07,00,2026-07-18 00:43:17,2026-07-18 00:43:17,-1.0,1.0,108.38172542252815,credit_card,0.0
f0476128-0d3f-4ba3-830e-f864cce2d924,churn_a469fa12,Test City,XX,delivered,2026-07-19 00:43:17,2026-07-19,2026-07,00,2026-07-18 00:43:17,2026-07-18 00:43:17,-1.0,1.0,116.63308161632683,credit_card,0.0
c7132910-696a-4c85-aed8-bc7de5c692be,churn_b6dc4dd5,Test City,XX,delivered,2026-07-19 00:43:17,2026-07-19,2026-07,00,2026-07-18 00:43:17,2026-07-18 00:43:17,-1.0,1.0,141.30244973540402,credit_card,0.0
5a3e2265-8699-494b-9914-f769fd91a5f9,churn_948f035d,Test City,XX,delivered,2026-07-19 00:43:17,2026-07-19,2026-07,00,2026-07-18 00:43:17,2026-07-18 00:43:17,-1.0,1.0,68.97497062800399,credit_card,0.0
a758f43c-1a29-4b50-b78f-847ed93544ab,churn_dd0cd525,Test City,XX,delivered,2026-07-19 00:43:17,2026-07-19,2026-07,00,2026-07-18 00:43:17,2026-07-18 00:43:17,-1.0,1.0,145.2105370025974,credit_card,0.0
4364df70-0bb0-4758-861d-1bcdab4d7c5b,churn_d74a020f,Test City,XX,delivered,2026-07-19 00:43:17,2026-07-19,2026-07,00,2026-07-18 00:43:17,2026-07-18 00:43:17,-1.0,1.0,82.37482926112179,credit_card,0.0
03735cdd-17d5-4374-84d0-947e9593a95b,churn_4ed47577,Test City,XX,delivered,2026-07-18 23:43:17,2026-07-18,2026-07,23,2026-07-17 23:43:17,2026-07-17 23:43:17,-1.0,1.0,110.16426717714653,credit_card,0.0
5f430c5d-e31e-40c8-9df3-b45767d0fe2f,retained_c6ed662e,Test City,XX,delivered,2026-07-18 10:43:17,2026-07-18,2026-07,10,2026-07-17 10:43:17,2026-07-17 10:43:17,-1.0,1.0,74.46311675847818,credit_card,0.0
800cfb3c-1d24-4bde-94dd-db9534870b37,churn_d9c81d2f,Test City,XX,delivered,2026-07-18 10:43:17,2026-07-18,2026-07,10,2026-07-17 10:43:17,2026-07-17 10:43:17,-1.0,1.0,118.02537697519409,credit_card,0.0
1761a0b0-e67f-4683-bd15-0d369dbc5faf,churn_0021226f,Test City,XX,delivered,2026-07-18 10:43:17,2026-07-18,2026-07,10,2026-07-17 10:43:17,2026-07-17 10:43:17,-1.0,1.0,107.02221992879528,credit_card,0.0
f719dc56-10e6-456f-9673-7c63c7ca4efd,churn_0bbbad09,Test City,XX,delivered,2026-07-18 10:43:17,2026-07-18,2026-07,10,2026-07-17 10:43:17,2026-07-17 10:43:17,-1.0,1.0,95.32730012969068,credit_card,0.0
acc27850-dfa4-43a8-b538-08887a68ef31,churn_d7680ae8,Test City,XX,delivered,2026-07-18 10:43:17,2026-07-18,2026-07,10,2026-07-17 10:43:17,2026-07-17 10:43:17,-1.0,1.0,116.41381791074052,credit_card,0.0
7e58bf1b-9450-4584-8b71-425dd6ca2681,churn_a69516a4,Test City,XX,delivered,2026-07-18 10:43:17,2026-07-18,2026-07,10,2026-07-17 10:43:17,2026-07-17 10:43:17,-1.0,1.0,127.05932594349876,credit_card,0.0
1c835517-0ffd-4e67-a483-1e371f730ff9,churn_0bbbad09,Test City,XX,delivered,2026-07-18 09:43:17,2026-07-18,2026-07,09,2026-07-17 09:43:17,2026-07-17 09:43:17,-1.0,1.0,64.22399883720172,credit_card,0.0
7c484be2-c7c5-4172-b449-78c839871a73,churn_bf156272,Test City,XX,delivered,2026-07-18 08:43:17,2026-07-18,2026-07,08,2026-07-17 08:43:17,2026-07-17 08:43:17,-1.0,1.0,101.76857721328383,credit_card,0.0
4a83151f-f45b-4109-b1ac-52d5bd814b91,churn_e563e39a,Test City,XX,delivered,2026-07-18 08:43:17,2026-07-18,2026-07,08,2026-07-17 08:43:17,2026-07-17 08:43:17,-1.0,1.0,85.96204456403157,credit_card,0.0
f4a6255e-06b1-4efe-b929-dbb3b5f248d6,churn_1a6f2cef,Test City,XX,delivered,2026-07-18 08:43:17,2026-07-18,2026-07,08,2026-07-17 08:43:17,2026-07-17 08:43:17,-1.0,1.0,108.91284240734495,credit_card,0.0
0fd7b256-695b-433c-8583-de24572ce5ff,churn_5c8b9610,Test City,XX,delivered,2026-07-18 08:43:17,2026-07-18,2026-07,08,2026-07-17 08:43:17,2026-07-17 08:43:17,-1.0,1.0,88.64341684703336,credit_card,0.0
18a76d16-7d07-42bb-b687-759ec329fcc2,retained_bcfbd417,Test City,XX,delivered,2026-07-18 07:43:17,2026-07-18,2026-07,07,2026-07-17 07:43:17,2026-07-17 07:43:17,-1.0,1.0,138.10053599024357,credit_card,0.0
253cf48d-7166-4f2f-95f6-67ceb532b4fa,churn_99f60a1d,Test City,XX,delivered,2026-07-18 07:43:17,2026-07-18,2026-07,07,2026-07-17 07:43:17,2026-07-17 07:43:17,-1.0,1.0,94.54768618940949,credit_card,0.0
18602bdd-77b5-460a-b0fe-456ab507ca47,churn_53f15e72,Test City,XX,delivered,2026-07-18 07:43:17,2026-07-18,2026-07,07,2026-07-17 07:43:17,2026-07-17 07:43:17,-1.0,1.0,118.4415256673428,credit_card,0.0
12065fbb-722e-4c0e-bb9f-66b180fc8937,retained_472a1a02,Test City,XX,delivered,2026-07-18 06:43:17,2026-07-18,2026-07,06,2026-07-17 06:43:17,2026-07-17 06:43:17,-1.0,1.0,92.11407791029299,credit_card,0.0
ded88d25-a3a5-42a5-87cd-02cd658d5742,retained_23e10189,Test City,XX,delivered,2026-07-18 05:43:17,2026-07-18,2026-07,05,2026-07-17 05:43:17,2026-07-17 05:43:17,-1.0,1.0,67.53248472831645,credit_card,0.0
0052faeb-271b-4c74-93fd-52da332e0391,churn_37203b57,Test City,XX,delivered,2026-07-18 05:43:17,2026-07-18,2026-07,05,2026-07-17 05:43:17,2026-07-17 05:43:17,-1.0,1.0,125.38204876566854,credit_card,0.0
687ce9e2-2a0d-4cc3-8d9a-1b64d664b665,churn_6d4bfcb9,Test City,XX,delivered,2026-07-18 05:43:17,2026-07-18,2026-07,05,2026-07-17 05:43:17,2026-07-17 05:43:17,-1.0,1.0,78.83245933250363,credit_card,0.0
6ff1387b-1d10-49a6-8ff3-94eb7322768e,churn_385369e9,Test City,XX,delivered,2026-07-18 05:43:17,2026-07-18,2026-07,05,2026-07-17 05:43:17,2026-07-17 05:43:17,-1.0,1.0,76.05905316114544,credit_card,0.0
2b35bd10-ff74-4d00-925f-89f9c93d59ef,churn_b7b8b0f8,Test City,XX,delivered,2026-07-18 05:43:17,2026-07-18,2026-07,05,2026-07-17 05:43:17,2026-07-17 05:43:17,-1.0,1.0,114.60309308434667,credit_card,0.0
ac0a78b7-bbe7-4371-a387-6d7f8103c2b8,churn_53f15e72,Test City,XX,delivered,2026-07-18 05:43:17,2026-07-18,2026-07,05,2026-07-17 05:43:17,2026-07-17 05:43:17,-1.0,1.0,98.5071426837847,credit_card,0.0
ca189756-2ab3-481d-a1a8-9f201898546c,retained_76fea19c,Test City,XX,delivered,2026-07-18 04:43:17,2026-07-18,2026-07,04,2026-07-17 04:43:17,2026-07-17 04:43:17,-1.0,1.0,79.3301822677133,credit_card,0.0
050edf28-6078-4cd1-bb63-a7973df9d86c,retained_bea18f48,Test City,XX,delivered,2026-07-18 04:43:17,2026-07-18,2026-07,04,2026-07-17 04:43:17,2026-07-17 04:43:17,-1.0,1.0,122.22352064195142,credit_card,0.0
9b07087a-2775-4e4f-b033-b72a1e0c89ef,churn_bf156272,Test City,XX,delivered,2026-07-18 03:43:17,2026-07-18,2026-07,03,2026-07-17 03:43:17,2026-07-17 03:43:17,-1.0,1.0,105.86113439104562,credit_card,0.0
396489dc-5a57-4669-88d2-e0752aeb4cc8,churn_a0eab4ce,Test City,XX,delivered,2026-07-18 03:43:17,2026-07-18,2026-07,03,2026-07-17 03:43:17,2026-07-17 03:43:17,-1.0,1.0,61.106645495730696,credit_card,0.0
cec8e32a-6f5b-4b97-b341-4cfd27bd08f4,churn_b3648e76,Test City,XX,delivered,2026-07-18 03:43:17,2026-07-18,2026-07,03,2026-07-17 03:43:17,2026-07-17 03:43:17,-1.0,1.0,64.71647555512826,credit_card,0.0
1849f43a-9dee-4229-bb82-b61e48abac85,churn_b64bc6c8,Test City,XX,delivered,2026-07-18 02:43:17,2026-07-18,2026-07,02,2026-07-17 02:43:17,2026-07-17 02:43:17,-1.0,1.0,60.77288237418526,credit_card,0.0
08e47d57-4043-4348-b882-a9351583e686,churn_891ce82c,Test City,XX,delivered,2026-07-18 02:43:17,2026-07-18,2026-07,02,2026-07-17 02:43:17,2026-07-17 02:43:17,-1.0,1.0,130.14131153873564,credit_card,0.0
51306dd3-1b11-4104-9d95-4b7daa452600,churn_2d8ba7ce,Test City,XX,delivered,2026-07-18 02:43:17,2026-07-18,2026-07,02,2026-07-17 02:43:17,2026-07-17 02:43:17,-1.0,1.0,69.40346463509059,credit_card,0.0
57637d9d-8d7d-406c-8d39-c184c61ff2dc,churn_f099d17a,Test City,XX,delivered,2026-07-18 02:43:17,2026-07-18,2026-07,02,2026-07-17 02:43:17,2026-07-17 02:43:17,-1.0,1.0,141.6587160582141,credit_card,0.0
0015acc1-cfa1-4bd8-a7fe-6c251444094a,retained_0c155bae,Test City,XX,delivered,2026-07-18 01:43:17,2026-07-18,2026-07,01,2026-07-17 01:43:17,2026-07-17 01:43:17,-1.0,1.0,146.2771164167363,credit_card,0.0
9ea58be2-a33c-415c-b586-9f76d54e704b,churn_6e8bb26e,Test City,XX,delivered,2026-07-18 01:43:17,2026-07-18,2026-07,01,2026-07-17 01:43:17,2026-07-17 01:43:17,-1.0,1.0,71.92866746567275,credit_card,0.0
4adb5274-3e8f-4b66-9fd4-5d5661f60dfd,churn_b2df8c67,Test City,XX,delivered,2026-07-18 01:43:17,2026-07-18,2026-07,01,2026-07-17 01:43:17,2026-07-17 01:43:17,-1.0,1.0,115.50385657480149,credit_card,0.0
485950e3-c5ed-4dab-a603-b9ded86552ce,churn_3091b20e,Test City,XX,delivered,2026-07-18 01:43:17,2026-07-18,2026-07,01,2026-07-17 01:43:17,2026-07-17 01:43:17,-1.0,1.0,141.3876045943089,credit_card,0.0
9fbaf9fe-1bc9-4823-98ee-ce9d1862f19b,churn_231a3998,Test City,XX,delivered,2026-07-18 01:43:17,2026-07-18,2026-07,01,2026-07-17 01:43:17,2026-07-17 01:43:17,-1.0,1.0,76.98375703567876,credit_card,0.0
d1624bd4-3fa1-4a72-b55d-499747d63cfc,retained_6d1e0e07,Test City,XX,delivered,2026-07-18 00:43:17,2026-07-18,2026-07,00,2026-07-17 00:43:17,2026-07-17 00:43:17,-1.0,1.0,65.2891221236921,credit_card,0.0
665537ca-0f22-4be6-ab7b-88e086612a6b,retained_57525ca8,Test City,XX,delivered,2026-07-17 23:43:17,2026-07-17,2026-07,23,2026-07-16 23:43:17,2026-07-16 23:43:17,-1.0,1.0,136.79925268597967,credit_card,0.0
c6799e2b-ab21-4f10-a7cd-bfc8ff7d0006,churn_d70e1bf2,Test City,XX,delivered,2026-07-17 23:43:17,2026-07-17,2026-07,23,2026-07-16 23:43:17,2026-07-16 23:43:17,-1.0,1.0,83.86291560067087,credit_card,0.0
19802e77-618d-401f-af53-b9989fa05506,churn_c357f927,Test City,XX,delivered,2026-07-17 23:43:17,2026-07-17,2026-07,23,2026-07-16 23:43:17,2026-07-16 23:43:17,-1.0,1.0,147.76837963102372,credit_card,0.0
3860e1ff-8149-41b5-8b97-a7ebad1c193e,churn_5a4228d1,Test City,XX,delivered,2026-07-17 23:43:17,2026-07-17,2026-07,23,2026-07-16 23:43:17,2026-07-16 23:43:17,-1.0,1.0,65.16656812340581,credit_card,0.0
