order_id,order_timestamp,customer_id,product_id,category,price,quantity,order_value,payment_method,platform,city,delivery_status,is_returned
8c4c629e-b7d3-4392-8638-aa23982cfa04,13:41.9,bd606bdb-abb1-4c4b-968e-2a4c7906546a,SKU-5176,Electronics,2854,1,2854,COD,Android,Mumbai,Delivered,Yes
d0324abd-e4bc-4603-8211-228c73a9b45f,13:41.9,2680293b-caa6-4252-9a66-c57798a41024,SKU-0206,Grocery,4790,2,9580,COD,iOS,Bangalore,Shipped,Yes
c0250937-29cb-425f-9da5-c9fc8f19aedf,13:42.0,84a069c8-16eb-4c17-8cc0-9cf3a677cc25,SKU-1768,Fashion,2672,1,2672,Card,iOS,Mumbai,Pending,No
78867982-ce1e-493a-afa7-04726be97f3d,13:42.0,ee386caa-ce32-4072-a07b-54b7e610af15,SKU-4477,Fashion,3880,2,7760,UPI,iOS,Bangalore,Pending,No
8a6e7def-dcb1-40df-80dd-446f3f1f5d53,13:42.1,f8fd001a-9434-494d-b522-1087bedcecde,SKU-7071,Home,573,2,1146,UPI,iOS,Mumbai,Delivered,Yes
82bcbfbf-e3ee-4136-af28-6937a50898d7,13:42.1,b71019cd-a394-43f2-b19f-97e5784ff8d2,SKU-8551,Home,4947,3,14841,Card,Web,Hyderabad,Delivered,Yes
2a59baf8-b3e1-4a3a-8420-982bb4a79197,13:42.2,dd1ddf5a-f3f2-4950-8baf-95769b30464a,SKU-6388,Home,4243,1,4243,Card,Web,Hyderabad,Pending,Yes
578cfe05-7970-4108-823d-8d20c84fe51f,13:42.2,b3f72189-30eb-4ab3-b3a7-0e112ca95061,SKU-5731,Fashion,4551,3,13653,Card,Web,Hyderabad,Delivered,Yes
35bdcd63-7769-40dc-be96-9ad3d3a0d657,13:42.3,9a6527aa-33c8-490c-922a-91747980861e,SKU-6022,Fashion,3444,2,6888,COD,Android,Hyderabad,Shipped,Yes
459665ae-8761-4f40-b566-4436e2c24143,13:42.3,80c2fdc0-244d-49b0-9ea8-ebb0cb31854d,SKU-0431,Electronics,3218,1,3218,Card,Web,Chennai,Pending,No
992355fd-3949-410e-9911-1e7f744ce548,13:42.4,aaaebd94-378e-4d68-9fbc-0e6e9ca6db2e,SKU-1413,Electronics,3279,1,3279,COD,Web,Chennai,Delivered,Yes
cba9e2a5-6d27-4abb-921f-30756f7d9cc5,13:42.4,7ee8beea-cef1-46fe-ad9d-eec3f4d5aa5b,SKU-1367,Home,2531,3,7593,UPI,Web,Bangalore,Pending,Yes
06be40ba-5310-4aad-9c42-20484af67517,13:42.5,d2b8f040-bdf5-4886-b568-fd445c447905,SKU-8873,Grocery,3564,2,7128,COD,Android,Delhi,Delivered,No
759825ef-90c6-4123-b49f-bc67d28b2758,13:42.5,3f1c3473-4510-4b04-b9d3-21f892930ad5,SKU-1901,Electronics,2347,3,7041,UPI,Web,Delhi,Delivered,Yes
53448a9b-4b27-44ff-9956-0336743fe9ef,13:42.6,736ae31a-969d-49f1-8620-f54710edc312,SKU-4475,Fashion,1896,2,3792,Card,Android,Delhi,Shipped,Yes
1fd04b55-3269-4e34-bce6-0e77815fb76e,13:42.6,bc861691-b01d-4e7a-995f-6319e5471d09,SKU-6239,Grocery,2115,3,6345,Card,Android,Hyderabad,Pending,Yes
3a70a61e-a8b2-42c4-bc2e-f349f2c418d5,13:42.7,8e40c449-c459-435e-b804-5cc604cb7af0,SKU-4837,Electronics,1986,2,3972,COD,Android,Hyderabad,Shipped,Yes
0add0d37-ff68-4d41-9aab-75586fac2642,13:42.7,e34cd835-7e49-4740-8aab-24f1b2244155,SKU-8453,Fashion,222,3,666,COD,Web,Chennai,Delivered,No
bc059ed2-8b50-443d-a4d6-456c503e46f4,13:42.8,4b305e47-3bd1-440d-9495-f9501cc62244,SKU-5554,Grocery,1074,3,3222,COD,iOS,Hyderabad,Shipped,Yes
75ea57d3-0ae6-4d85-8a76-6db2a5e363ad,13:42.8,e387e0f0-d0ff-4453-bb3d-2c4e530baffd,SKU-9133,Fashion,1925,2,3850,Card,Android,Hyderabad,Shipped,No
fdb6d432-7a8f-40fd-9fa6-109bed3a1a46,13:42.9,91a1a96d-70c3-4ed1-875a-58dd34a61387,SKU-0100,Grocery,759,3,2277,COD,Web,Delhi,Delivered,Yes
04d49473-2c3e-412e-b991-1b0d4c40deb8,13:42.9,a6ab7330-d65a-44a4-9b18-f2ddd8a276b5,SKU-3376,Electronics,4787,2,9574,Card,iOS,Delhi,Shipped,Yes
ff8cfc25-0f68-4689-b9ce-9775c8ba7880,13:43.0,a36f5976-528d-4b6e-b735-e5c766b8b6e9,SKU-3978,Home,349,1,349,UPI,Web,Chennai,Pending,Yes
8bb790e4-4380-4ddd-b287-8eeef4cdc8b9,13:43.0,9a59e126-e836-48a5-8c51-5f7f61b76d82,SKU-3529,Grocery,299,3,897,COD,Web,Mumbai,Pending,Yes
19613edc-b800-4f94-9a99-ed27818a2348,13:43.1,16a55e5f-aa45-4827-90b3-77bce2265518,SKU-6624,Fashion,852,2,1704,COD,Android,Delhi,Pending,No
5f930d45-ac24-4f0f-a302-0b9741f55120,13:43.1,4b8e8266-6de5-4986-9ea3-99a956be30cc,SKU-8468,Fashion,4634,2,9268,UPI,Web,Chennai,Shipped,Yes
fc75d7ff-7bf4-41d7-b445-e2d4503c1ae6,13:43.2,88a023ad-eab3-421e-bc66-d065531591db,SKU-7031,Grocery,1611,1,1611,COD,Web,Delhi,Pending,Yes
a6bc3801-56a5-4ee5-bab4-fe80968a2d17,13:43.2,aa5c50c6-bf1e-453e-aa66-d1929f072cf2,SKU-3375,Electronics,3944,2,7888,Card,iOS,Chennai,Delivered,Yes
d6278d4f-f77a-416b-95b3-19b1793f6cf7,13:43.3,f026b04d-7264-42af-babb-f79faba6ecae,SKU-4660,Grocery,2631,1,2631,UPI,Web,Mumbai,Delivered,Yes
3dbbded8-3dfb-4f44-be27-2ba11ffcd2c4,13:43.3,71d30e74-50cd-4627-8a60-3640a2652881,SKU-2762,Grocery,3096,2,6192,Card,Web,Chennai,Delivered,Yes
a0f3ebf4-d546-4bf9-ad4f-35da1e490935,13:43.4,f8ec471e-2211-47a9-99f3-428e7be68fc5,SKU-4856,Grocery,3894,1,3894,COD,iOS,Hyderabad,Delivered,No
7bfd7cca-030a-4a64-8c15-89c45dd6e3c9,13:43.5,06a20400-2c3a-4255-a320-bbb047f426f7,SKU-1416,Electronics,1902,3,5706,UPI,Android,Mumbai,Pending,Yes
8657ba8f-7851-4499-85eb-21b7dc154261,13:43.5,f71a055c-8abd-44ae-8edb-83f21e1c0a37,SKU-3368,Fashion,487,2,974,UPI,iOS,Chennai,Shipped,Yes
6bb98ea7-46a3-43da-97c9-66e2325035f8,13:43.6,76ab128f-df56-4a84-a2de-7fd51cacdd8e,SKU-2176,Electronics,1096,3,3288,Card,Web,Hyderabad,Pending,Yes
72700ca1-4c97-4c52-a101-20991abb7cbb,13:43.6,64e7b484-351c-4a8a-9122-2defbb8797c0,SKU-7143,Electronics,3998,3,11994,Card,iOS,Bangalore,Shipped,Yes
06ab1304-d25e-423b-9985-f9bfcda2db80,13:43.7,f243f98a-9eaa-4187-832e-b35dafeacacc,SKU-3802,Fashion,349,2,698,Card,Web,Mumbai,Delivered,No
50af7b87-1f92-4528-ada4-7a49e3f4d4c0,13:43.7,2f957234-6453-405b-94f4-ada5891cfa17,SKU-2842,Electronics,278,1,278,UPI,iOS,Mumbai,Pending,No
9c71107a-26f1-484a-834c-c030dd5fcba4,13:43.8,7d28685e-1688-45b3-a249-313f6d579557,SKU-8362,Home,2990,2,5980,COD,Android,Chennai,Pending,Yes
f223ed02-78cc-4f4c-884e-f3d5ccaf7961,13:43.8,db9a84e0-1d2b-4632-9f08-3467da139fc6,SKU-7146,Electronics,2748,2,5496,COD,Android,Hyderabad,Delivered,Yes
efb72512-9be4-4595-a0de-b0489d20af29,13:43.9,7eb674cb-a88d-4a3c-ac98-17ac34fc07d4,SKU-6167,Fashion,2493,1,2493,UPI,Android,Mumbai,Pending,Yes
d028ef0c-236e-4cf6-b2bb-ae016e6b9265,13:43.9,d64a14c7-d5aa-4e42-8da4-f4335db99248,SKU-1126,Home,975,1,975,COD,Android,Chennai,Delivered,No
29635915-504f-4f12-8d19-13f5e46ba53e,13:44.0,7ab75caa-0a69-4901-81e6-75fb48463f10,SKU-6572,Electronics,4572,3,13716,COD,Web,Chennai,Pending,Yes
28903e96-ae91-4eb3-a1f7-43fae2c6004b,13:44.0,ec67008f-368b-4637-8dda-7adbb08762ad,SKU-9137,Home,1518,2,3036,COD,Web,Bangalore,Pending,No
f59e4351-325c-492f-9287-c64dbbc9709b,13:44.1,f3172508-5770-43ad-b3db-fed4051576c1,SKU-9412,Home,2517,2,5034,UPI,Web,Hyderabad,Pending,No
69167050-c9be-4f86-bab3-569973ead6ee,13:44.1,e75436df-bd0d-4ce8-b9f0-eb95fbb62d62,SKU-7499,Electronics,3332,3,9996,COD,Android,Bangalore,Pending,Yes
ed16fe46-6929-4cbf-aac6-7aa49205eb17,13:44.2,e9402e32-9c79-4101-9ce5-f8c6d2e41889,SKU-2009,Fashion,4884,1,4884,UPI,Web,Hyderabad,Shipped,No
7b51d434-d3f2-4c09-873f-819b75c64f40,13:44.2,e2255f84-7d10-4624-9dea-3ed9e999643c,SKU-6866,Fashion,2983,1,2983,COD,Android,Chennai,Delivered,Yes
a4f8de34-d88a-4ea3-b1ac-1fa9817081a9,13:44.3,b46f81cd-7e10-4a59-a0ab-21bc334cb777,SKU-8631,Grocery,1543,1,1543,COD,Android,Mumbai,Pending,No
13154f2a-be31-4479-a4d3-53544a4e06f6,13:44.3,8d271a05-a8a4-4756-ac5c-184cbc45b33c,SKU-4642,Grocery,990,2,1980,UPI,Android,Bangalore,Shipped,No
9b9c67ae-80ff-4335-ac5e-aee2d1f83991,13:44.4,630c649b-ba23-447c-ad1a-901d31be6b48,SKU-2533,Electronics,479,3,1437,Card,Web,Chennai,Shipped,Yes
e8de0965-8a0e-49de-97f0-cbe63280d555,13:44.4,22bb0d5f-4284-4366-9243-a7ebb89e6f78,SKU-0055,Fashion,2497,1,2497,Card,iOS,Delhi,Pending,Yes
c341e89b-4e39-4eb8-9fb0-140a36e058f9,13:44.5,08865687-0c03-49c1-a07a-c9f162cc71c5,SKU-1507,Fashion,3790,1,3790,Card,iOS,Hyderabad,Pending,Yes
99203ceb-15f6-4ab4-955f-98e25df853ac,13:44.5,863ebf64-1f62-478a-b6a7-d066ecce65c6,SKU-3506,Electronics,4429,1,4429,Card,Web,Mumbai,Shipped,Yes
d5a0a984-f091-44a9-9513-6c89425560c0,13:44.6,2065d23c-23ad-4dca-8381-7c2a77ba4935,SKU-2861,Electronics,3159,1,3159,COD,Web,Mumbai,Pending,No
293c9d83-74f4-44a5-840c-fc6c0f79b959,13:44.6,aa2a145a-2a41-4749-a65d-f7e57053d721,SKU-5610,Grocery,1146,2,2292,Card,Web,Mumbai,Pending,No
f149d00b-178b-4c95-bee9-24498f20f65e,13:44.7,aeb7c114-22dc-49a1-bad4-83cb7d8a035f,SKU-6909,Fashion,1419,1,1419,Card,iOS,Bangalore,Shipped,Yes
392ecdfc-d70b-4715-8d88-cb6684073e29,13:44.7,50a18094-5168-4dec-a5d8-ccfda89dbaf6,SKU-0810,Fashion,213,1,213,Card,Web,Chennai,Shipped,No
c9b6fa2d-c595-4652-a489-1828cde5c61a,13:44.8,ad54b515-6907-4a12-bae5-f90139c1726c,SKU-9471,Electronics,4874,2,9748,Card,Android,Hyderabad,Shipped,Yes
7f18b990-f167-4035-a16a-98176fcbe63c,13:44.8,9f41e94e-6e7c-40ef-ba07-3f643d852898,SKU-2272,Fashion,883,3,2649,UPI,Web,Hyderabad,Delivered,Yes
adc98039-b238-46ab-bfd5-61c16c64d86b,13:44.9,f5a864e5-d542-48fe-8730-b189e433ee6c,SKU-9965,Fashion,2064,2,4128,Card,Web,Chennai,Pending,Yes
243a40e5-709d-4e37-8534-8ef485cf9890,13:44.9,4922bf44-9f73-49a5-92d7-8dba4180fc5c,SKU-8546,Fashion,3263,3,9789,COD,Web,Delhi,Shipped,Yes
2c5865f2-4af4-4e75-bb3c-cb5ad5631daf,13:45.0,fd16552e-db50-4d9e-b888-fc392eb65f7b,SKU-9638,Electronics,837,2,1674,COD,Web,Delhi,Pending,Yes
583d7608-1010-4596-8497-00eb6962fe50,13:45.0,bfbb6315-5c65-4668-b24b-0b2de7e8d02e,SKU-4379,Home,2200,2,4400,UPI,Web,Chennai,Delivered,No
dc87d2b5-ff05-4db5-80bb-904fedd079ef,13:45.1,9f7e5397-8e6e-4266-bcc5-c47db17b79c2,SKU-7031,Grocery,1903,3,5709,Card,Android,Delhi,Pending,Yes
6c167e3c-e16f-415d-95ec-af92648221f6,13:45.1,a041a7cd-fd94-4a54-8e06-9beaaf279102,SKU-0425,Electronics,4512,1,4512,Card,Web,Chennai,Pending,Yes
6636f06d-44d1-40d6-a75a-fa42dcf9a68e,13:45.2,51d6702a-c9eb-41a0-b290-0d55eb3b63ef,SKU-8704,Grocery,1740,2,3480,COD,iOS,Delhi,Shipped,Yes
f3aa377e-86b7-4013-aabf-83437e714fe7,13:45.2,e1b9a75d-c033-4ca8-9802-41ae11a86c26,SKU-1610,Fashion,3928,1,3928,Card,iOS,Delhi,Delivered,No
9f045a01-dc7f-42a6-975d-47fda27c20af,13:45.3,f5d51e6c-b1bc-4f18-a4f2-a6b9a4aef2f6,SKU-8283,Fashion,2347,3,7041,UPI,Web,Delhi,Pending,Yes
87384a9b-9515-45cc-a147-3adcd90422ca,13:45.3,23d41742-a6e9-45b9-81d1-43085c8000d7,SKU-0776,Fashion,270,1,270,UPI,iOS,Hyderabad,Delivered,No
b22c1d5c-187e-480b-b656-c2b6c91dead1,13:45.4,06904876-627d-4a1c-a646-398ecc6e6e8f,SKU-1529,Electronics,2437,2,4874,UPI,Web,Bangalore,Delivered,No
19e4116d-c7b2-4a55-b8ba-bfbaab510ee2,13:45.4,a03575ea-fc32-42d7-a3c0-ce9155ba8ab2,SKU-1167,Electronics,4071,1,4071,UPI,iOS,Chennai,Shipped,No
37a593bf-0824-44cb-bf70-667388449e48,13:45.5,ae9545a2-f11b-40f4-858f-4a73f874086a,SKU-3543,Grocery,525,2,1050,UPI,Android,Delhi,Delivered,Yes
8e919519-048f-43d1-978c-a726a01ef1d7,13:45.5,6aba0ac2-d770-4612-819e-d59866249d41,SKU-9668,Home,1312,2,2624,Card,iOS,Chennai,Shipped,Yes
b87f3688-2c6c-4dc8-b70f-d6d4d6e05fdf,13:45.6,69e1207b-41e5-40b1-95e6-0c1729dce892,SKU-5487,Electronics,4847,1,4847,Card,Android,Mumbai,Delivered,No
138ee7aa-0bfd-4b8c-8f65-8a6d55d579c0,13:45.6,2a43ac97-65bd-4b3c-a272-c86d4fa62ff7,SKU-0297,Grocery,2423,1,2423,COD,iOS,Hyderabad,Delivered,Yes
063c9f16-244a-4bb0-94dc-362a1ca8078d,13:45.7,f372e605-dee1-424b-a400-aae81797b48a,SKU-5468,Grocery,4976,2,9952,Card,iOS,Chennai,Pending,Yes
c437f115-8b27-48dc-99b6-ac298c25cf3f,13:45.7,d50cfa6e-7802-465a-89b6-9ce7fd64b8d9,SKU-8990,Home,439,1,439,COD,iOS,Bangalore,Shipped,Yes
6b45455b-adbd-4202-9dae-581c2f4a50ce,13:45.8,0c643c1d-4a9f-41ce-85b7-7e65aaeaadbe,SKU-6992,Home,791,3,2373,UPI,Web,Delhi,Delivered,No
d5127a94-a30a-44c3-913a-764e718165c1,13:45.8,e5aa5ea9-5393-42b9-a5ed-70c816fedeb8,SKU-2774,Fashion,2907,3,8721,Card,iOS,Chennai,Shipped,No
9e03c7fd-5794-4130-9050-12d27430b077,13:45.9,cb0a85e7-0db3-468c-98b6-150fb98db5ab,SKU-9120,Home,1833,1,1833,Card,iOS,Mumbai,Delivered,Yes
5e01902d-b320-4418-b47d-e12a7ab6aabe,13:45.9,891ceac0-5012-4eb6-b8b6-0f61b613e77c,SKU-6532,Fashion,3305,3,9915,Card,Android,Hyderabad,Shipped,No
efa99706-f1b3-450f-a0c3-8e26ba369096,13:46.0,9bc90c56-fe7d-42ec-b02c-ce4e50740c32,SKU-5905,Fashion,3805,1,3805,COD,Android,Delhi,Pending,Yes
cfc11e1e-4318-4e24-baef-9ff2763c3a8d,13:46.0,974e0fc4-f124-4004-8d3e-eb0c78dcac68,SKU-2063,Home,1215,3,3645,COD,iOS,Delhi,Delivered,Yes
ab066c8d-0a48-42c9-b0bb-4c7ac3420dec,13:46.1,e634f5e0-43c9-4357-b8ed-1f7424d9400b,SKU-4649,Home,2542,3,7626,COD,iOS,Delhi,Delivered,Yes
f81bc857-2c67-4262-b85b-92dc15ac57d5,13:46.1,93484c38-3278-4429-b061-96bbb127093c,SKU-3133,Grocery,1592,3,4776,COD,Web,Bangalore,Delivered,Yes
c710b6b0-45a8-4afa-a0b1-cca52d64f779,13:46.2,ddb8e026-b004-4d08-bdb8-43ca69783f6a,SKU-9562,Fashion,3940,1,3940,UPI,Android,Mumbai,Pending,Yes
7787a915-d6a9-4777-8ce8-524f66c6f67f,13:46.2,5da99976-b5f6-4842-b1a6-d49c3006d052,SKU-7595,Grocery,4155,1,4155,Card,Web,Hyderabad,Shipped,Yes
fad494b2-a6b7-4bf9-a0e7-64d401808924,13:46.3,a2d94209-079d-40b2-a032-671428e04014,SKU-1616,Electronics,4351,3,13053,UPI,Web,Chennai,Delivered,Yes
80978dba-9f4c-454b-9c2c-ead91ad1a9fc,13:46.3,0f9aa632-bedf-45d5-a241-65851bc4144e,SKU-6655,Home,1755,3,5265,UPI,Android,Hyderabad,Shipped,Yes
fce19103-e2f0-4df0-9a05-061ddc709774,13:46.4,d4f143f1-1c2f-48ad-99b7-506c87f1d455,SKU-7559,Home,1541,2,3082,Card,iOS,Delhi,Shipped,No
b37ba326-4a54-4b2b-a8c4-6526b4ab1895,13:46.4,60e2c807-8dcc-4ad8-ac5a-1621438b14a6,SKU-4249,Grocery,974,3,2922,COD,Web,Bangalore,Delivered,Yes
927624b5-cbc9-42a5-85df-db129deaa7af,13:46.5,d5c4e99e-74da-45fd-81a1-807af1fce719,SKU-6056,Grocery,2450,2,4900,Card,Web,Chennai,Delivered,No
64c81831-e5ef-4f74-9907-89b8a8a55997,13:46.5,57123f9f-c485-49ce-a706-eb88865dd4d7,SKU-6450,Grocery,539,2,1078,COD,Android,Delhi,Shipped,No
bf7108cb-15ea-4bc4-b341-ac4a5ae31513,13:46.6,cd436a55-1bb0-428a-a16a-4b96867625c9,SKU-2673,Grocery,1534,3,4602,UPI,Android,Bangalore,Delivered,No
ae0d661b-9269-4cbc-96b8-2aeb9958e387,13:46.6,d446ac29-02e0-4811-8d5f-9656e5328d23,SKU-1733,Grocery,4709,1,4709,COD,iOS,Chennai,Pending,Yes
f6c39190-1414-4279-8c3b-8bff91fe438a,13:46.7,aeee6957-cb6c-47b4-997f-a9eef80735f9,SKU-2966,Fashion,4745,3,14235,COD,iOS,Delhi,Delivered,No
75c8ee07-b219-4b00-94e2-8d83ccf5fa50,13:46.7,7a845c24-467a-48c3-8d31-38677efa168a,SKU-2348,Fashion,4618,1,4618,UPI,iOS,Mumbai,Pending,No
01f2288f-ba91-48f3-a409-da736cff45d9,13:46.8,36233327-bf0f-42b0-97c2-b8b0cb95f1ce,SKU-1849,Grocery,3038,3,9114,COD,Android,Chennai,Pending,No
0d4f3d50-cbf1-42c0-ac5c-773a5e32d2be,13:46.8,328e0b30-5339-47c9-aa12-668a282fa21d,SKU-5812,Fashion,3729,3,11187,UPI,iOS,Mumbai,Pending,Yes
c17873d8-5ae6-482f-a591-099be3dd9621,13:46.9,0f3aa17d-9b06-43a3-b9c9-da34191b032f,SKU-8305,Grocery,4148,2,8296,COD,Android,Bangalore,Delivered,Yes
a13484e2-fae4-4696-b564-7281ce4dcfda,13:46.9,24b01478-5140-47e6-8174-e788779b2793,SKU-5363,Grocery,1173,3,3519,COD,Android,Mumbai,Pending,No
e8ff2a00-422f-4c0d-baaa-480f0fd9ee59,13:47.0,b6d91eae-a00f-426f-a3d1-50738caac844,SKU-1505,Home,4071,2,8142,COD,iOS,Bangalore,Delivered,No
c2a893b6-3afb-4f32-9e51-10c9ad47250d,13:47.0,9de901ee-9e01-4ae3-adfb-2f3ff4d678b0,SKU-8557,Grocery,2800,3,8400,UPI,Android,Chennai,Pending,No
49b09ef2-3e3c-41d7-affe-132ceaa3c460,13:47.1,0ad57905-f9b7-4891-9cbe-d024287c6798,SKU-3498,Grocery,4831,2,9662,Card,Android,Mumbai,Delivered,No
0deea0cf-18db-4b91-82c9-cf120f39bc11,13:47.1,b2ed712b-703d-460c-bd74-aa199935852e,SKU-4395,Electronics,3438,2,6876,UPI,Web,Chennai,Delivered,Yes
bf3f12f6-d183-4d56-a04d-735b334a673b,13:47.2,c107069a-c589-467c-a002-f1b4974c2b3a,SKU-7393,Grocery,2563,2,5126,Card,iOS,Chennai,Delivered,No
ee149083-3bc7-4639-949d-402a034ae22b,13:47.2,02129d39-b109-4763-ae34-7482ae911466,SKU-3622,Electronics,1195,2,2390,COD,iOS,Delhi,Pending,Yes
a7633437-41f7-4d89-b305-9abf13319fa5,13:47.3,f025e979-7ed2-4e3d-a7cd-2b88edd148a3,SKU-2357,Home,4007,2,8014,Card,Web,Delhi,Delivered,Yes
a871244b-f7c0-4e24-8cd4-ab8eb78aa55a,13:47.3,05af6241-2ddd-4177-9e6e-0fdb428364f1,SKU-1541,Electronics,377,1,377,COD,Android,Hyderabad,Shipped,No
3034fedb-2d17-4a5b-a104-f57fe481e233,13:47.4,9241777a-79a6-4062-b454-fe25256c8122,SKU-4563,Fashion,3794,3,11382,Card,iOS,Chennai,Pending,Yes
24e74fc1-ecf0-4ae5-abfe-85574ad432fa,13:47.4,e2422995-2944-4c69-9b41-1c36d9ae0676,SKU-8132,Electronics,1425,3,4275,UPI,iOS,Hyderabad,Delivered,Yes
ca80ba94-ab48-4ef3-a791-ee3596c21431,13:47.5,6c23d848-63d4-42ea-9d6a-4a9f2a55b1dc,SKU-0779,Fashion,4827,1,4827,UPI,Android,Bangalore,Shipped,No
edb0a398-2da5-47cd-a470-74af9118b683,13:47.6,ab8179fb-0ae7-4f25-bd4e-693bb5150d37,SKU-8415,Grocery,4580,1,4580,UPI,Android,Delhi,Pending,No
5fc01681-96b2-47f5-8552-e2c65a59dedd,13:47.6,75a0576c-3473-44cb-b715-4a8ebe0e2a97,SKU-6613,Grocery,1619,1,1619,COD,Web,Bangalore,Shipped,Yes
816eb0ff-67b7-4b11-b598-3fb45134bb77,13:47.7,b52d4b7d-3711-4691-b7af-f4a827f4182d,SKU-3124,Fashion,3594,1,3594,Card,iOS,Mumbai,Pending,No
6d92c1c0-8588-41b6-9c38-32ca9559b381,13:47.7,176ab318-c5ae-4348-8259-a5ef259fd296,SKU-9132,Fashion,3331,3,9993,COD,Android,Mumbai,Pending,No
308fcc7a-2016-40dd-b221-c7642caaff88,13:47.8,d49d40e5-22c8-4a56-8e5f-9139ac7dcdd4,SKU-8894,Home,3192,2,6384,UPI,iOS,Bangalore,Pending,No
63114f82-1159-4dcf-b1d3-d1f670190a4d,13:47.8,69563c0e-268f-447a-bd75-7e64cc6063e5,SKU-2657,Home,4186,1,4186,Card,Android,Mumbai,Shipped,Yes
7a74f03f-b9e4-4f6d-9336-33a619cf8c03,13:47.9,5c5d57d3-419d-49b5-93c9-ed6b6e0c194a,SKU-2421,Fashion,1700,2,3400,UPI,Android,Delhi,Delivered,No
f914936f-102c-4f5c-bbf5-5a96e92e5dfe,13:47.9,dde20bdf-257b-49d3-a94e-d8cb4b15b7ec,SKU-0026,Fashion,4467,1,4467,COD,Android,Bangalore,Delivered,No
ab731021-b46c-4ae7-bc82-db3067b8a31d,13:48.0,707fac0c-b878-4872-979e-899c45e84d8a,SKU-3368,Grocery,1719,2,3438,UPI,Android,Delhi,Pending,No
d211b019-11d6-41fd-9e1c-45863d017af0,13:48.0,6a919981-0148-415e-b2ca-0f62e4301a0f,SKU-9009,Home,1129,1,1129,COD,Web,Bangalore,Delivered,No
895a4cc6-26a7-4413-b811-e76475c54996,13:48.1,5636eadb-e15e-4c6f-9bef-4b9820715a46,SKU-5512,Grocery,2437,2,4874,Card,Web,Chennai,Pending,Yes
17dd4950-2e87-4c35-998c-d07c7e026dc2,13:48.1,8f6c3732-389b-474a-b12a-5cc63510ad86,SKU-0481,Fashion,2792,1,2792,UPI,Android,Delhi,Delivered,Yes
8fd64a2f-8777-49e5-975b-447ee0741db7,13:48.2,636febae-0dd7-41f0-a343-b4445e1c2d89,SKU-7640,Home,2957,3,8871,Card,Android,Bangalore,Shipped,No
836f4348-bfef-45ca-8a1a-07b605c6841a,13:48.2,00c9a998-95e0-4a57-9031-306902b4c8c6,SKU-7041,Home,4973,2,9946,COD,iOS,Hyderabad,Shipped,No
6964c825-b7d8-497a-add3-a19e5a47b94e,13:48.3,63ed6302-c04a-4297-b3fc-248e0f2b50f6,SKU-0783,Electronics,438,3,1314,COD,iOS,Mumbai,Pending,Yes
d010e576-495c-4354-8adf-5fba3fad3417,13:48.3,940de9f4-2761-4fac-81b4-11de29468602,SKU-7654,Home,2885,3,8655,UPI,Web,Delhi,Pending,Yes
467006a2-541a-40b7-8466-bd60b12f79cf,13:48.4,2298da37-6957-4024-8f27-b52b1401b86b,SKU-5589,Fashion,3776,3,11328,COD,Web,Mumbai,Shipped,Yes
fef613e7-6cea-4323-8a28-9d4dd06d2bd0,13:48.4,077b3cac-0062-4125-99eb-3abca24c5933,SKU-7487,Home,3220,1,3220,UPI,iOS,Mumbai,Shipped,Yes
b1c010af-a5d8-4010-97ce-509ee38564cb,13:48.5,99151d85-32bf-4436-bfb7-b237bd2a2b1c,SKU-8936,Home,4840,1,4840,Card,Android,Chennai,Pending,No
090a4273-43e0-4615-8cec-34730b68fcd3,13:48.5,d4cdc1bf-b214-4927-8db0-d37b54d135d8,SKU-2768,Grocery,4760,2,9520,UPI,Android,Hyderabad,Pending,Yes
7f477ca9-ed66-4bd4-b13d-915aac4e39a2,13:48.6,dd226daa-43c3-40f0-9910-86376e780ff9,SKU-0786,Home,3686,3,11058,COD,iOS,Chennai,Delivered,No
25e456d4-fca6-413b-a8b9-156f96de4153,13:48.6,ef3ae4de-8eb8-43ce-8092-4876e6f803ba,SKU-9029,Fashion,749,1,749,COD,Web,Hyderabad,Shipped,No
fd135acb-a2b6-4d66-99c4-0fccfd3168d5,13:48.7,5e90d5b8-88a9-4fcd-b311-cf220821556f,SKU-7697,Home,4652,3,13956,COD,Android,Bangalore,Shipped,No
d6563471-a366-42db-9d0b-e879454465ee,13:48.7,71305b73-3561-4b46-af34-23d216836ffb,SKU-0118,Home,4665,3,13995,UPI,iOS,Delhi,Pending,Yes
325927d1-17fc-4ba7-94d8-de436a0fcaa0,13:48.8,5eb76738-094b-49fd-86dd-75ffbe6d11f8,SKU-8207,Electronics,3146,1,3146,COD,iOS,Delhi,Delivered,Yes
1a8d3d8c-5360-4976-8ec3-acf554e1a949,13:48.8,1f489ca3-20a0-4012-b298-a6f774db65fc,SKU-8201,Fashion,4833,3,14499,Card,Android,Hyderabad,Delivered,Yes
a8b6eadc-2073-4f80-9870-df2e895ea118,13:48.9,e7f53a7d-489b-46f9-b7f5-c901145159c6,SKU-8705,Electronics,2432,2,4864,UPI,Web,Chennai,Delivered,Yes
9a258edd-a1ed-47a5-b5d5-5ab4ed85dc76,13:48.9,ac458d23-95da-4969-baff-b305a63d3e4f,SKU-9415,Fashion,1387,2,2774,Card,Web,Chennai,Pending,No
c987ff34-d17f-4184-b501-a5ef9478cefa,13:49.0,70179126-839c-4ad4-b317-dd52490c6a7d,SKU-1623,Electronics,4957,3,14871,Card,Android,Mumbai,Pending,Yes
17e686f7-666a-4091-909c-d3b9f2747adf,13:49.0,fe6cd193-6caa-4f45-9a2a-50a33661ed83,SKU-3752,Fashion,4078,1,4078,UPI,Android,Mumbai,Delivered,No
57616428-fc7d-44ce-93bd-4822067af73f,13:49.1,3327a0ed-926f-4cc8-9c0f-fd1ebce396f1,SKU-3922,Electronics,1997,2,3994,COD,Android,Delhi,Pending,Yes
fa6902a6-94af-40de-bd7b-9ec588895cbe,13:49.1,42134f1e-c70f-4e89-81a8-1918d7054fca,SKU-2731,Fashion,1957,2,3914,COD,Android,Chennai,Pending,No
01b83bb4-66de-48ea-b726-f4eae32926bf,13:49.2,c2559c81-f8c4-4c54-990d-89a3abc099f0,SKU-1669,Fashion,3910,3,11730,Card,iOS,Mumbai,Pending,Yes
f0916e87-c1e3-46e8-bbc4-2d72bd727bb3,13:49.2,5431bce2-1685-459f-a19c-da2668274a14,SKU-2281,Electronics,2189,1,2189,COD,Web,Bangalore,Delivered,Yes
db253bee-1dde-4c47-893d-4ca02d588f53,13:49.3,b1772f3b-d326-4322-8f20-08969a96d1ff,SKU-2112,Grocery,802,1,802,Card,iOS,Mumbai,Delivered,No
76ad1752-0885-4200-a8b5-9e31bfd4d9d7,13:49.3,aab8d3b4-c77a-459b-9bc6-54846fb34822,SKU-2007,Grocery,2390,1,2390,COD,Android,Mumbai,Pending,Yes
09986ee3-9b6e-4cad-b023-6c2484ea12e9,13:49.4,ad09b4a7-e2f1-42a2-bd6c-8de17e02847a,SKU-6105,Electronics,4844,1,4844,Card,Android,Delhi,Pending,No
3d931186-8202-414a-8d5e-eb63ca99f2eb,13:49.4,20077d93-491a-464a-b1a3-1a6e106c8b5e,SKU-9447,Fashion,3197,3,9591,UPI,iOS,Bangalore,Shipped,No
d9931deb-751f-4cc7-bc93-8540c72f8db8,13:49.5,5edbd116-b329-4365-8492-ea33d7e06e1c,SKU-0096,Grocery,3460,1,3460,COD,Android,Hyderabad,Shipped,No
a19f933b-cb53-4e45-abdb-67c280265eb1,13:49.5,476a05a5-4667-42ab-8f86-1ff580b8d42d,SKU-0325,Grocery,3227,3,9681,Card,Android,Chennai,Delivered,No
e3836ac7-35e5-4e9f-adc8-1a64b1ed9e88,13:49.6,d15ab44d-ed92-4d7e-b4a0-9924f0856e6b,SKU-9711,Home,577,1,577,UPI,Web,Delhi,Shipped,No
c4a5101c-8789-4dd1-a66c-64f7074e51b6,13:49.6,1c8d5867-93e9-41ea-908f-3687b037722b,SKU-0317,Home,3294,3,9882,COD,Android,Bangalore,Shipped,Yes
15b209ba-e7c3-458c-93aa-50967b74c8bc,13:49.7,da65d314-2303-44eb-815f-246af1574772,SKU-7744,Electronics,3919,2,7838,COD,Android,Chennai,Shipped,No
474c4e53-aa87-4ef9-8ba9-a057ec868a0a,13:49.7,25f27d94-d655-4893-99f9-2104eaceca88,SKU-1288,Electronics,2548,3,7644,Card,iOS,Mumbai,Shipped,Yes
1c02ffa5-1ef8-4bc6-bcc8-936afab1e0cb,13:49.8,f9a8261e-5bf9-4cba-beda-7ea1edb75ab8,SKU-8808,Fashion,4225,3,12675,Card,iOS,Delhi,Shipped,Yes
9698dd24-8c17-48fc-8044-89fdad441226,13:49.8,d1db8916-3c3d-49b6-892e-881116dc09fb,SKU-3470,Grocery,2798,3,8394,Card,iOS,Hyderabad,Shipped,No
9db19b21-262a-4ce8-bfd8-51dadf8a8077,13:49.9,163e02c9-0bba-4552-952d-0ef7ac98e116,SKU-5675,Grocery,3391,3,10173,COD,Android,Hyderabad,Shipped,No
c8c423d7-d010-4b17-aeef-458e8fe9c02a,13:49.9,3a1e961c-091b-4557-901f-25c4dfa7237b,SKU-4185,Home,4321,3,12963,Card,Web,Chennai,Shipped,Yes
48b891c1-401f-4362-96be-656275c4ad5f,13:50.0,e92141f9-1785-434c-b7cf-332d4d54b8d1,SKU-0590,Fashion,413,3,1239,Card,iOS,Delhi,Delivered,No
d66a133c-285f-4409-aa24-a78c9e6fce75,13:50.0,7739b59f-a183-4fde-bc12-b19c9564e274,SKU-8243,Fashion,1765,1,1765,Card,Android,Chennai,Shipped,No
992553fc-3f15-467c-8890-f24e9df87443,13:50.1,bd07481f-2484-47c0-ba99-0fb5bf70635f,SKU-6349,Home,3652,2,7304,COD,Web,Mumbai,Shipped,No
4c4756ca-63a9-468a-acf1-8bdc6042d1df,13:50.1,a3f21538-2435-4ed6-87b8-0f4a29d0386c,SKU-1065,Grocery,3736,1,3736,COD,Web,Mumbai,Pending,No
7c6a88b5-517d-436b-b174-084d2771d774,13:50.2,b36bbdc9-5913-4858-bba0-5402dfc8a788,SKU-8716,Home,4680,2,9360,COD,iOS,Bangalore,Shipped,No
c7b860a2-1e60-4934-a905-eb6e8824f176,13:50.2,9a76aa40-76d2-483a-88c1-1deafe30a13e,SKU-6079,Home,710,2,1420,UPI,Web,Mumbai,Pending,Yes
3545fc19-2536-4412-9789-80bda541c140,13:50.3,e8d63d07-d490-47c9-b329-c34ddb9cbe09,SKU-0788,Electronics,4826,3,14478,Card,iOS,Chennai,Pending,No
ff4eca62-a344-422b-b5e4-af71037bc416,13:50.3,9fb625d9-f2db-424f-9db1-717a2228bff4,SKU-5777,Fashion,701,1,701,COD,iOS,Bangalore,Delivered,No
3ca7f462-4bbe-4a25-8242-72984bf9524f,13:50.4,27a1d62f-2b79-4357-8b95-52d151742fca,SKU-1941,Electronics,4032,2,8064,UPI,iOS,Bangalore,Delivered,No
00d2566b-f037-457d-b0a3-2da85b8c7daa,13:50.4,4e19550e-7649-4014-80de-0491ac6b6d26,SKU-4627,Grocery,2574,1,2574,UPI,Web,Delhi,Pending,Yes
e6c7460e-7db9-4af1-ab70-ab530aea3a32,13:50.5,a3bd6b38-50fb-4134-b5c1-52fa03492ef1,SKU-8478,Fashion,1797,1,1797,Card,iOS,Mumbai,Delivered,Yes
a4a682e4-484e-4fd4-bb96-b99d844fef8c,13:50.5,0138c369-32b0-430b-9493-62c197e6f1fd,SKU-7719,Fashion,1849,2,3698,UPI,iOS,Delhi,Shipped,No
81feb9e7-f116-4c17-ba60-7475d8e40ae2,13:50.6,1515a520-d3aa-4804-ad04-c1c990ce7fb1,SKU-2751,Electronics,3485,1,3485,COD,Web,Bangalore,Pending,No
56e67073-11e7-427f-9c3f-39fccd655c50,13:50.6,1445eb35-ad15-4271-99a0-117fea60ab8d,SKU-9276,Fashion,3711,1,3711,Card,Android,Chennai,Delivered,Yes
2d53db50-d2ed-4241-884f-2787221f9eb1,13:50.7,a6c69f4c-cb16-4b3d-baad-c56a3edbbaf5,SKU-7340,Electronics,2365,2,4730,COD,Web,Chennai,Delivered,No
789c223f-2b79-4819-ba3c-28d4bc5df7e6,13:50.7,76e4648d-ba61-4cfb-a830-9cc6e85ef66f,SKU-3997,Home,732,1,732,Card,Android,Chennai,Delivered,Yes
5595aca6-3f4e-47db-bfc7-701f8048b1e1,13:50.8,a73adedf-1251-4d9f-8df7-80e9eac8bc49,SKU-1165,Home,1494,1,1494,UPI,Android,Hyderabad,Pending,Yes
12f4ff2a-d2ae-47b5-b821-8a1053d185e8,13:50.8,e76d65fa-df2c-48bf-8c68-caac09abdddf,SKU-6626,Home,1889,3,5667,UPI,Web,Bangalore,Pending,No
397ff153-1ae9-4cca-9d34-d8511a5118fd,13:50.9,95936e28-9120-411d-a106-c82b86aa1667,SKU-1992,Grocery,4475,3,13425,Card,iOS,Chennai,Shipped,No
3a9cce56-e0a3-4d06-a6d4-a190d96ad656,13:50.9,303fca1b-76bd-427b-a759-5b69febaa62f,SKU-2322,Fashion,1454,1,1454,UPI,Web,Delhi,Delivered,No
1b204d88-0490-456b-b494-434870c24d8c,13:51.0,0beed4c4-bfc9-4a43-b91c-7f4e504f0259,SKU-9631,Home,4407,3,13221,COD,iOS,Mumbai,Shipped,Yes
4aea39bd-3b0e-41c0-9801-8534367ab534,13:51.0,8392056f-7c73-4c4e-a144-24eac704bee9,SKU-7084,Grocery,3002,3,9006,Card,Web,Bangalore,Shipped,Yes
6c331f2b-5013-44f7-8d9e-6aa5fcb2c37a,13:51.1,bd4f1f47-66fb-43e0-bfd6-f61aa5806083,SKU-6162,Grocery,4308,1,4308,COD,Android,Hyderabad,Shipped,No
ad351d2d-e868-4536-81e5-2b2008c00cbb,13:51.1,2af4e67a-f0ed-4d03-85e8-c1ebf25a2135,SKU-3721,Grocery,4797,1,4797,UPI,Web,Hyderabad,Pending,Yes
5aac6862-8b51-42b1-a159-f58fc7aabdec,13:51.2,5ec48d71-b085-4597-978d-b7936a59aeb8,SKU-5192,Fashion,4036,2,8072,COD,iOS,Delhi,Shipped,No
571d6989-3fa2-4a2c-8bfa-03e9b780d104,13:51.2,a0db6165-f89d-4997-af51-0e2a0a5faefa,SKU-2044,Fashion,1131,1,1131,UPI,Android,Bangalore,Pending,No
e55a131f-3be2-4d4c-ab65-6ca72b18ae7d,13:51.3,9f0dde71-533c-46e7-a978-bfa4339aa6ac,SKU-1325,Grocery,1380,2,2760,Card,Web,Chennai,Delivered,No
2cd86b54-7744-449c-8f14-cba7ef92d69b,13:51.4,f3d56fb0-b038-4694-bc15-701e0fb77a0d,SKU-3057,Electronics,1744,1,1744,COD,Android,Bangalore,Delivered,Yes
572019bb-ef59-4131-9e2e-cede2a5645fe,13:51.4,511d201e-347c-46cf-b4f8-a97014cb5110,SKU-8078,Fashion,1761,2,3522,COD,Web,Mumbai,Delivered,Yes
0bf4dfd7-8c02-498f-afb2-1b611c684622,13:51.5,a31210c2-9eab-4316-8181-f0c3dab59f94,SKU-4192,Home,4401,2,8802,UPI,Web,Bangalore,Shipped,Yes
ae83a41e-69e7-4dce-9d36-397ee7cc4d50,13:51.5,ca0efe06-262f-4e94-ade4-408d4bcbd349,SKU-1461,Electronics,641,1,641,COD,Web,Chennai,Shipped,Yes
8b8d11a3-f3dc-4754-bcfc-d7204e263756,13:51.6,d3b1b324-76ba-4f65-8e87-bb3507cc9c0e,SKU-3173,Home,3036,3,9108,COD,Android,Bangalore,Shipped,Yes
ee702555-a213-4694-9baa-25f32a4657e2,13:51.6,9d934cd3-8ae6-4812-9223-3ddd7a2857c9,SKU-2610,Fashion,2764,2,5528,Card,Web,Delhi,Pending,No
1125a952-d43b-4f59-926c-b3fcbae49bfe,13:51.7,3f815d96-c266-423f-895d-2b7d5512c20b,SKU-4272,Fashion,4076,1,4076,COD,Web,Chennai,Pending,No
13838529-38e6-4325-bec4-575c5da0f992,13:51.7,24019988-c126-4e8f-bb05-e345c31aee7e,SKU-3645,Fashion,3879,1,3879,COD,iOS,Chennai,Pending,No
61a11b12-fc56-4a93-bdad-7516c30e430a,13:51.8,c9ce7fcc-f34d-43ac-bfee-41eaae3a888c,SKU-6748,Home,4766,3,14298,UPI,Web,Mumbai,Delivered,Yes
3eb7e57e-7345-441d-9205-b4065b7eb075,13:51.8,bcbfe8ff-b3bd-4914-b711-43bbe82c3171,SKU-2356,Home,2369,3,7107,UPI,Web,Delhi,Pending,No
5cf3af74-cae0-4d97-9279-9480f66d543c,13:51.9,6fe09362-bdba-4b86-b98d-4e2c51343bc5,SKU-7069,Grocery,1808,3,5424,COD,Android,Mumbai,Pending,Yes
ff284e5d-7915-48de-9384-c935494378ff,13:51.9,4a2fbaa8-ccf5-4ac2-98db-0d8b3402dabe,SKU-2043,Grocery,3658,2,7316,UPI,Android,Bangalore,Pending,No
efbfea6b-f1d9-4758-aac2-86b76a6db31e,13:52.0,b811e899-aaff-4d40-bb52-0aacee876eab,SKU-1454,Electronics,2718,2,5436,COD,Android,Hyderabad,Pending,Yes
7b19b462-9c6e-4d23-b623-8740bda7624c,13:52.0,ae8716d4-562f-402d-8558-0ad10e72a7fa,SKU-3736,Fashion,3679,2,7358,UPI,iOS,Mumbai,Shipped,Yes
31844136-7ba9-4070-897e-d502e5fc7e96,13:52.1,57fabd5d-dca1-473e-aa0a-c5f755f799b6,SKU-3626,Fashion,2676,2,5352,COD,iOS,Mumbai,Delivered,Yes
8536c432-420f-4763-b62d-3241905eea10,13:52.1,54082554-9bdd-4726-bd95-f26558efddc0,SKU-7236,Fashion,1344,1,1344,COD,Android,Hyderabad,Delivered,Yes
82e494ee-4607-4684-bb2d-500e55ebe18b,13:52.2,06cddd6c-9276-4261-af3b-c843d6e4edb3,SKU-8294,Electronics,632,1,632,UPI,iOS,Hyderabad,Delivered,Yes
0e52d1e0-cc53-4157-8af1-90427b5e4f2d,13:52.2,fae44e3e-52d1-4d3f-bc00-c8433953ae16,SKU-9417,Electronics,2406,1,2406,UPI,Web,Mumbai,Delivered,Yes
42b2d20e-6bac-41d1-959a-9db887e4d75b,13:52.3,1d3e8120-abe0-47d9-959f-a3d73a1b22c2,SKU-6670,Fashion,313,1,313,COD,Web,Delhi,Pending,No
70864fc9-8553-4721-81cc-57ccec248a73,13:52.3,a79453b9-f954-43a3-b425-ee7ae8699f68,SKU-6218,Grocery,2887,2,5774,UPI,Android,Mumbai,Delivered,Yes
e8e6de27-50d0-4c44-a7d5-1aabb70b1b00,13:52.4,fcf814bf-2423-4484-9335-99ac0fd31ffd,SKU-6064,Home,217,2,434,COD,iOS,Delhi,Delivered,No
918f016c-0fd6-4cf2-aea6-97ec8bc978ee,13:52.4,dc7e3ef3-2ea2-44d9-966e-2f01f0b55b42,SKU-9956,Electronics,2145,2,4290,COD,Web,Mumbai,Delivered,Yes
4b086bff-cda0-48ef-b3d1-52c81cea618b,13:52.5,27cbb7e1-3720-4671-ad54-066209a5e718,SKU-7395,Grocery,837,1,837,Card,Android,Delhi,Pending,No
b8d678b8-8072-4294-8318-9c785a4b7919,13:52.5,85d8d4df-cd1a-4f28-a010-e7752a1d224d,SKU-7468,Fashion,460,1,460,UPI,iOS,Mumbai,Delivered,No
ef8df209-522b-46b5-ad6c-76da01a33caf,13:52.6,06884247-65d6-43c1-aead-f7b6c51a29e5,SKU-6974,Electronics,4543,1,4543,COD,Web,Chennai,Shipped,No
1f7ce5a8-d6c5-4130-baaa-e026220cff46,13:52.6,cd4dfbc7-b023-49c7-a034-5af9537fa6ee,SKU-6131,Grocery,3362,3,10086,COD,iOS,Chennai,Pending,Yes
e93f1639-ba87-4987-ae4a-ddf5af0219f1,13:52.7,01f7c188-55b1-4bc0-9598-c9e9d3889ebb,SKU-9338,Grocery,3820,2,7640,UPI,iOS,Bangalore,Delivered,No
1fd03fd2-4bc8-48eb-8e73-dff6c66f3f1f,13:52.7,5deeb747-4f5b-45a4-a2f0-d1bc459e4397,SKU-8832,Grocery,1653,2,3306,COD,iOS,Mumbai,Pending,No
6736c11d-a711-488b-bc8a-c808be053c79,13:52.8,6db8f3c3-9e0a-4d6d-a9d9-6846254a5013,SKU-0089,Home,2486,3,7458,UPI,iOS,Delhi,Pending,Yes
8eec0b2c-b116-4d37-b7e0-32bec64f8266,13:52.8,6fd9b46a-ba62-4832-9f03-46dc00bb2149,SKU-9415,Electronics,3123,2,6246,COD,Android,Chennai,Pending,No
ea42413c-6376-491a-8ce1-1902eb6d78d1,13:52.9,d7369eb7-cbd6-435f-8165-419502859081,SKU-1050,Grocery,262,1,262,COD,Web,Delhi,Pending,Yes
ee113f12-c27a-46b5-b461-d28cf906f1c8,13:52.9,ae263ca7-b1dc-4f71-aca6-6b45b9b801ed,SKU-8072,Grocery,4818,1,4818,UPI,Web,Bangalore,Shipped,Yes
c6231dfa-5a10-4059-9db8-73e019de6b7b,13:53.0,8d25fc01-b0c1-487d-9d66-23216e011104,SKU-4324,Fashion,4666,1,4666,UPI,iOS,Delhi,Delivered,Yes
a36debf4-b05d-481a-a54b-fb293a39daea,13:53.0,62d2fa52-3a32-4a01-9fec-27d196d66943,SKU-9850,Fashion,2611,3,7833,COD,Web,Bangalore,Pending,Yes
3064a916-24a4-4341-b11f-a1529cf75181,13:53.1,0c872e92-f33a-4c45-8d31-aa4b65abc974,SKU-4176,Grocery,1159,2,2318,COD,Android,Hyderabad,Shipped,No
8ffe1977-46d0-43e7-8827-e44c5b2aac9a,13:53.1,cf36fbf0-83f2-4868-b9b1-0b9b6fef63a9,SKU-8602,Grocery,3648,3,10944,Card,iOS,Mumbai,Shipped,Yes
ae69632e-69df-4566-88e1-c7edc90fa1d8,13:53.2,c1112d79-c207-4077-9ab1-f841126a0fca,SKU-5643,Grocery,4678,1,4678,UPI,Android,Bangalore,Pending,No
13553ff7-3a9c-4c3b-b02a-5debf74dc2f0,13:53.2,62b78c2a-a02c-4cc4-ac58-07550743eb20,SKU-5250,Grocery,4168,1,4168,Card,iOS,Mumbai,Shipped,No
d21fc4d1-3356-44d7-8763-1f163fd05dd3,13:53.3,80d5f08d-371b-43b2-ba96-c68a7610158a,SKU-4219,Grocery,551,3,1653,UPI,Web,Chennai,Shipped,Yes
49aacfcc-6ea4-45e0-baf6-65574913ee84,13:53.3,54955c18-06b6-4855-bc85-5131c492f05e,SKU-6443,Grocery,3791,3,11373,UPI,Web,Delhi,Shipped,Yes
ce40bab1-808f-4b3d-99df-c97a83122e0a,13:53.4,fae1afeb-cef4-405d-afe1-14aca7f67a18,SKU-2181,Home,630,3,1890,Card,Android,Bangalore,Delivered,Yes
f2c4be59-746f-48bf-bf75-39a880ff4e18,13:53.4,f6edb7cd-fee8-48c3-9d40-c3942ccc882c,SKU-5701,Electronics,2857,3,8571,UPI,Android,Chennai,Pending,Yes
540ac375-42a5-4c53-b729-9f724275679a,13:53.5,ee0430dd-61bb-430a-a2f6-0d74d0de681a,SKU-0416,Electronics,3104,1,3104,UPI,Web,Bangalore,Pending,No
6aa0801e-059d-480e-8bce-19cb3160ab9a,13:53.5,c0a58522-0c4d-4f0c-88fc-55de75793555,SKU-0245,Electronics,1003,3,3009,Card,Android,Mumbai,Delivered,Yes
be650f67-ae71-49b3-89f6-2349f9ca4029,13:53.6,79d2f40c-f2b4-411c-b75e-9920df4c649b,SKU-2032,Home,4171,2,8342,Card,iOS,Delhi,Delivered,Yes
99f999ac-963e-44ce-9c5e-d4097edbfd4b,13:53.6,6d1385f7-b0a3-4945-910b-81dcf630e775,SKU-1482,Electronics,2375,2,4750,COD,iOS,Mumbai,Pending,No
0b720846-407b-4062-9394-78fcedc303e8,13:53.7,2e854eb3-593c-4420-b73d-a2cea4fd0da8,SKU-8646,Electronics,3679,3,11037,UPI,iOS,Bangalore,Shipped,No
811d2e61-1bc5-432d-ac9b-5eb394a7331d,13:53.7,59f9b0b6-89d6-4475-a56f-4b3802f9267f,SKU-8162,Home,2528,1,2528,UPI,iOS,Bangalore,Delivered,No
e848ebca-71e0-41ea-a857-64f0fb390d98,13:53.8,b76640af-b091-456c-9482-9f70548ce739,SKU-0505,Electronics,1865,1,1865,Card,Web,Chennai,Shipped,No
9dd671b5-bc26-4fc8-a499-77a3496efa17,13:53.8,c65607da-7576-4bde-80b0-cb6e0d2d2e83,SKU-7845,Electronics,4059,1,4059,COD,iOS,Delhi,Pending,No
22c5c238-6ff2-4ed4-9afa-c84c596fc546,13:53.9,f7017f67-70ff-4ad3-ad84-558e8773a1f3,SKU-1275,Grocery,2910,1,2910,UPI,Android,Mumbai,Pending,No
cac9619e-0410-4060-9d6c-c3cc60119558,13:53.9,b2c3f58c-9e66-4230-be73-6928a836c221,SKU-0703,Fashion,1038,2,2076,Card,Web,Delhi,Pending,Yes
42015859-aef2-44d2-b705-5d44546c07cc,13:54.0,551768b5-beea-484c-8d66-68362203215d,SKU-3531,Grocery,4846,2,9692,UPI,iOS,Bangalore,Delivered,No
195ba008-82f5-4c5b-8247-ce290786d31e,13:54.0,1f249f04-62c7-40dc-ab1d-1b8c5baadd94,SKU-4885,Fashion,583,2,1166,UPI,Android,Mumbai,Delivered,No
d7733122-a13d-497e-bcdd-07ff30053715,13:54.1,6740c543-405d-488f-a1cf-50acf13ac86e,SKU-9527,Grocery,1747,2,3494,UPI,Web,Chennai,Shipped,Yes
c4368ce3-df87-4095-92b7-da7d54167039,13:54.1,e12b7919-8f1d-476a-a104-48bf10e234af,SKU-8088,Home,2829,1,2829,COD,Web,Hyderabad,Pending,No
973c5c5d-c238-412a-b7e7-5bebe2f25cef,13:54.2,c4cc7d29-c125-4364-8b24-2aeabf5e5a3a,SKU-3495,Fashion,2981,3,8943,COD,Web,Hyderabad,Shipped,Yes
171a1dff-a482-489f-a941-2414d1a91a98,13:54.2,28c0c23a-655f-4e76-b100-a8249417988c,SKU-9904,Fashion,1544,3,4632,COD,iOS,Mumbai,Delivered,Yes
3f000e63-944c-43b1-b1d2-49ea983b571d,13:54.3,c56f3b94-3d3f-492e-8c70-1da1bc853995,SKU-3638,Grocery,466,1,466,Card,Web,Mumbai,Pending,Yes
499ff59d-acec-474a-85bc-9a86f03cc0e4,13:54.3,ed3d933c-25ff-4ae9-88a6-5e51ef86f61e,SKU-4353,Electronics,2740,3,8220,UPI,Web,Delhi,Delivered,Yes
c994c138-d6d4-44f3-9026-66496b58a791,13:54.4,0423498f-9d17-4fa9-8b58-3fb0e7003b2e,SKU-4489,Electronics,1099,3,3297,Card,Android,Mumbai,Delivered,No
65c6cb5a-702a-4ca2-9ddc-6678e59f8524,13:54.4,5f5f54c3-f841-4053-92a8-301bf8316317,SKU-0500,Grocery,1244,1,1244,COD,Web,Chennai,Shipped,Yes
112725b7-53a7-47a8-adbf-ea8f18655d35,13:54.5,4c4a154d-886b-44a5-aab9-3a41a8ec4d51,SKU-7843,Fashion,3226,3,9678,Card,iOS,Hyderabad,Pending,Yes
115b7d31-cb27-44a3-9409-bf630fb52f85,13:54.5,7f7d28c2-1d0d-4448-af57-db25b82e9154,SKU-7064,Fashion,316,3,948,Card,Android,Chennai,Pending,Yes
ab5a5296-f51f-4153-b8f3-feab4607a27c,13:54.6,9601c3d9-ae22-4179-a610-b977d74fe37a,SKU-1227,Electronics,3900,3,11700,Card,Web,Bangalore,Pending,Yes
2c9119d1-dc33-4b00-b049-e4f794cce1f1,13:54.6,713333c5-7cbb-4e52-8e58-5735ebeb73b1,SKU-9301,Grocery,1399,2,2798,UPI,iOS,Chennai,Shipped,Yes
e63ac3c2-8a3f-480c-bc6d-8a34c901057b,13:54.7,72fb79aa-8b94-42fb-80c7-c0618f20f57a,SKU-6154,Home,3520,1,3520,UPI,iOS,Delhi,Delivered,No
d8a178b3-9236-422c-9abf-a26c8ee1c116,13:54.7,19d8db05-9e9d-4667-b032-3a8605180555,SKU-6034,Grocery,4550,3,13650,Card,iOS,Hyderabad,Delivered,No
fe74bb76-f6de-4416-ae00-3d1f93bf97b7,13:54.8,b194a22e-c8e7-49bd-a0cd-1aa4a838f817,SKU-7159,Fashion,1594,2,3188,COD,iOS,Bangalore,Pending,Yes
75e3d478-5d20-43d5-800c-96696a219da3,13:54.8,09c479df-9344-4b2a-bbf0-a02298c765d6,SKU-4867,Grocery,4277,2,8554,COD,iOS,Mumbai,Delivered,Yes
2ecebe4f-a49b-41dc-b400-b1c56d425f80,13:54.9,5a1a6c64-91d2-488f-8566-9d15813a173f,SKU-8668,Electronics,4847,2,9694,UPI,iOS,Mumbai,Shipped,No
7bdf3d60-22d4-4951-b4e2-9f6d503c6321,13:54.9,45f5533a-5424-4923-a9fc-4057a9e35fa0,SKU-0609,Fashion,2648,2,5296,Card,Web,Mumbai,Delivered,Yes
af9f9c88-558d-4409-9e2b-7d30c84fc3ab,13:55.0,2c84674e-d770-4df5-9797-55c505a4f347,SKU-6587,Electronics,4857,2,9714,COD,Web,Delhi,Delivered,Yes
7bbd9d31-e48e-4e60-9be7-846c1a5f0f95,13:55.1,a5a4bd95-64ea-4a1b-b2b1-59db207a3203,SKU-8359,Home,1730,1,1730,Card,Android,Bangalore,Pending,No
d69668c2-5340-4fbd-b364-c67c5496c40b,13:55.1,6406be0c-c9b5-4bd0-95df-ad7d4cf9e161,SKU-3014,Home,1827,1,1827,Card,Android,Chennai,Delivered,Yes
8b6f8566-a875-4468-b678-518102a55dd3,13:55.2,aa71ea26-4e1b-4fda-bc43-441adccb4532,SKU-8244,Grocery,4370,3,13110,COD,Android,Hyderabad,Pending,No
01f9fa44-0d84-4123-b1e9-55a1118f86ae,13:55.2,40ee2f9f-1061-47f7-aa23-f3fa51a71be0,SKU-1332,Fashion,1600,3,4800,COD,Web,Delhi,Shipped,No
93580a17-58d4-4a02-b984-64558b041deb,13:55.3,1c9e5e6e-acbf-480e-be4b-34e391939fbd,SKU-5617,Electronics,1495,1,1495,UPI,Web,Bangalore,Shipped,No
cd3662c4-1a89-42eb-bbe4-c9e4a3c50218,13:55.3,b5395d35-8877-420e-902b-19e8970f3d90,SKU-6195,Home,3457,3,10371,UPI,Web,Mumbai,Shipped,Yes
d9e4a971-9761-427a-9ef6-91927fc5eef1,13:55.4,f4aafe67-e0ed-4242-9463-655078df4682,SKU-4048,Home,1093,1,1093,COD,Android,Bangalore,Pending,Yes
8b89ca55-ff4a-47ed-88b0-035ee84ff947,13:55.4,75cdeb80-96df-4492-9d6c-a341c81a879c,SKU-8411,Fashion,3926,1,3926,COD,iOS,Bangalore,Delivered,Yes
21a9084f-25ab-486b-887c-47ca5c3e97f0,13:55.5,96da82b2-57bd-4a8c-b4ec-d61105c1ea36,SKU-7089,Grocery,1179,1,1179,COD,Web,Delhi,Pending,No
ff479bf5-a47e-475a-9274-26a554d7eba6,13:55.5,e1bb48a2-67d8-4f8b-889a-a8584fa5a084,SKU-6617,Electronics,3593,2,7186,UPI,Web,Bangalore,Delivered,No
dfbb2f44-149b-4678-ab42-d7eef213c7eb,13:55.6,664b9543-dd13-4bf0-8d49-27af66ec6e4d,SKU-0104,Fashion,1605,1,1605,Card,Android,Mumbai,Shipped,Yes
9dc8152d-507e-4c2a-87c4-f029f94af068,13:55.6,b83c9d18-ce7f-415c-8813-30d460c5d21d,SKU-6982,Grocery,2248,3,6744,COD,Web,Chennai,Pending,No
ead1e7d2-2940-43d7-bb5a-4be294201fe7,13:55.7,32d6d9c1-f563-433f-85dc-0653d771793b,SKU-0335,Fashion,3689,1,3689,COD,Web,Hyderabad,Delivered,No
b04e0fb1-57a3-4324-852d-8a3df8914bfe,13:55.7,54985768-822e-488c-99ff-3da3de910aa0,SKU-1403,Home,3875,3,11625,Card,iOS,Bangalore,Shipped,Yes
1739484a-dac1-4b6c-be2b-23cb30bd69e0,13:55.8,9994f110-1781-44b0-8f7f-4092da83ce78,SKU-6911,Grocery,4752,2,9504,Card,Android,Chennai,Pending,No
9ea0ba1e-efc1-456e-9d31-a60ca0633708,13:55.8,633e6498-77d7-4887-81f3-4c168f38a4c9,SKU-9655,Home,4681,1,4681,COD,Web,Hyderabad,Delivered,No
c2387b76-40a5-4cfb-9613-268f792aeaec,13:55.9,0d81d233-f535-469c-9e45-7a5e569bf657,SKU-0570,Fashion,791,3,2373,UPI,iOS,Delhi,Shipped,Yes
ea134359-460d-4cf1-a0fe-2afa17bf877e,13:55.9,d2e697a8-1358-4a3d-b8b6-3817779793a3,SKU-4657,Electronics,2115,3,6345,Card,Android,Chennai,Pending,Yes
c24e746f-7138-4505-b483-ba15da38899d,13:56.0,456f7ba3-3193-4d3c-9980-2b032f543821,SKU-8269,Fashion,3527,2,7054,UPI,Android,Bangalore,Delivered,Yes
50443d95-6ad0-456d-8618-88335227f219,13:56.0,f3d3e8d9-acfd-44c5-95ac-28d13b9b8ff7,SKU-3936,Electronics,4984,2,9968,UPI,Android,Hyderabad,Pending,Yes
09cdf606-b355-4638-ae9d-ee44dfaa2ab6,13:56.1,ea0d8843-7230-4316-9aa3-58d0a576d1bd,SKU-3505,Home,2451,2,4902,COD,iOS,Delhi,Pending,Yes
e506b6eb-28ca-4812-9a86-3c81eda1ca7e,13:56.1,6c5a8002-1b81-40f0-9606-086c79e27dd7,SKU-3021,Electronics,2678,1,2678,COD,Android,Chennai,Delivered,Yes
d724fdb6-600c-4695-b313-33a76d52705e,13:56.2,3db4b89f-8fb9-4b25-b0b6-8724e895b973,SKU-6228,Grocery,3274,3,9822,COD,Android,Bangalore,Shipped,No
267a6cff-90be-4a52-b4aa-ffcf51443401,13:56.2,8f0f9e43-40d4-4600-8b90-e2429144d5cc,SKU-8975,Home,1649,1,1649,Card,Android,Hyderabad,Shipped,No
60607eb8-c77a-40d9-875d-5a5f4feb332a,13:56.3,268b44fb-edb5-4349-9121-ee975757d8ba,SKU-7912,Grocery,497,1,497,UPI,iOS,Hyderabad,Pending,No
8c0e2cb1-92b8-4bcb-95e3-ec5618a7280c,13:56.3,fee1d008-f1f9-4f42-9742-742e9fcebb50,SKU-8070,Grocery,2874,1,2874,COD,Android,Hyderabad,Pending,No
9151554b-2498-47db-897f-4f22b4ec5856,13:56.4,dbaf879f-c7bb-4576-b689-0d8dcbf954c3,SKU-9678,Home,3639,1,3639,COD,iOS,Hyderabad,Shipped,Yes
20c1d617-f4bd-4292-bd97-0a5075dd044d,13:56.4,8ec3004d-e152-4c82-b04a-f4f45ca962bb,SKU-7844,Electronics,2142,2,4284,Card,iOS,Bangalore,Delivered,Yes
8d9a1d42-964b-4ed9-8a42-ac71eaf7969b,13:56.5,c6d9f5f3-aace-45a7-ad90-f5c1126f4db3,SKU-1910,Grocery,1887,3,5661,Card,iOS,Mumbai,Shipped,No
7b5e84f9-8fc1-4be6-b630-f847fc1417f9,13:56.5,0d71ca2a-0202-4b96-a4e2-a2cfb2d14bf8,SKU-2970,Electronics,4180,3,12540,UPI,Android,Chennai,Pending,Yes
e9efb830-1d47-4f86-a9e9-5cac3ae426b2,13:56.6,a98a1ed0-ee99-4bbd-a91d-99f688d7c79a,SKU-4562,Home,1214,1,1214,Card,Android,Chennai,Delivered,Yes
49de03d4-6c52-49aa-94ec-dc54ace4cc91,13:56.6,d837de1a-b837-48a3-ace8-f7ce30085113,SKU-6823,Electronics,2424,3,7272,Card,Android,Mumbai,Shipped,No
4bc0421d-6391-4208-9dbd-7a24303e9690,13:56.7,af404d16-b9fd-45e2-9991-3f77778a16c4,SKU-6642,Electronics,4356,3,13068,UPI,Android,Bangalore,Pending,No
74a46e64-65d0-4c08-a66f-85bdb4549ead,13:56.7,cd8e2039-c78f-4d7e-83e5-aacbe571bc1b,SKU-2580,Home,3672,1,3672,Card,iOS,Hyderabad,Delivered,No
c8ebae90-6175-4e84-bbc0-99250ac99820,13:56.8,b6ff161e-c4c8-4a9a-8b54-efd91187d4ac,SKU-8338,Home,1225,2,2450,Card,iOS,Hyderabad,Pending,No
ac556756-6040-4700-a106-a0cf4f0f8231,13:56.8,f361ca60-eead-4cf8-a356-22ee3a0212f0,SKU-5471,Grocery,482,1,482,UPI,Web,Hyderabad,Delivered,No
19327e47-6159-46c4-8c38-0a8f256cb099,13:56.9,1eb597c0-dc0e-4479-9c48-0b35164faa5e,SKU-1672,Home,3796,3,11388,Card,Web,Hyderabad,Delivered,No
3cc7ac78-4182-4b3a-b0cc-f8aaaf2d51d0,13:56.9,84632151-3ad7-49d0-a59f-df58300e04c7,SKU-8256,Fashion,3631,2,7262,Card,Web,Bangalore,Delivered,Yes
95ee9f3b-cab3-485a-aba3-56d1f06cb2e4,13:57.0,23abc51b-d214-41f5-ad64-65476e75697e,SKU-8457,Home,1536,1,1536,COD,Android,Delhi,Delivered,Yes
5a28a1c9-613b-4058-8fe6-3f5a2d199d3e,13:57.0,fa999dc3-cdc9-40bb-a5a0-b6b5e2826864,SKU-6390,Grocery,1409,2,2818,Card,iOS,Chennai,Shipped,Yes
765a86c7-963f-4e4e-b9bb-c03c6350c1d2,13:57.1,8a6b858a-3e36-4e38-8cc0-8cffeb0c82f1,SKU-6832,Home,1940,3,5820,UPI,Web,Bangalore,Pending,Yes
065a1f4e-4558-4f44-bbfc-16b34a3b6516,13:57.1,ca6e40c9-0d09-4f11-900e-ce42f1de45f6,SKU-6413,Grocery,1889,1,1889,COD,Android,Mumbai,Shipped,Yes
3b5eed24-f415-4e2c-b004-93f24e0d7c3c,13:57.2,e86a2402-29e9-4ee7-bf7e-9f1e2c004f7b,SKU-9756,Home,3643,3,10929,UPI,iOS,Hyderabad,Delivered,Yes
67345c6f-fa7c-409b-9b8a-af54b3c6cdcf,13:57.2,747ceee8-59a8-4c0c-b1cc-5349e6e6b614,SKU-2805,Electronics,3698,2,7396,Card,iOS,Hyderabad,Shipped,No
b2aba308-d112-4c63-ba06-1623ed7a6811,13:57.3,d212e013-e252-4cbb-b28e-43a16573f43f,SKU-3368,Grocery,3605,2,7210,COD,iOS,Chennai,Delivered,Yes
e5a1ffa3-7a3d-4899-9fe6-b57f27b578fc,13:57.3,a653f454-2af9-48fa-9aca-3a4cf77712fd,SKU-6855,Electronics,2222,1,2222,COD,Web,Chennai,Delivered,No
792fa39b-77e7-4585-9341-6ef4c3ab9f0c,13:57.4,5395c2b1-8c88-4eb2-9d9a-7f01dbf33b34,SKU-3679,Grocery,3372,2,6744,Card,iOS,Chennai,Pending,Yes
eaef4917-aba5-44f0-88e6-154dbc430d8f,13:57.4,6cb0f225-d7f9-411f-bfd9-f74cb75041da,SKU-9950,Grocery,2849,2,5698,COD,Android,Mumbai,Delivered,No
ca068663-7dfd-479d-9769-88014e6879d1,13:57.5,83fbe685-315c-4897-aaf7-eaf46e6448cb,SKU-1900,Fashion,3780,2,7560,COD,Web,Mumbai,Shipped,No
31d7ff2f-ddb7-43d8-ac5d-7cb1118b0d89,13:57.5,74941157-064f-4b81-850e-7fab923fb09e,SKU-6015,Home,4964,3,14892,Card,Android,Bangalore,Shipped,No
c0bad794-4531-4ea7-bc0c-568ea9cacb26,13:57.6,b1a27355-8e93-4db7-a832-11b0a3b5170d,SKU-9268,Fashion,3392,3,10176,Card,Web,Bangalore,Shipped,Yes
75849eaa-d2c3-4fb3-ba6f-7adfad3abc79,13:57.6,d62299d2-43e6-4766-8e68-fa8a3ca4fe46,SKU-6835,Home,4063,3,12189,Card,Android,Mumbai,Shipped,No
eb148b4f-3504-4da6-b1b3-ef5d25394cfe,13:57.7,61485a0d-ae37-4584-8772-662945d5de40,SKU-2206,Fashion,613,1,613,UPI,Web,Chennai,Shipped,No
2e549df6-eb53-49c8-9d5e-8b85a8d3c0e6,13:57.7,f3125d16-60ce-4e07-92b7-5b311f94d0f2,SKU-4726,Electronics,1978,1,1978,UPI,Android,Delhi,Shipped,No
4e1b7ae5-1a82-4452-9426-0c773b11c173,13:57.8,ccd13b1c-2c88-44c1-bb24-810bbe12ce9a,SKU-3148,Home,854,1,854,COD,Android,Mumbai,Delivered,No
9f582ff2-6eec-4692-bf43-baf851dbf2b1,13:57.8,e06df0f6-2483-46c6-be1b-8f610f9a5662,SKU-2750,Electronics,3688,2,7376,Card,iOS,Delhi,Delivered,No
ba0dcce1-598d-4cf2-99dd-4bb32ee32f11,13:57.9,c7753c37-f0f3-4bda-a875-5bb0eda5334a,SKU-8733,Electronics,3330,1,3330,COD,iOS,Bangalore,Delivered,No
1cc3b3d3-169f-4b62-b24d-d0c01787c6a0,13:57.9,ed453578-396d-4ec1-99c8-6d29ef339495,SKU-0613,Grocery,4842,2,9684,UPI,Android,Delhi,Pending,No
da94f8f3-992c-43a4-a312-fa02f9e561f2,13:58.0,0db21ee5-ad5d-4c4d-95b8-43bf3989734d,SKU-2449,Grocery,579,1,579,Card,iOS,Delhi,Pending,No
a248c984-2c7f-40c2-bb8d-4682d9e89319,13:58.0,5a76cf26-bd74-4420-81b5-77e3bc17ad1c,SKU-9957,Fashion,766,1,766,Card,iOS,Mumbai,Delivered,No
706a237a-de9c-41ec-a434-6668b9fd3464,13:58.1,0865351b-4faf-45aa-89c0-fe05156f35ba,SKU-0186,Fashion,798,3,2394,Card,iOS,Bangalore,Delivered,Yes
602d3784-d2c1-4c97-a059-f80599b83eda,13:58.1,fd6a06c6-7f3d-4a54-a8a7-1759e860777f,SKU-9560,Grocery,2636,3,7908,UPI,Android,Bangalore,Delivered,No
7e3eb735-5abe-4da1-8335-31fd97edc8b4,13:58.2,66721638-b281-48ef-a56a-8e753e5351e2,SKU-5941,Fashion,2387,2,4774,COD,Web,Hyderabad,Pending,No
31c3b36f-9aa5-4fd8-83b0-3f8f0de0a28a,13:58.2,2f8ad84d-095e-4927-932b-9ef5a924c7a1,SKU-6945,Fashion,2845,1,2845,UPI,Web,Mumbai,Shipped,No
9b2ef5e5-d649-4c1e-a6cf-931b54011461,13:58.3,354ebc30-573b-4679-bf72-c9b8e1fce42c,SKU-2557,Home,2534,1,2534,Card,Android,Hyderabad,Shipped,Yes
3892a5ef-f247-42d4-b550-d07466579f69,13:58.3,2f42be4f-a2bb-45a3-bf8a-381d1ddb090e,SKU-5716,Fashion,1287,1,1287,UPI,iOS,Hyderabad,Pending,No
328c150b-c639-48b5-950b-a43f6aa31ede,13:58.4,93ff9cee-293f-48d5-bab9-b76b73764957,SKU-5494,Grocery,3571,1,3571,COD,iOS,Bangalore,Shipped,No
8a8bb211-f461-4b4a-bf2a-4dd9bb02abcb,13:58.4,903e86bc-3302-4ff0-9f9a-35a28521ad2c,SKU-6499,Fashion,1729,3,5187,UPI,Web,Bangalore,Delivered,No
6e88bbbb-6307-4fed-97ad-d5c6a76503de,13:58.5,e9965ad7-e54a-41f2-9c83-b9ca57f960dd,SKU-5955,Fashion,2093,3,6279,UPI,iOS,Bangalore,Pending,No
5fd8aa0f-a965-4c48-88e9-4a7ace3fdc51,13:58.5,9fd65c06-8622-4050-9039-cc7ff9579413,SKU-2681,Grocery,2323,3,6969,Card,Android,Bangalore,Delivered,No
38b1853f-3598-449f-a9e2-83f5e71905b8,13:58.6,c0f8e0dd-9fff-4303-a710-a51bb597c449,SKU-9069,Electronics,2501,2,5002,Card,Web,Bangalore,Delivered,No
e1eafe62-7f5a-4116-9cbe-98d5520842aa,13:58.6,2b57cd84-b542-4a3f-b40a-8191855bc4a2,SKU-4248,Electronics,833,1,833,Card,Web,Hyderabad,Delivered,No
84fc44d2-4d4b-4d60-9f73-36f65396cfa4,13:58.7,6c5e75db-28b3-4226-a111-f19e0167c436,SKU-9727,Home,2384,3,7152,COD,Android,Delhi,Pending,No
80b0b6d1-9418-46a0-83c1-7768866babf7,13:58.7,5691265f-b3bf-438d-9154-920bb405fb29,SKU-5600,Grocery,635,3,1905,UPI,Web,Hyderabad,Pending,No
de802ab3-e1c0-4e2d-b603-a561e6c97aa2,13:58.8,f1acb8eb-5001-4ba6-81d4-203ce5ca1d12,SKU-7496,Grocery,3959,3,11877,UPI,iOS,Delhi,Delivered,Yes
cacae715-f275-40db-91d0-c6a106594528,13:58.8,2124f69d-7a51-48f2-9383-01809be35340,SKU-5964,Electronics,2235,2,4470,UPI,Android,Delhi,Delivered,No
3fb6ef1e-eaaa-493d-9a45-1c02b7def542,13:58.9,f3f1da67-0566-447b-bf0c-7e19e635cb9b,SKU-5275,Grocery,1090,3,3270,Card,Web,Mumbai,Pending,No
3614086f-9dbb-44aa-9cf4-dbae55593971,13:58.9,5193f565-fdac-4576-aefd-efe9345073ef,SKU-7156,Home,1888,3,5664,COD,Android,Mumbai,Delivered,No
15274eb5-45cf-4e72-8e6a-cb4fd676627a,13:59.0,6240c486-593e-4d5b-9bc1-dcba7c38ddf8,SKU-4367,Grocery,1076,1,1076,COD,iOS,Hyderabad,Shipped,No
9cead747-b971-48ce-86b6-a8473b870278,13:59.1,736164a9-d3e2-419c-9900-5f80cb0bee22,SKU-2187,Grocery,4297,2,8594,COD,Web,Chennai,Pending,No
42deaed1-7f8c-4c9c-b5f7-b9403298b5ad,13:59.1,e29e6e8c-6ce2-4d9e-9717-1119331a1d54,SKU-0173,Electronics,4699,3,14097,Card,Web,Bangalore,Shipped,No
c1e0f608-8d65-4217-8ccf-5152a3b5d566,13:59.2,cea355e9-0815-49f6-a6fc-30c0608d1935,SKU-0833,Home,1813,1,1813,UPI,iOS,Mumbai,Delivered,No
5d99d131-71db-4114-8bf8-c7761395d38f,13:59.2,17d7822c-0c57-4c86-948e-245211377ab3,SKU-0030,Home,4535,3,13605,COD,Android,Mumbai,Shipped,Yes
1c63903f-f37e-4467-aefe-a8e55bdd8288,13:59.3,98d44a78-189b-455d-b557-a036851799e0,SKU-6427,Grocery,1767,1,1767,UPI,iOS,Hyderabad,Delivered,No
d90923a1-75db-42af-b4e2-df820db48b60,13:59.3,ecd8aa25-86ec-44e5-a928-381506fc8bc3,SKU-5329,Fashion,3962,3,11886,COD,Android,Mumbai,Pending,Yes
6bcbc5d7-d34d-4fea-8ff6-7d962f9fc3c6,13:59.4,b7e11f10-b317-4555-b054-f222f3fd8b0f,SKU-7709,Home,559,3,1677,UPI,Android,Chennai,Delivered,No
cab08d14-099e-4887-b641-e8a214deaaf3,13:59.4,44792ab1-8241-481c-bc59-f2b0eec673cc,SKU-7762,Fashion,3425,3,10275,Card,Android,Chennai,Delivered,Yes
8d7d94cd-a103-46ae-a49e-c309a134c826,13:59.5,61687a70-89e0-459c-b30a-c28c359e3bd8,SKU-8148,Home,1202,2,2404,Card,Web,Chennai,Shipped,Yes
b1175bec-9dd7-4ece-8b5a-13216d402d40,13:59.5,e00ce8a4-f649-4d00-8222-c77a4c08cf1a,SKU-2008,Electronics,1699,3,5097,Card,iOS,Bangalore,Pending,No
0ecf3244-5075-4e40-8380-04bb940c61a1,13:59.6,ed4902e1-1c56-4453-8a70-ad59d279519b,SKU-8447,Grocery,1733,2,3466,COD,Android,Hyderabad,Delivered,No
833458f6-42c4-4d7c-bc79-a33b6b9a368f,13:59.6,df79a4fc-2626-4b47-9d1a-4033e46519e2,SKU-6402,Fashion,1055,3,3165,Card,Web,Mumbai,Shipped,No
44d31b6e-7ffb-49d8-800b-02b362a0f476,13:59.7,f7ef1661-01ee-4bef-b5f0-f5983269dc10,SKU-2011,Grocery,4561,2,9122,Card,iOS,Hyderabad,Delivered,No
d994fd7f-f2f3-437d-b3d4-f83d2367b49d,13:59.7,0d40f97c-6b88-42ae-8cf2-c6ede63995e9,SKU-2069,Fashion,2463,3,7389,UPI,Android,Chennai,Shipped,Yes
36aab3e7-99ce-499d-b9cf-806158a59d0b,13:59.8,ee6bad8a-40d6-466e-a06d-5a58b9bfc6c8,SKU-8793,Grocery,3921,3,11763,COD,Android,Delhi,Pending,No
1bbd6b2d-2404-4800-8c56-ca33f0d764de,13:59.8,2914da8b-a383-421b-b0e7-af55899a7c08,SKU-5754,Grocery,664,3,1992,Card,iOS,Chennai,Delivered,Yes
1e08bd88-da1a-4503-a87b-cc069a2af573,13:59.9,26242371-3dac-4cff-86ed-35ec875258db,SKU-8605,Home,2057,3,6171,COD,Android,Bangalore,Delivered,Yes
02838110-e072-432f-a686-2072e8519923,13:59.9,95ef1d3a-52fc-488a-b311-393516e3fb8e,SKU-4635,Home,1638,1,1638,COD,iOS,Mumbai,Shipped,No
43687bd3-baa2-41f9-b92b-de478b866daf,14:00.0,c8d47724-3eae-40d4-9059-d749badf4574,SKU-5128,Electronics,3158,2,6316,Card,Android,Mumbai,Delivered,Yes
aa7a994b-2627-49fe-929e-b1cc33348fa3,14:00.0,7b6d5cdf-e247-4ea7-8bbd-087d0c7f7937,SKU-9091,Fashion,2441,1,2441,COD,Android,Bangalore,Delivered,Yes
24f635f3-95bd-4d30-b7ed-a00071926be3,14:00.1,b872465c-715b-4fc9-8950-82bcebba60d0,SKU-3003,Grocery,2754,3,8262,Card,Web,Chennai,Delivered,No
9c7c5a78-2dd5-4f4b-bd1d-7caa56da3605,14:00.1,6a1a3d58-9001-45db-94c9-060d2b6b2293,SKU-3132,Grocery,2033,1,2033,UPI,Web,Delhi,Pending,Yes
b23a5150-32d9-45cc-b807-afb2b2c2b134,14:00.2,dea182f1-1518-4d5f-b7b4-7437d604a53e,SKU-2959,Home,2961,3,8883,UPI,iOS,Hyderabad,Pending,No
44db30d2-c7a1-4044-b6cd-bff4b0b2c994,14:00.2,1ef2b19d-09ee-4bac-b957-fdaf44ad5a39,SKU-9983,Grocery,267,1,267,UPI,Android,Chennai,Delivered,Yes
96d19d14-16b1-4f22-adef-e52878b4a525,14:00.3,1a210f4c-6b61-46e1-8cd8-0e435e70ffe0,SKU-8420,Home,2739,1,2739,COD,iOS,Chennai,Delivered,No
26fad764-530e-4df8-be78-2e5083cfc949,14:00.3,14a667c4-f309-4240-ab75-1727fde70182,SKU-5020,Grocery,4315,1,4315,UPI,Android,Bangalore,Shipped,No
1a81ce3d-e547-4bc7-88db-f3d15663116f,14:00.4,2929c9ea-2e42-48f3-973d-b3bd7f6c8109,SKU-2687,Fashion,2911,3,8733,COD,iOS,Hyderabad,Shipped,No
c675c100-a4e2-42da-9491-8bddf79b31a3,14:00.4,b0a98ae8-049b-4994-b179-7d9b9e8f85e6,SKU-3571,Grocery,3569,1,3569,COD,Android,Bangalore,Delivered,Yes
5f77ad36-42e1-4967-8f6e-8fcd5ef428bc,14:00.5,80df3498-8e0d-4453-883f-d8568d91f94c,SKU-4429,Grocery,631,2,1262,Card,iOS,Hyderabad,Delivered,No
f8904a53-d876-4adc-bd4c-3db209440bda,14:00.5,027d8c1e-a658-4c49-8ad7-8b9b2a6b935c,SKU-2817,Home,3923,3,11769,UPI,Android,Mumbai,Delivered,No
c93066cd-e686-4410-9bde-0828658e26da,14:00.6,9cf453b4-1ba7-411c-9037-96269e9c6c57,SKU-8986,Fashion,2074,3,6222,UPI,iOS,Bangalore,Shipped,Yes
ea6f8159-d905-4108-a4c0-856d1069440c,14:00.6,32dda919-01a5-47a7-9780-59345fb8ac3a,SKU-9595,Home,819,3,2457,COD,Web,Chennai,Delivered,No
81f9cc77-b619-4374-9e90-c1046471f8a8,14:00.7,2169f4d1-4c0e-4c2a-b87a-e3205e3c5a6b,SKU-9199,Fashion,3939,2,7878,COD,Web,Delhi,Pending,Yes
3e949a17-a4d5-475d-9381-5731271de6ee,14:00.7,1205632f-e726-4cea-af02-50f3ea9283dc,SKU-9818,Home,1445,2,2890,Card,Web,Delhi,Delivered,Yes
9cdfadc9-d2a8-4184-9d63-4f7797941df2,14:00.8,af28a541-d91d-4431-806c-8e9d0f865772,SKU-1902,Fashion,584,3,1752,COD,Android,Chennai,Delivered,Yes
0e0a957b-ee0a-4748-9d0d-ff50ef750001,14:00.8,729a6c9d-3ab4-4773-b1fd-59bc2487c441,SKU-1951,Home,768,2,1536,COD,iOS,Bangalore,Delivered,Yes
a20f4cb6-6664-4e37-89f6-2c51491ce85b,14:00.9,ad4c54f5-b26e-48bd-93a2-9ab5cf4837d5,SKU-1590,Fashion,3574,1,3574,Card,Android,Bangalore,Pending,No
43bec661-a63c-4519-abf5-2dbace5b1bd5,14:00.9,884f8ae2-02a7-4e67-a3be-9605e67f2c7c,SKU-5053,Fashion,4738,1,4738,COD,Android,Mumbai,Shipped,No
4ec5581c-ec54-4cd7-80d9-9b08dd55e22c,14:01.0,0fab02c2-50b5-4ba9-87a5-da77dc57a37e,SKU-4244,Home,1464,2,2928,Card,Android,Delhi,Shipped,No
411113cf-400d-4573-b9d8-719442f4f322,14:01.0,6bc4e007-82c5-41a0-8c19-e3da60d1ae2d,SKU-9843,Electronics,1498,3,4494,COD,Web,Delhi,Shipped,No
5ee23d46-7d79-43e9-a941-c6d495594d88,14:01.1,1ffccc81-db1c-4bae-ad32-6bf2c030b045,SKU-0767,Grocery,4315,3,12945,Card,Web,Bangalore,Delivered,No
19ef2f11-7668-4778-99ce-2e04f6213025,14:01.1,b2436516-3aa7-4ebf-a77d-91af7e7239b3,SKU-6216,Grocery,2139,3,6417,UPI,Web,Mumbai,Pending,No
8217b49c-93dd-4c5f-ab45-699bbfa53678,14:01.2,cb414eb0-c8c9-451e-980c-b0fbb78b9f68,SKU-5705,Fashion,1357,2,2714,Card,Android,Mumbai,Shipped,No
248d94b0-582a-4994-b6f5-2d0b81586348,14:01.2,915fc36c-0081-4774-be63-600fa06bd1a6,SKU-1203,Grocery,3387,3,10161,COD,Web,Delhi,Shipped,Yes
8d0c82a1-8323-455d-846a-e679ecff0274,14:01.3,e22fd6dd-6e68-4972-880f-47b92f9347ce,SKU-9610,Fashion,3839,1,3839,UPI,iOS,Mumbai,Pending,No
51663fe4-70f0-4a23-af95-52ca70f646cb,14:01.3,65f177a7-7f92-4f39-a051-c34736c34b8c,SKU-5571,Grocery,4206,1,4206,Card,Web,Delhi,Pending,Yes
cf1a7118-2b86-49b2-bcc3-0f8733537c00,14:01.4,e0734e42-9347-42c4-b84d-ac9d877bf63d,SKU-5415,Grocery,4088,3,12264,Card,iOS,Mumbai,Delivered,No
36fa549c-8dd0-4135-824c-d6ed2ab034bf,14:01.4,0ad9d0e0-443d-4331-a863-77a44057f505,SKU-0730,Electronics,2808,1,2808,COD,iOS,Delhi,Delivered,No
08933dde-2b46-453d-bb27-854654a70cb8,14:01.5,fe157dce-52c5-4fb1-80e9-0000852356c9,SKU-1683,Grocery,211,2,422,Card,iOS,Hyderabad,Shipped,Yes
f567ad6c-81e9-403a-afad-d77f51c62377,14:01.5,f91cdcd7-3e2c-45e2-b19b-b0d26b5f1815,SKU-6360,Electronics,1021,1,1021,UPI,Web,Bangalore,Pending,Yes
39ee4a2c-443f-4af4-8240-3e7a267e3bd5,14:01.6,f647c17e-6352-4f92-b6e6-e61f39a8248c,SKU-8054,Home,1350,3,4050,Card,Web,Hyderabad,Delivered,Yes
5eff2686-ace7-4b19-8c6c-6916cc5404a5,14:01.6,12045f6f-f879-44e0-9389-1b4ebfa32445,SKU-4413,Home,2794,3,8382,UPI,Web,Bangalore,Pending,Yes
666182f6-5368-474b-ad71-7b4a3de4d598,14:01.7,021b3917-7760-4095-9ea3-c4d6117952a5,SKU-6411,Fashion,4196,3,12588,Card,iOS,Chennai,Delivered,Yes
14a2ac9b-ef86-4dc7-b242-49393bb4bf15,14:01.7,424eea61-00a6-4b68-aff0-5ae25521eda7,SKU-9668,Grocery,452,2,904,Card,Web,Hyderabad,Delivered,No
5eb5beb4-5f64-44c5-9ef9-4271fdb5fa97,14:01.8,225adfaa-073a-40f6-a695-f14e17fee24a,SKU-6179,Electronics,2381,1,2381,COD,iOS,Delhi,Shipped,Yes
6ce84e4a-75d0-475e-853a-5163549ed8b8,14:01.8,349345ff-5d3f-42f4-b2a7-9fd938b02b81,SKU-9683,Home,1682,1,1682,UPI,Web,Chennai,Shipped,Yes
9f0458e6-a100-4261-8352-ee26181a7294,14:01.9,4018cd08-acb8-4116-8b9e-6faee5718f25,SKU-1180,Grocery,3355,2,6710,Card,Web,Mumbai,Delivered,No
f25028a2-b4e3-4046-b2ff-20cbe3a13c40,14:01.9,89852063-4944-49e9-b8cf-78d7b51245d8,SKU-9260,Electronics,3873,2,7746,Card,iOS,Mumbai,Delivered,No
8520d6ef-444f-4f16-b6fb-0f2421a1423f,14:02.0,6c4c787b-1ac8-4491-8f04-5993d71f2c00,SKU-0778,Grocery,2742,2,5484,COD,iOS,Delhi,Delivered,Yes
30cfb93f-f5d5-41e6-82d7-c3a6c692b2d0,14:02.0,92a5efb9-2775-4cfe-9952-4370981b8c37,SKU-2417,Electronics,4028,2,8056,UPI,Android,Mumbai,Shipped,Yes
12a05b03-ed3b-438c-be9d-1e98c2425d2f,14:02.1,9f5845d5-60a2-4d38-b84e-28c88fd36faf,SKU-4682,Fashion,3328,2,6656,COD,iOS,Delhi,Delivered,Yes
2d7e8746-0e2b-4aec-ab95-d14782ddb7c8,14:02.1,f271c504-fd1e-4ffd-a957-6753955804ae,SKU-1965,Home,562,1,562,UPI,Android,Hyderabad,Pending,No
a2691c03-a29f-40b4-893a-70ec4b1075f8,14:02.2,44a879c9-a2be-4338-824c-e212a7ca52b4,SKU-4452,Grocery,689,3,2067,Card,iOS,Bangalore,Delivered,Yes
2db9fb52-2c3c-479c-bfc7-0112779c4da3,14:02.2,b86a7d49-7f4e-4d00-9d24-8048c4f3deb3,SKU-3978,Home,1785,2,3570,Card,Android,Bangalore,Shipped,No
21dbb8cc-9b4b-42a8-9753-42bd65ce318b,14:02.3,207334f1-a946-45e8-9589-b21d16bf6e90,SKU-1201,Fashion,2422,1,2422,COD,Android,Chennai,Shipped,No
4dd1149a-d141-4236-8df4-ac223d595e41,14:02.3,77e960eb-c5c4-488c-8d62-9c523ba4cc66,SKU-2182,Grocery,2764,1,2764,Card,iOS,Hyderabad,Pending,Yes
591a96b1-7c44-44d2-958d-101f9f480af7,14:02.4,0ab5b6c7-9332-4a62-9e32-9f266058d6e4,SKU-3963,Electronics,1527,1,1527,Card,Android,Hyderabad,Delivered,Yes
829143d6-8a0f-4d54-b469-6f769aa0ce41,14:02.4,05a969dd-945e-49d2-87b3-3c80cd672a0e,SKU-1630,Home,2134,3,6402,UPI,iOS,Bangalore,Delivered,Yes
7c6735b6-519c-4568-a8cf-7c15fe12b116,14:02.5,87691b51-aa80-4c3c-8660-5876ed8d1ebe,SKU-7855,Home,723,2,1446,Card,Web,Bangalore,Shipped,No
7c541967-0dd5-4a67-8f57-d5c14c982c7a,14:02.5,b07776a6-f104-4d20-a3a6-31025dc3c7a9,SKU-8757,Home,1018,2,2036,Card,Android,Delhi,Pending,No
08b6b6bc-8ab5-4fea-a865-811596bcba18,14:02.6,7bb35870-a775-4c70-939a-c79d2a7c3f6c,SKU-5155,Grocery,2086,3,6258,Card,Android,Bangalore,Delivered,No
b5e86c55-bacc-4acc-aff0-0eda110db7bc,14:02.6,e567cd86-1b2f-4353-8c70-d3c9a78d0d3e,SKU-2441,Electronics,3062,3,9186,Card,Android,Chennai,Shipped,Yes
69b88ac2-a285-4c68-be06-1af7919308ed,14:02.7,0168cbf9-4612-4dc9-a56e-0ebccbcfa5b3,SKU-2964,Fashion,4189,1,4189,Card,Android,Chennai,Pending,No
e63d9908-8e41-4178-b26e-6b44e54edc4b,14:02.7,eebbb69d-2c15-4069-abe4-81cac15000e0,SKU-8475,Home,3038,1,3038,COD,Web,Hyderabad,Shipped,Yes
4eb1a7cf-a673-4e11-a7d8-2b8bdb6023f7,14:02.8,37c45f40-9ddc-4fd7-83ed-ea6dc2140122,SKU-2838,Grocery,203,2,406,COD,iOS,Mumbai,Shipped,No
e47fc00c-b5e8-49df-a225-a15d17bd9b8d,14:02.8,f387a688-a045-4c9a-86bb-803e54bd4044,SKU-7942,Grocery,4340,1,4340,UPI,Android,Hyderabad,Shipped,Yes
b9da09f5-d51e-4328-8055-970db0bc3152,14:02.9,6a6fc3cf-b886-441f-90a1-119997184177,SKU-6297,Fashion,3737,3,11211,Card,iOS,Hyderabad,Shipped,No
9a80c5bf-1f65-4bfb-a6ca-e329be701dda,14:02.9,4cedfdd3-d703-4f12-8630-db19e974211e,SKU-3920,Home,938,1,938,UPI,Android,Hyderabad,Shipped,No
81b83747-896e-46c9-bf64-f08fa849e9bc,14:03.0,65907bdc-2293-42da-9629-ae792df6f7de,SKU-1132,Fashion,4139,2,8278,UPI,Web,Hyderabad,Shipped,No
14a883ef-e619-44c8-83d2-f3a7e6ab07cf,14:03.1,83df38ca-2c47-4355-8da3-4925deb1a966,SKU-5866,Home,2888,2,5776,COD,Android,Bangalore,Delivered,No
055c7349-6983-4dcd-9010-1da6d3647897,14:03.1,92577cb3-b231-4bd3-b47a-1c2c3093e800,SKU-9827,Home,1706,3,5118,UPI,iOS,Bangalore,Pending,Yes
701ab51a-3a82-4168-aef9-0f4922e37ac8,14:03.2,b9231727-9f4f-4328-87f4-06ff52a7df03,SKU-0877,Home,3422,1,3422,Card,Android,Bangalore,Pending,No
a878bb58-00bf-404b-80f4-966ff788c67f,14:03.2,b517d247-5a04-4a3a-8a04-b87348197ce8,SKU-7965,Fashion,4722,2,9444,Card,Android,Hyderabad,Shipped,No
187e46a7-62fa-43e4-b66c-7a149a6dcdb9,14:03.3,23adb5f2-e03c-4672-969e-2cffe0c2c1bb,SKU-5632,Fashion,785,1,785,UPI,Android,Bangalore,Delivered,Yes
00041db7-5e67-4a2f-beb8-fd2135e680fa,14:03.3,20142018-d1d7-455e-9f12-a52364d08f22,SKU-7945,Home,1260,1,1260,Card,iOS,Mumbai,Pending,Yes
1a552615-8ed4-418f-aba8-df8acd00168b,14:03.4,3176cde8-17b7-4959-93e4-7e1e4b14e4d8,SKU-0036,Home,3664,3,10992,Card,Web,Delhi,Pending,No
f56c0130-0ff0-4f51-9501-b0b6d9cba39c,14:03.4,025bb170-d097-4449-8839-5f5a7547b402,SKU-9566,Fashion,3718,3,11154,UPI,Android,Hyderabad,Pending,No
86f1df06-ad7b-488e-b876-92fd3f286839,14:03.5,e29813c3-2edc-49a7-8df0-2cfde01849c7,SKU-1843,Grocery,3162,1,3162,Card,iOS,Bangalore,Delivered,No
d2a9b700-615f-42c6-8f58-93e7a87cca0a,14:03.5,9fbfea0a-d583-49d6-ac39-ca925d25dfcb,SKU-2274,Electronics,2258,1,2258,COD,iOS,Mumbai,Shipped,No
484111fd-6c42-42a3-b521-b6084a98e4db,14:03.6,cdd9de95-7e36-4ab8-975a-5c7a02b21152,SKU-8240,Grocery,3715,3,11145,UPI,iOS,Bangalore,Pending,Yes
20af5f0e-ae0f-45a2-96eb-4bdebe3ac221,14:03.6,4c0f6276-87b5-48e4-b4ff-0394f54989fb,SKU-1871,Electronics,2842,2,5684,UPI,Android,Delhi,Pending,No
0e663c5a-3b1c-4a33-b03f-7f8831c72273,14:03.7,ade61415-bc85-464b-960c-0d56b8aaebe5,SKU-5755,Electronics,2709,2,5418,COD,iOS,Bangalore,Pending,No
0ce9628f-4660-487c-8d10-4c284107e3cd,14:03.7,eb224ac5-3f52-4454-8686-a151d9067f7e,SKU-4548,Electronics,2536,3,7608,UPI,Android,Hyderabad,Delivered,Yes
97c5e2e8-1f3a-4296-9215-6c4604addda4,14:03.8,832ce98a-e08b-4192-837a-34d29de7866c,SKU-7337,Grocery,4983,3,14949,UPI,Android,Bangalore,Shipped,No
5b2b98b4-ab04-4dcd-8994-2a89deb87010,14:03.8,646785db-2f16-48dd-8fe5-e5486ae6d55e,SKU-7202,Fashion,1471,1,1471,UPI,Web,Mumbai,Delivered,Yes
548b2564-e10c-4491-92c6-1dd6da8577bb,14:03.9,a0a3b4fa-ca95-45c7-babc-c1e49fe613e1,SKU-8399,Electronics,4529,2,9058,Card,iOS,Chennai,Shipped,Yes
95052854-f6e9-4c44-b25b-6b6f4c3e8812,14:03.9,1a72301b-077d-482f-ac63-aa8a7521cf49,SKU-3998,Home,202,2,404,COD,Android,Bangalore,Shipped,No
69f95d98-aee2-4fcf-aedb-d536082aba76,14:04.0,e575e74f-d8c1-4a5d-a1d6-7618d5e81a52,SKU-0828,Home,4286,1,4286,COD,iOS,Mumbai,Pending,No
cb8a3000-5f69-49a7-9a41-bdbf2cf5c83b,14:04.0,23cc7af3-6ba7-481d-b696-3aa8e9956f10,SKU-3175,Grocery,3328,2,6656,Card,Web,Chennai,Pending,No
6d47c62b-dfcc-4f30-a4fa-e2ff7ac675f8,14:04.1,dc02b48c-173f-4543-a1bf-2a0d6799d6f8,SKU-6252,Fashion,4949,2,9898,UPI,Web,Delhi,Shipped,Yes
55a50911-3f32-42e9-977e-65bc92481be0,14:04.1,606286e4-24e4-4794-a9a1-b0c3684ed40e,SKU-6126,Grocery,2234,2,4468,COD,iOS,Hyderabad,Shipped,No
0dc740d9-d90a-40fd-a349-c97bbafc4aba,14:04.2,543d5f07-0091-4deb-ad09-95ea6bc5f29f,SKU-5225,Electronics,4969,2,9938,UPI,Web,Mumbai,Delivered,Yes
90bb05a2-4e82-44f8-8ae3-6e7e11d972c9,14:04.2,cab409ba-78fe-4ee9-8ca8-610b54425b1b,SKU-8769,Grocery,921,3,2763,Card,iOS,Hyderabad,Shipped,Yes
b620831a-bc08-454f-b819-95ccd4700309,14:04.3,7d380a26-7461-4e49-ba1a-4d0d9f4c4a35,SKU-1564,Electronics,1582,3,4746,UPI,Android,Hyderabad,Delivered,Yes
dc356dff-0e1c-4ebe-a5a9-c005811905db,14:04.3,8a985878-25de-463c-82db-d231168eee8d,SKU-9188,Grocery,3794,3,11382,UPI,Web,Delhi,Delivered,No
8d8ef6e3-a2bc-4850-aa81-6b60f9756132,14:04.4,d1d4bac3-7d70-4c66-b318-4feabe2a8ed8,SKU-6401,Fashion,463,1,463,Card,iOS,Chennai,Delivered,Yes
4e88d6c6-cf7a-4d73-a8d8-0b019ad906a0,14:04.4,5e0cd772-e7d0-421d-91e0-249896991ea0,SKU-9631,Fashion,1407,3,4221,UPI,iOS,Mumbai,Delivered,Yes
c2452a9e-df67-47ab-99c3-6ba6d68792ec,14:04.5,516f965e-b4db-44d3-a627-06e459e5cbb2,SKU-7524,Fashion,4126,2,8252,Card,Android,Chennai,Delivered,Yes
699e8b07-d5d0-401c-a2be-babf0b39ae56,14:04.5,167480be-3bb8-49d5-9e47-a78d17a8f62c,SKU-2533,Fashion,3996,1,3996,Card,Web,Hyderabad,Delivered,Yes
465376ad-a1bf-4bc6-bf3a-3676c8697b9a,14:04.6,508f3991-e5b4-477d-8e4e-840d12ab1b85,SKU-0226,Grocery,533,2,1066,Card,iOS,Hyderabad,Delivered,No
242523de-e5c6-41e5-ab9d-494c04d7b261,14:04.6,130b2027-a971-44cb-9272-9d96b32a8108,SKU-4570,Grocery,4059,2,8118,UPI,iOS,Bangalore,Delivered,Yes
f5dc89f9-2df9-4abe-9c64-1d6e6c1b02ce,14:04.7,17cc0f32-382f-4e3c-b032-04c0c51c7c24,SKU-5829,Electronics,4958,2,9916,Card,Web,Bangalore,Shipped,Yes
67f712e0-db5f-466d-8bd3-c8d90a441a36,14:04.7,eefb3ede-54ff-4a25-a5f9-141173336ca2,SKU-5492,Electronics,3676,3,11028,COD,Web,Chennai,Delivered,No
e0f6b334-f618-4878-b152-e29af6ad68e5,14:04.8,210d6b46-74c0-464b-8c7b-29e69fe72c46,SKU-0751,Fashion,1826,2,3652,COD,Web,Chennai,Pending,No
37a4b818-34c2-4799-9844-7d34efc03929,14:04.8,44e70b6a-6517-4326-9014-ec1646c6aeee,SKU-0999,Electronics,4487,1,4487,Card,Android,Hyderabad,Pending,Yes
b5e649a1-d456-4395-aabd-2568a38f6c2c,14:04.9,94dce5f6-ffbb-4663-baab-9bfe0257c52a,SKU-6236,Grocery,449,1,449,UPI,Web,Chennai,Shipped,No
e673d57e-afdd-4ea6-9752-b1040c774141,14:04.9,cb874864-cbe4-460e-a39e-2c7674a9cfb3,SKU-3857,Grocery,984,3,2952,Card,iOS,Delhi,Pending,Yes
4a5b9f13-bfdd-4c07-be8e-df39ce96ee14,14:05.0,8f1a6ad2-0709-4a31-ae29-4b7598ff8d22,SKU-4620,Fashion,1146,2,2292,Card,Android,Hyderabad,Delivered,Yes
8172fcba-1f15-4a4d-b1f3-891744fab0fd,14:05.0,3a4224a5-929f-4b8f-83ae-aafa9c17e697,SKU-5305,Grocery,4313,2,8626,Card,iOS,Mumbai,Pending,No
d0edb87c-d9a0-4332-bb72-7ecabceb388e,14:05.1,4e7f259f-ef36-413e-b333-1fb40edfc938,SKU-9079,Electronics,2389,1,2389,COD,Web,Delhi,Pending,Yes
19a413b3-7959-474e-a1bb-51c27cff8db0,14:05.1,f9a80806-4e8a-4797-97d5-80a3d9c0d1d3,SKU-6968,Grocery,2227,3,6681,COD,Web,Mumbai,Shipped,Yes
e3a35822-9e39-4fae-8602-fd163f17e730,14:05.2,e6ce979b-ba8b-41f0-b701-36766c7145a7,SKU-0138,Home,4018,1,4018,COD,iOS,Bangalore,Shipped,No
10702be7-3609-4402-9e67-d8a2ce967d75,14:05.2,97519467-c429-4f90-b10f-a9b0f5e17568,SKU-8072,Fashion,1154,2,2308,UPI,Android,Mumbai,Delivered,Yes
a9f9e706-c8bb-4453-8fea-4e35f94dc11c,14:05.3,b16b66d0-abde-4cad-ba35-ad0b72c19831,SKU-2188,Fashion,2433,1,2433,Card,Web,Mumbai,Delivered,No
433d16ac-c5d9-4776-b27a-41d17835c9a8,14:05.3,722fb930-1167-415e-9f70-1906f034d84d,SKU-1673,Fashion,349,2,698,UPI,iOS,Hyderabad,Shipped,Yes
0a1a06f5-bd48-437b-a823-43d284d83866,14:05.4,7f6883ee-8137-44be-9752-619723e5d425,SKU-1753,Home,4673,3,14019,UPI,iOS,Hyderabad,Pending,No
4225cda0-accb-434b-9a16-a6620b817837,14:05.4,0a5a2188-b0f7-4c70-acd0-79c55a4bb242,SKU-8711,Home,3077,1,3077,COD,Android,Hyderabad,Delivered,Yes
0af2080c-3c15-4c22-be21-a30772c03236,14:05.5,a6bc65c4-73a1-4d09-9ccc-d51e10980db9,SKU-1114,Home,2173,1,2173,UPI,Web,Delhi,Shipped,No
4902642f-a61b-42b3-8d04-c793a8e5668d,14:05.5,c17c3f07-988e-4018-a7a4-10e1d1fc6997,SKU-7800,Home,3613,2,7226,UPI,Web,Bangalore,Shipped,No
6725ce50-c1e5-47b8-955d-2ccd502fd13c,14:05.6,e117eb00-0b69-4975-af97-03ad4c075a9b,SKU-0007,Fashion,1544,1,1544,COD,iOS,Bangalore,Shipped,No
6e93cfa4-ce85-4b69-b96a-6197c23d97d1,14:05.6,17c7daf4-848c-4c4e-b490-2ba299728f40,SKU-3757,Grocery,1943,2,3886,COD,iOS,Hyderabad,Delivered,Yes
cd191d79-6856-452d-978c-c1a27b692fb3,14:05.7,205b07ed-80eb-4f62-9110-19b55e8ec436,SKU-3757,Electronics,416,1,416,Card,Web,Bangalore,Shipped,Yes
89b9c852-8943-4651-a9c3-fd3633ee39cd,14:05.7,c7d2c51d-6dc2-44e4-8030-a908e9e0053c,SKU-2550,Electronics,3901,3,11703,UPI,Android,Delhi,Pending,No
10c3d39d-ab20-4761-bf19-e82ebd0e3ad8,14:05.8,e918af70-5e04-4638-b238-fa45fd4f9ee9,SKU-6031,Home,1001,3,3003,UPI,iOS,Mumbai,Pending,Yes
e87a6e99-1545-409f-86df-6ced0e50f652,14:05.8,c753688c-9583-4695-a89a-36e4892814c4,SKU-8989,Fashion,4802,1,4802,Card,Web,Bangalore,Shipped,No
adffee1a-be71-4686-8eff-63f07688063d,14:05.9,b8ff1261-3706-468c-b33c-873a4d0825af,SKU-5659,Electronics,2241,2,4482,Card,Web,Mumbai,Shipped,No
4af813ac-644b-4d21-b0d0-86c43712893d,14:05.9,7a0a9307-f8db-45f1-a087-8d3124b28af3,SKU-7747,Electronics,1383,2,2766,COD,iOS,Chennai,Shipped,No
051cc790-e686-4e6b-a740-e1094acb8c24,14:06.0,b37b6487-7e08-4745-8e3b-de5025cfd82a,SKU-9899,Fashion,4094,1,4094,UPI,Web,Bangalore,Delivered,No
bbf84d9e-f642-4706-9b5c-8231d52531eb,14:06.0,1d5dc15f-09b1-485b-8922-195379e9f503,SKU-6346,Grocery,1385,1,1385,Card,Web,Chennai,Delivered,Yes
07cdace3-f6db-46f1-9886-e8569e2196d6,14:06.1,1134c153-65bf-41a6-a239-55c4a4fc3c20,SKU-0669,Grocery,3251,3,9753,UPI,iOS,Mumbai,Pending,Yes
e5397551-1001-4f5d-bb3c-f377b299be6d,14:06.1,71b23120-c342-4487-8195-21008c45701c,SKU-1744,Grocery,3508,3,10524,UPI,Web,Hyderabad,Delivered,Yes
d56cb34b-d9e7-4a98-a809-6b7ae3168603,14:06.2,6ffa1df5-2710-4e1e-ad3c-4fc4ea436e7a,SKU-8277,Fashion,4737,1,4737,Card,iOS,Mumbai,Shipped,Yes
322db7c0-bd45-4e0f-a759-839352d28256,14:06.2,2ca7c2ba-4b87-45e8-85c7-df7f0359d2c7,SKU-4039,Fashion,665,3,1995,Card,Android,Chennai,Shipped,No
21b58b4c-56fe-40cd-a0dc-72bc1709ce58,14:06.3,0a4f21c2-574b-488f-aa01-c4c39318a92f,SKU-9623,Grocery,4309,3,12927,COD,Android,Hyderabad,Delivered,Yes
8422a5f1-5520-4582-9e46-13d03eb27d2c,14:06.3,fc1e4259-2764-4155-b396-97f8d5a54744,SKU-4113,Grocery,3113,2,6226,Card,Android,Chennai,Shipped,Yes
9e376fa0-f294-4d4c-a5d3-088da99e34b6,14:06.4,4ca2e70b-55c0-49e4-9c97-bf9c399f60ef,SKU-8734,Electronics,990,2,1980,COD,Web,Mumbai,Delivered,Yes
be7932f7-bb89-4d07-9934-90d5d9169ea8,14:06.4,bef1303c-5cb9-421e-bc74-43ef7a88b2a2,SKU-5399,Fashion,3748,3,11244,UPI,Web,Mumbai,Delivered,Yes
97aac89a-aee1-437d-9cab-1682bce81fe5,14:06.5,2abff3a9-35a1-4046-a15b-bf25aa2eab21,SKU-6410,Grocery,2239,2,4478,Card,Web,Mumbai,Delivered,Yes
a8917758-77a8-4b15-a942-80637fd466f5,14:06.5,f3c0cf79-7c74-42ed-9d85-18b5ddb66a69,SKU-3943,Grocery,1096,2,2192,Card,iOS,Delhi,Shipped,Yes
18e838c9-cf54-4f85-8519-b4725bb18e00,14:06.6,edf87954-1927-4f1f-a592-7d839a6caaeb,SKU-7225,Fashion,3438,2,6876,Card,Web,Hyderabad,Shipped,Yes
ccef1f2a-6eb4-4a4a-9b07-8412014ba82b,14:06.6,39a53d0f-b6fa-48ca-bab0-bdfc7e63f942,SKU-3655,Electronics,1475,1,1475,Card,Android,Hyderabad,Pending,Yes
60c62525-d936-4d10-8613-33cc0e4986d6,14:06.7,17fcbe7a-9590-4ac3-b68a-e37589577559,SKU-5411,Electronics,2194,2,4388,Card,Android,Bangalore,Pending,Yes
21daea67-45bd-4c30-aeac-ed66ae196855,14:06.8,845b7427-7727-46fc-a854-d044ce302b6e,SKU-1964,Electronics,4816,3,14448,Card,iOS,Bangalore,Pending,No
5554e83b-4c90-4580-bdef-9ca4bb041b47,14:06.8,b1488f96-0eea-45e3-9862-7e06af0aee2f,SKU-7583,Electronics,3149,3,9447,COD,Android,Bangalore,Delivered,No
9076a12a-78e7-4b73-b123-693ad406497f,14:06.9,9f8eaeb3-1b00-46ae-8949-87085613c8b2,SKU-4561,Home,1481,3,4443,UPI,Web,Chennai,Delivered,Yes
0eb3c309-fb1d-48bf-a73b-8e5a5216ad90,14:06.9,00ab6e78-fccc-475f-82b8-2f7ce269ad05,SKU-4465,Fashion,4614,1,4614,Card,iOS,Bangalore,Shipped,Yes
cc232a84-9866-4d9a-a0f5-5102a14c1b9c,14:07.0,eba4e3d8-dcfd-4046-8d7f-b04dfe92b45d,SKU-9243,Grocery,3718,2,7436,Card,Android,Delhi,Shipped,Yes
3361c00f-a7c3-4267-9305-eef2a20f3bc8,14:07.0,07e29f45-fabe-41eb-966b-68adfac55e9c,SKU-5272,Fashion,3501,2,7002,COD,iOS,Bangalore,Shipped,No
1a064df0-a165-454a-a7f6-7be579e36bdb,14:07.1,63515965-930c-4fd9-bbef-5571307e7731,SKU-8332,Electronics,2253,2,4506,Card,Web,Delhi,Pending,No
ee297a72-2c91-4f2f-91ba-091a2cf2ad3a,14:07.1,8e8633ad-2dd4-4b64-82e9-be8db53f60ab,SKU-5509,Fashion,3946,1,3946,UPI,Android,Delhi,Shipped,No
6004ee1f-12da-4715-9311-cd66822fcc09,14:07.2,a6a020d7-2b33-41e9-ae18-ae24f9319853,SKU-7729,Home,597,1,597,Card,Android,Mumbai,Shipped,Yes
858438bf-48d8-4a27-b034-74bff19ef044,14:07.2,33e80f08-6935-452c-9d96-823e82c442e0,SKU-4724,Home,1690,2,3380,COD,Web,Bangalore,Shipped,Yes
74acdad3-80ac-46a6-abb4-42fed593294a,14:07.3,fb3a0479-1366-4325-97a0-cbb7c158c3ec,SKU-7998,Electronics,3149,1,3149,COD,iOS,Delhi,Shipped,Yes
f15cc955-d4c0-40e6-88d9-5143f5817cf7,14:07.3,d4772ac1-23e9-4450-a2b8-0db1e1bb5790,SKU-6927,Fashion,3789,2,7578,UPI,iOS,Chennai,Pending,No
4d0dff0a-5176-497b-ad6a-cf20ba2ebb7b,14:07.4,d381fb64-0bb8-430e-bc69-615311fd484b,SKU-8907,Grocery,4919,2,9838,Card,Android,Bangalore,Pending,Yes
e42d5020-1bb9-4493-8077-24b408e45b94,14:07.4,13e98667-4011-4890-8daf-d3ba9b063513,SKU-5284,Fashion,676,1,676,COD,iOS,Bangalore,Pending,No
745fa673-b288-466d-a338-f44e388675be,14:07.5,d5f34d27-50ec-4d8f-a0f2-ed78938ed151,SKU-0400,Grocery,2489,2,4978,Card,Web,Bangalore,Shipped,Yes
ee2b2632-4509-4008-9daa-66f28ffd894d,14:07.5,1e2643cc-0e83-4312-a496-61a595d0808d,SKU-9270,Home,2252,3,6756,UPI,iOS,Bangalore,Shipped,Yes
91b7800f-fdec-4499-80b1-cb501cf980f6,14:07.6,2880143a-1987-481f-af3a-d4d12a24b32e,SKU-7047,Electronics,959,1,959,Card,Web,Chennai,Shipped,No
9a9b1459-a745-4fd2-a60c-e2e6891ec3fd,14:07.6,c00e7877-7acb-43f6-a29d-80d49268b9df,SKU-0997,Grocery,3582,3,10746,UPI,Android,Chennai,Shipped,Yes
627fd671-594b-4ab2-b3d5-1797f2d0fe0a,14:07.7,81c2f9ad-b361-4460-9fb5-0666a84881c2,SKU-6559,Electronics,1534,2,3068,Card,iOS,Delhi,Delivered,No
a5518be9-6e2f-43fe-9ac1-a141256762f3,14:07.7,5353a030-0a2f-4f53-8e3d-407ffa082be5,SKU-8895,Electronics,2581,3,7743,COD,Android,Chennai,Pending,No
eb834d8e-b831-4e99-a06a-8e6920be6557,14:07.8,ddbabec6-c15b-4ee9-a4de-c0465e535538,SKU-2877,Fashion,2533,2,5066,Card,iOS,Chennai,Delivered,No
73063be4-8c1d-4fa0-87ce-b9ac19a061c4,14:07.8,400b1e5b-0bc8-4a29-b88f-c67701f1e23c,SKU-4056,Grocery,1551,1,1551,UPI,Android,Mumbai,Pending,No
b40800d5-241e-423b-82cb-bbb0999abede,14:07.9,93f792c6-a51a-43d2-9e16-860fde1ed8cd,SKU-3338,Home,2601,3,7803,COD,iOS,Mumbai,Shipped,Yes
f445f620-0917-41f8-a9d0-3bb279ed7f15,14:07.9,2e70603a-83d8-4c8c-a731-c399d35e02a3,SKU-5344,Grocery,4659,1,4659,COD,iOS,Bangalore,Delivered,Yes
ea4e8491-06da-4510-bdb4-7a04bac2c60d,14:08.0,58741fc2-a2e4-48d7-a7ea-49750fa8a9c4,SKU-8197,Fashion,804,2,1608,UPI,iOS,Hyderabad,Pending,Yes
efdafd08-52bf-4aa3-86e3-4fb9c3c5eb3d,14:08.0,8bb65b20-17c7-4332-a709-0d2be023a3f5,SKU-0607,Home,3018,3,9054,Card,Web,Delhi,Shipped,No
6ef7228f-b867-43f3-a30d-9afd20f21f71,14:08.1,b005ee1a-210a-4304-961f-e539662a05be,SKU-6110,Home,1115,3,3345,Card,iOS,Delhi,Pending,No
2b96a4c1-6faf-4093-b83f-de7f3c858812,14:08.1,ec59bc13-4e98-4a5f-b8b5-bc2080f1d708,SKU-4955,Fashion,3612,2,7224,COD,Web,Hyderabad,Pending,No
2a12d038-6099-4040-bad9-52d0d3a3064b,14:08.2,7f655a92-3cfe-40cb-bfa1-4cc3a3cfe299,SKU-9748,Grocery,872,3,2616,UPI,Android,Bangalore,Delivered,No
1863370a-3834-4648-833f-3fc95a8fa75f,14:08.2,cf88bfb5-01cc-4bc4-b0a2-4adf38d5aff4,SKU-5868,Home,4698,1,4698,UPI,Web,Mumbai,Pending,Yes
1c4bc77d-6a2a-484a-a39d-cc43289d00fe,14:08.3,e9c019cf-74cf-46b1-8775-91e87bfdd999,SKU-2068,Fashion,1624,2,3248,UPI,Android,Bangalore,Shipped,No
7d8101b7-b03d-4435-ad62-435efdd7120c,14:08.3,adbcdb0e-eb37-483b-a7d1-5d21f8d82c10,SKU-9063,Grocery,271,1,271,Card,Android,Mumbai,Pending,Yes
48e93972-b8f3-45b5-aca0-8c7164923a9e,14:08.4,f269898e-a316-4c0f-a228-556cc47481af,SKU-8288,Home,893,2,1786,Card,iOS,Chennai,Pending,No
e821097d-b583-4323-801d-98e7b77eea2c,14:08.4,8d4b3052-36e0-4f49-920a-eb33239002d6,SKU-3840,Electronics,2047,1,2047,UPI,iOS,Hyderabad,Pending,No
7a7217b1-79ae-4ad3-af39-8b1047bd194f,14:08.5,036c4f10-67fe-439b-89e4-aeb523004166,SKU-4880,Fashion,1481,2,2962,COD,Web,Hyderabad,Shipped,Yes
198d6da3-c733-4c90-a13e-ebc793bcef87,14:08.5,76938ea6-b3df-496a-89d4-f9d47e8eb9bb,SKU-9267,Grocery,541,3,1623,Card,Android,Bangalore,Pending,No
de98c2d1-a8b1-4e71-93a5-2549d26699f8,14:08.6,ced38e44-ed35-4e97-a73f-15ead7252ddc,SKU-1952,Fashion,463,2,926,COD,iOS,Mumbai,Delivered,No
0a461c6e-4c3b-4831-9a86-60fd14f26fc5,14:08.6,22f6a421-e1ab-4bed-8121-16daa31b3ebe,SKU-7886,Grocery,820,3,2460,COD,iOS,Mumbai,Shipped,No
be767239-1000-48b2-9163-0fa9be34f325,14:08.7,0985b599-8c99-4b2d-95f0-19ae76d50aeb,SKU-3157,Home,1410,3,4230,COD,iOS,Mumbai,Delivered,Yes
f82e43ce-f27b-4861-aade-039306fee8c6,14:08.7,5628a570-91ab-42a5-9b00-6c19d687624c,SKU-1638,Home,2844,3,8532,COD,iOS,Mumbai,Pending,Yes
2a5ca66c-bb05-4338-92a8-876ec5d388d0,14:08.8,483c2108-0f60-4302-a133-add3fa8d8ad2,SKU-5500,Electronics,2967,1,2967,COD,Web,Hyderabad,Pending,No
cbe55caa-ee3a-43bb-aed8-fc291beaebb7,14:08.8,cb607129-bfde-4ca5-90e7-eaf9a0c111ee,SKU-3038,Electronics,1633,2,3266,Card,Web,Chennai,Shipped,No
09ed631f-019b-4753-8d96-014dfe6dee2e,14:08.9,6659031c-5f31-4fa9-8bb7-cd809a87a66c,SKU-6705,Home,3333,2,6666,UPI,Android,Mumbai,Delivered,Yes
ab369bce-e2bc-40ef-b3ed-d7048df869bb,14:08.9,65e7d0f8-6b57-4fec-ab8d-ec57df51d936,SKU-0081,Fashion,1219,2,2438,UPI,Android,Chennai,Pending,No
4d8eb9e0-2466-414e-9704-7493fffe90da,14:09.0,42e30f4e-c8bd-4348-b672-af0443889980,SKU-8105,Grocery,4672,2,9344,Card,Web,Bangalore,Delivered,No
2dfda5d5-ab6b-45f0-b535-b1f8d10d1098,14:09.0,20d63a67-fe01-4733-be34-8cd5100f25b9,SKU-4637,Electronics,1026,2,2052,UPI,iOS,Chennai,Shipped,No
39899b4f-aa94-4b55-bfaf-e35f4ffc3a2c,14:09.1,a7cc9baf-e6ea-4449-8678-481969e8618c,SKU-7928,Fashion,4197,3,12591,UPI,iOS,Bangalore,Pending,Yes
dac2a6ed-30bf-47ab-80a3-5606d19eb76f,14:09.1,a0e1bd9d-258f-4579-9cdb-56c154a4df0c,SKU-3342,Home,1814,1,1814,COD,Android,Chennai,Delivered,No
0387c994-1fa6-45f5-a5d4-644b00262f47,14:09.2,7e7a625d-c7cd-456b-89fc-0f76861cdb2a,SKU-6446,Fashion,4994,1,4994,Card,iOS,Delhi,Pending,Yes
6f792784-dbfd-4adf-9b4a-9cf1736c2133,14:09.2,7374c08f-da73-470c-9e95-2ace33962c0a,SKU-9263,Fashion,4868,2,9736,COD,iOS,Bangalore,Pending,No
9ab4cf8b-45de-46d7-a401-0964053aacdf,14:09.3,f6e788a4-616f-45b9-acf8-3a1f4a42123f,SKU-7153,Electronics,3453,3,10359,UPI,Android,Mumbai,Pending,No
7b115296-3507-4fef-8391-fad9be1bd362,14:09.3,64f051a6-31b0-4023-8c16-c1a23970840c,SKU-5117,Electronics,1342,2,2684,COD,iOS,Mumbai,Delivered,Yes
9037d49c-039c-4df4-abf3-3653ac2a4a60,14:09.4,fe479bce-1a09-402e-b1cc-054ad44568f5,SKU-5855,Electronics,4319,1,4319,UPI,iOS,Delhi,Shipped,No
9309fe03-7e5c-41ae-a678-84d8ad0535d0,14:09.4,0c830d8c-94f1-4321-aacc-0615450f13f1,SKU-2784,Grocery,2728,2,5456,COD,iOS,Chennai,Pending,Yes
c0d94f75-5be3-4cd2-9c03-916881447610,14:09.5,8be374b3-d7f9-4536-bdd4-2584c46bea19,SKU-7315,Home,1859,2,3718,Card,Web,Mumbai,Delivered,No
4c344046-c6ad-4969-9655-6062976f0276,14:09.5,22d55887-50f2-4a67-a26b-77e6f666415b,SKU-5845,Electronics,3370,2,6740,Card,iOS,Mumbai,Shipped,Yes
5bdab0fd-5742-4c84-94eb-0b1bacbc8246,14:09.6,543a3d0b-e67f-48d0-afc2-2256a72811a4,SKU-9582,Electronics,2296,1,2296,COD,Web,Chennai,Pending,No
316ae303-b052-4bbc-9381-c72cf27a0785,14:09.6,a605f300-19f4-434a-8bd4-0322c355b7eb,SKU-9851,Grocery,4270,1,4270,UPI,Web,Mumbai,Shipped,No
a80f47f0-097f-4f3a-8d85-c6c6f6cf2d64,14:09.7,b0a95a41-b517-469a-9277-52c5516e2241,SKU-6390,Home,1112,1,1112,COD,Web,Delhi,Delivered,Yes
6d2ea265-8c14-4c91-8b36-4dfa2603b1da,14:09.7,c5399fb8-2a88-420d-8112-1a58a51a280c,SKU-2392,Home,2138,1,2138,COD,Web,Bangalore,Delivered,No
e51a5b79-3915-411f-a473-2159ac784ab9,14:09.8,cb1aa05c-e010-4c9b-aabf-503d5637c36f,SKU-0397,Electronics,2758,2,5516,COD,Web,Chennai,Delivered,Yes
955f6ef1-4ab9-4f5d-b4a6-334b09961ef9,14:09.8,b4519276-c581-40b4-8e5b-e4dce8296766,SKU-2467,Fashion,419,3,1257,Card,Web,Mumbai,Shipped,Yes
dd990bdb-2691-464f-9dd0-5a3c8fa84d73,14:09.9,cc3eda67-560e-4b1c-b854-1b27e6e3e85f,SKU-1845,Home,2605,1,2605,COD,iOS,Hyderabad,Shipped,No
6bec1e0a-d8f5-4eb4-881e-ea11f041107d,14:09.9,49d106b0-e72e-4381-a1c4-877884139340,SKU-6074,Grocery,1991,3,5973,COD,Web,Bangalore,Delivered,Yes
7778be65-7398-4c1f-b3e3-85b6ff45a0a5,14:10.0,f2e04e44-d91f-4381-89f1-36f0d5263d7a,SKU-8939,Home,1777,2,3554,COD,Web,Mumbai,Shipped,Yes
2c28f9c9-0b40-4d94-94f9-d749be8e9ac6,14:10.0,0ca0be7e-61e0-4ab8-b46d-e8b303b4fcc0,SKU-7202,Home,2312,1,2312,COD,Web,Chennai,Delivered,No
17378b1d-959c-4e40-98d0-fcdb474742df,14:10.1,b305e3fd-ec85-4517-877e-0f1189880753,SKU-4115,Home,2674,1,2674,COD,iOS,Bangalore,Shipped,Yes
7136563b-0f3f-4737-9f21-6cf008981965,14:10.2,63b36c83-130f-451e-9edb-92c705ef3f90,SKU-5997,Home,4237,2,8474,COD,Web,Bangalore,Shipped,Yes
7a279ad2-cc7a-4c3c-abf1-81e228fefce8,14:10.2,a7aa91cd-a1eb-4429-a29a-85e0b51fc135,SKU-6875,Home,2975,1,2975,Card,Android,Hyderabad,Shipped,No
feea1971-c486-49de-994c-e057e99a15fc,14:10.3,a091a76a-f674-4a44-9cc1-e5384c91d914,SKU-7100,Grocery,4818,1,4818,Card,Android,Mumbai,Shipped,Yes
7455a524-1b31-4354-b20e-c710933a52ca,14:10.3,5cb45688-4a14-4f09-a9f2-0a5b14363210,SKU-6244,Electronics,4921,3,14763,Card,iOS,Bangalore,Pending,No
22488444-494b-4bf6-8d4f-8b86dd1db9ee,14:10.4,572aac06-375f-4709-ab5d-58a296094f09,SKU-4186,Home,3007,1,3007,COD,iOS,Chennai,Shipped,No
6ab4e72d-507e-43f3-9c75-1f1a37b5fece,14:10.4,058d7e1d-79cb-4fb7-b028-29d18986461e,SKU-3371,Fashion,2670,2,5340,COD,Android,Bangalore,Shipped,Yes
50509d9d-e851-4ee2-8517-729229ee9744,14:10.5,82e1714d-41bd-433d-8cc2-9d55aa16479a,SKU-8984,Fashion,4141,3,12423,Card,Android,Chennai,Pending,Yes
7042af3f-0e5d-433f-b73c-abda8caa3cf0,14:10.5,5a28abdd-730f-4aac-aff6-8284e0dafbde,SKU-4074,Fashion,1354,3,4062,UPI,Android,Mumbai,Shipped,No
e56f8667-cd7a-417a-b6a6-223123da1b84,14:10.6,fbf93151-53a2-4fea-acea-0da2bc938169,SKU-8409,Grocery,2936,1,2936,Card,iOS,Hyderabad,Shipped,Yes
60cb595d-8c31-4677-b604-6d6ef44bbdf0,14:10.6,8268caeb-c4e9-498d-b1f7-09d5c9656908,SKU-8204,Home,1492,3,4476,COD,iOS,Mumbai,Delivered,No
b8b8a437-9d14-42b6-9bb3-9e5fd0ef116e,14:10.7,2a632956-1f8e-4f27-9d05-fc1132ff2f44,SKU-4824,Fashion,1658,2,3316,Card,Android,Delhi,Shipped,No
78072fe9-dace-424b-a5ed-30e8d6b8d57c,14:10.7,8a632430-7b20-4b76-a05d-cca7b0be97c8,SKU-2170,Home,3751,2,7502,Card,Web,Hyderabad,Pending,No
14f35d0d-994e-4ba8-83ad-9cc6ff1f32d1,14:10.8,7ba1e3d8-6d83-45c1-8095-a19fcde38548,SKU-4962,Grocery,4559,1,4559,COD,Web,Delhi,Shipped,No
492f8d44-79b4-4f69-b75a-45706835a56d,14:10.8,2f4ff8b5-1693-415f-871b-a4038582576c,SKU-9796,Grocery,1365,3,4095,Card,Android,Chennai,Shipped,No
76f8699c-05fe-4193-b9e0-a9c41a761ae8,14:10.9,5339853f-7c2c-4816-8b8a-0a0a333119af,SKU-7050,Fashion,4972,2,9944,Card,iOS,Mumbai,Pending,No
539296b5-d71d-4860-b126-f9fe85c91fe2,14:10.9,214dac76-09cf-4db4-b2d3-fff60fdac564,SKU-9521,Fashion,2523,1,2523,UPI,Web,Mumbai,Shipped,Yes
89835697-aab6-41ff-a1bc-f1043881738d,14:11.0,88b3cde0-8fe4-42e7-9aec-9166bad27ad7,SKU-9899,Grocery,2438,1,2438,UPI,iOS,Delhi,Delivered,No
ea937277-6541-4a92-b8c0-f81d28bc83a1,14:11.0,6c89743f-19bb-4be3-ac83-7f24ebb7c3af,SKU-1409,Electronics,4344,3,13032,UPI,Android,Bangalore,Delivered,No
5c8adc3e-b825-44ea-ae3d-7f06dc73564f,14:11.1,21cec2cf-6c4c-46d5-bfe9-8c4fa4b37d66,SKU-3462,Grocery,4401,1,4401,UPI,Android,Chennai,Pending,Yes
93bac258-e519-4a20-82a1-d711ba761f02,14:11.1,dc409bbd-57c7-4914-a353-b0cccdf13043,SKU-5868,Grocery,2076,2,4152,COD,Android,Bangalore,Shipped,No
b09c4f69-e0d4-4900-b4eb-4c91b480ecb6,14:11.2,d96c9d56-d09b-4e65-961b-15f29d95fae8,SKU-4303,Home,4091,3,12273,UPI,iOS,Bangalore,Pending,No
a49fb78d-8018-41d0-8658-747c17455b28,14:11.2,fc4c13dc-ecb5-45ce-91fb-7eeb887c3ba0,SKU-1456,Grocery,3846,1,3846,UPI,iOS,Bangalore,Pending,Yes
9d469914-97c0-4c50-bdb3-e85cea9fd074,14:11.3,d412a2d4-bded-4bbc-84df-b4fade036054,SKU-2609,Electronics,828,2,1656,COD,Android,Mumbai,Pending,No
8c22cf9b-c440-4780-b937-682f06eea5b3,14:11.3,883bdd73-be81-4266-8fc0-79277b2aab87,SKU-6899,Electronics,4158,3,12474,UPI,Android,Mumbai,Shipped,No
e08eedef-8116-4f89-b772-ed00630a1603,14:11.4,39cdb430-9ed2-4397-9235-d5c7a7b936bb,SKU-1846,Electronics,4027,3,12081,Card,iOS,Hyderabad,Pending,No
4fc3a2f0-900d-4b06-b491-f865ea0bd375,14:11.4,10b62cd9-b26c-4d8c-9773-cf1caa782e9a,SKU-3205,Home,1733,2,3466,UPI,iOS,Hyderabad,Pending,Yes
3539917b-5042-4d31-b970-ab7f07e45594,14:11.5,64dd8478-256c-4702-b9ca-cf6853b3f14a,SKU-1577,Grocery,3396,1,3396,COD,Android,Chennai,Pending,No
a2736027-0af9-458c-b5b7-eff3a4fe0951,14:11.5,31e94f52-6e37-45ee-ae84-05aedf1c9bac,SKU-7847,Electronics,3109,1,3109,Card,iOS,Mumbai,Pending,No
18c927c1-663d-47eb-840d-b382a3a4ed67,14:11.6,4455585b-623f-462a-9084-0f84fc656593,SKU-9192,Home,4750,1,4750,Card,Android,Chennai,Pending,No
f578880d-7e52-4d91-b530-7eb380b55e82,14:11.6,98c4ede9-ff28-444e-96df-3cdccf333ed4,SKU-7775,Grocery,2654,3,7962,Card,Android,Mumbai,Pending,Yes
989bacb7-f8d4-4071-808f-075cee4ba97f,14:11.7,d7e18213-655b-4481-bd30-f33877eb71ca,SKU-1774,Home,4050,2,8100,Card,Web,Bangalore,Delivered,Yes
a8e43312-36f6-4ee2-ace6-812962cf276e,14:11.7,61a73325-359f-4e56-b82e-fd0d2277f62b,SKU-8910,Electronics,1290,1,1290,UPI,Android,Chennai,Delivered,Yes
0bc499b7-47c3-4c25-b888-53c8ae11b4b0,14:11.8,bf622f31-92b6-4773-b0bc-a4f772f29c19,SKU-9769,Fashion,898,1,898,Card,Web,Chennai,Pending,No
c33087ef-decd-4a8b-899c-bc292b73b69f,14:11.8,3ef3f178-fcb0-4926-8bd7-6b4cb747bb19,SKU-5597,Fashion,3930,1,3930,Card,Web,Mumbai,Delivered,No
09d714a0-f1fc-4728-ac88-cd58d3b6b137,14:11.9,1a0c0652-c462-4864-be50-9d39714d9454,SKU-8494,Grocery,3655,2,7310,COD,Android,Delhi,Delivered,No
04466361-b4d8-460d-bd8d-c6cb06eb6adb,14:11.9,77d2aaed-f8ab-4b6c-9cfc-0ad6fd5fd04a,SKU-7969,Home,3177,2,6354,UPI,iOS,Mumbai,Shipped,No
6051c332-8449-470b-a02f-5c8deafe3896,14:12.0,3a504668-e4da-41ad-a355-14b504a910dc,SKU-1140,Home,4847,2,9694,COD,Android,Chennai,Shipped,Yes
a345d3f8-d569-489c-bde6-a2d56d12068d,14:12.0,07f70a45-82ba-4af3-8f23-d4c7c0732984,SKU-8682,Grocery,4963,1,4963,Card,iOS,Chennai,Delivered,No
3549ddb7-bb04-4027-8182-9faccd2be685,14:12.1,dccbe1b7-c619-4245-ad2c-f152f3d0e689,SKU-8793,Electronics,395,1,395,COD,Android,Bangalore,Pending,Yes
a6fa8a94-ef4d-4958-b7db-5a35f577afb7,14:12.1,6fe5d43f-f603-479f-b3d6-96320cb9cebf,SKU-3446,Fashion,2853,1,2853,UPI,Web,Delhi,Pending,No
d2951dcd-67f4-4dd9-8df6-32b5277922d0,14:12.2,dadd9c73-7b5f-4ad7-b727-1766859d17c9,SKU-4402,Grocery,2549,1,2549,UPI,Web,Chennai,Pending,No
42c3bd7b-ef38-402f-9974-54bddf6de262,14:12.2,8f9111ca-6e02-49c6-ba40-894c9afe3baa,SKU-3898,Electronics,1649,2,3298,COD,Android,Delhi,Delivered,No
fbe29d55-ac0c-4e1a-a2b3-4aa0bf641b6e,14:12.3,59e19b2d-9074-4fe8-a189-ca1751a829a6,SKU-8923,Grocery,3985,1,3985,Card,Web,Delhi,Pending,Yes
8a57ce46-4e08-4174-a1e1-a1b633873bdb,14:12.3,76a8bebf-5eb6-4b0e-a4ba-28d808634625,SKU-5345,Home,2740,2,5480,UPI,iOS,Delhi,Pending,Yes
bb14463e-b002-4319-b102-46f4cf0a9ae1,14:12.4,59d42a0c-e6b9-4b95-a074-d6c66b6ceb3d,SKU-8356,Electronics,4106,1,4106,UPI,iOS,Delhi,Delivered,Yes
2bef7a14-e7a5-4c1a-a979-fe5663e63f8e,14:12.4,13417be9-ccb4-4ed8-b848-4e4987727062,SKU-6744,Grocery,891,3,2673,Card,iOS,Hyderabad,Delivered,Yes
1d8f11b6-8065-4dcc-9ba3-36df5e2d80fd,14:12.5,5fd23ffc-eeb5-46cd-b870-d2c5b63b2ff9,SKU-0319,Grocery,1622,1,1622,UPI,Android,Hyderabad,Delivered,No
2a3a246e-f524-489e-b253-66200fd9e7ae,14:12.5,aba47ca6-c8c3-487c-8413-c33eea6b2b71,SKU-4444,Grocery,1796,2,3592,Card,Android,Mumbai,Delivered,Yes
74a2f1ec-d9b2-4a75-a0da-66dd4e41e781,14:12.6,19b8f1c1-49a6-445a-9d98-25d63434a08c,SKU-3300,Home,3509,3,10527,COD,Web,Chennai,Shipped,Yes
29ca655c-7ffa-489c-9e11-f2d1550a98a0,14:12.6,8595c29d-4b1a-4e7e-8d85-d7a88a81cc7f,SKU-1375,Grocery,2504,3,7512,UPI,Android,Chennai,Shipped,Yes
1a90dde6-5495-424a-8a94-59d3641380f6,14:12.7,dba82a59-288d-48af-9fb7-a6528392ec1f,SKU-5394,Home,799,1,799,UPI,iOS,Delhi,Pending,Yes
d11b0428-90e6-4c12-86ce-147602c4f4e3,14:12.7,4af7803f-e7c9-4266-ad9d-dedd9824eca0,SKU-7797,Grocery,4580,3,13740,UPI,Web,Mumbai,Shipped,No
4268c7f6-85fa-4d87-938a-cbb252971227,14:12.8,0c7789d3-aa3e-40cb-a670-cb1c4e034b9f,SKU-5495,Grocery,3318,1,3318,COD,iOS,Chennai,Shipped,Yes
6a129a3b-8ee9-4ce8-a184-9dd21dd68f7b,14:12.8,da40dbd9-429b-49d6-8ca5-93242cb1d991,SKU-4596,Grocery,2221,2,4442,UPI,Android,Hyderabad,Delivered,No
1e789a4e-f17d-49e0-84a2-9d792646c004,14:12.9,acccc52a-1212-4cd2-adf3-02635a41cb46,SKU-2333,Home,530,2,1060,Card,Android,Mumbai,Shipped,Yes
d1447967-0bf4-4bdb-ab6f-4211a2e7c594,14:12.9,dfddbd75-e25c-4ef4-87e5-65da90f3d811,SKU-5311,Grocery,1520,3,4560,COD,Android,Delhi,Shipped,Yes
6088f236-4e22-4c19-8c2b-476372e78a14,14:13.0,c98e7c5a-25a5-493c-bd32-b8531e621dc8,SKU-3280,Grocery,1297,3,3891,COD,iOS,Delhi,Shipped,No
f7c280ed-78ce-4601-a873-3284581fbe92,14:13.0,0a190b42-7807-4a51-a470-6e09c66429ca,SKU-8149,Grocery,3416,2,6832,UPI,iOS,Chennai,Pending,Yes
70b3d2ab-5293-4d77-ae0f-265c79bb066d,14:13.1,d7567907-525f-4613-9c94-91ed5c8801f9,SKU-7778,Electronics,4017,2,8034,COD,Web,Chennai,Delivered,Yes
e82269c5-636c-49c1-b492-ec690d952e23,14:13.1,7d626ff4-3ca7-49fc-84ca-58098b28f620,SKU-5870,Electronics,3109,2,6218,COD,iOS,Hyderabad,Pending,Yes
6e7e8620-7813-48f6-a871-e5a5f437f470,14:13.2,6530a235-5ebe-496e-85ee-8a877ec98d9e,SKU-3979,Electronics,1900,1,1900,UPI,iOS,Delhi,Shipped,Yes
17bcb815-750a-40e2-b0b9-a0dbdf1a3472,14:13.2,1a1b2a1d-e951-4bbc-a906-ac5738b999b6,SKU-8716,Grocery,1397,2,2794,COD,Web,Mumbai,Delivered,Yes
4050c6bd-d0c7-46cc-b378-04e1f9aff1a9,14:13.3,e7088be7-5068-4552-9e49-0c23f9854d09,SKU-4804,Electronics,1165,3,3495,UPI,Android,Chennai,Delivered,Yes
b8f6d257-6c5f-4109-ab5d-1f15565b873b,14:13.3,e27f6127-0106-43a5-b964-ba22e8d32974,SKU-0797,Home,1887,2,3774,COD,iOS,Mumbai,Shipped,No
f679e39b-8b8f-4bba-a58b-2c1cc1140a73,14:13.4,713737a9-6b5f-4621-9df8-fc3baa19fdd9,SKU-4330,Fashion,839,3,2517,COD,iOS,Bangalore,Delivered,Yes
37e45b8b-cefe-4edf-a7b9-4ffadcef7851,14:13.5,efa16ce4-0620-43c2-907d-e2acc38d181b,SKU-0827,Electronics,3913,3,11739,Card,Web,Mumbai,Delivered,No
fcdf7cc5-ea43-4737-8818-211a987748e0,14:13.5,8fe0f31a-d962-417e-ab7a-dd9caf1e2caa,SKU-5693,Electronics,1355,3,4065,COD,iOS,Bangalore,Shipped,Yes
70a509f4-8b1e-4f89-a953-27e803c03db2,14:13.6,7ba1416c-75fd-4c9b-8512-43d3f317ecd7,SKU-6101,Grocery,3003,2,6006,Card,Android,Mumbai,Pending,Yes
03bbe535-751f-42c5-88e7-493839de0221,14:13.6,914adac2-3c11-4651-baec-3593fe4f3a6a,SKU-8419,Home,4686,1,4686,UPI,Web,Chennai,Pending,Yes
8008b4a2-058d-467e-bffd-b786d3377119,14:13.7,962d1ce1-13d7-4f1a-9e8a-73eb397fd4c0,SKU-1299,Electronics,4174,1,4174,COD,Web,Hyderabad,Shipped,Yes
4c7e5258-beb8-48ee-a0ed-fc2c20b065ad,14:13.7,7edb1123-f2b5-447f-96bf-af2e6c354cbe,SKU-5448,Home,1479,3,4437,COD,Web,Mumbai,Shipped,Yes
6737e4a2-e04e-424b-87b3-8c8274725a18,14:13.8,2aede0a5-21a3-4da0-a2fc-27a6883df3a8,SKU-5672,Electronics,375,3,1125,COD,Android,Chennai,Delivered,Yes
28d22ae7-c8c4-437c-b4b7-829e81b671bd,14:13.8,3fed9c58-9e1a-4599-afd3-b7c7a5644cfc,SKU-4154,Home,4008,2,8016,COD,Web,Mumbai,Pending,Yes
c68aa995-c2f1-4c74-a889-3ddddba05e66,14:13.9,dff82e63-52c9-4550-b8ca-fcb1204cfe39,SKU-7257,Home,1803,2,3606,COD,Web,Delhi,Shipped,No
1e7a52b9-b9af-4471-84a6-e44070123859,14:13.9,177814a2-c0a4-4e77-85cd-0b8de1921d77,SKU-8888,Electronics,3475,2,6950,UPI,Web,Chennai,Delivered,No
7f051ea3-0c1a-4159-84f2-77201dcef43d,14:14.0,5889c872-0ef3-4e8b-9cc4-38ba0fd08f1e,SKU-6562,Fashion,4153,1,4153,UPI,iOS,Hyderabad,Pending,No
0f05741a-26c7-43f1-ba2b-264ee083447d,14:14.0,6b806281-ff96-433a-b3e2-35b7b8622636,SKU-9566,Fashion,4768,2,9536,Card,Web,Chennai,Pending,No
b13d1ddd-9b5d-49e8-9d11-4f5ab9e96d6f,14:14.1,a7d62e6a-f168-456f-81af-8c63dd205da7,SKU-3259,Electronics,3940,3,11820,UPI,Web,Mumbai,Delivered,Yes
10a9ccb5-97eb-45bf-bd91-921553b77ae0,14:14.1,effa14a0-f4e5-4517-a1ac-505b30532c1d,SKU-8621,Home,2469,1,2469,COD,Web,Delhi,Pending,No
62f21c32-d030-45bd-a2b2-dbf674d003ba,14:14.2,b16bd94a-6348-4351-91c3-10a94d0792e9,SKU-4543,Home,3254,1,3254,UPI,Web,Mumbai,Pending,No
e183889c-6c2a-4c45-ba67-191cd12cc387,14:14.2,5d7435d2-f005-4535-9b07-1ac69b4216e8,SKU-9488,Fashion,2942,2,5884,UPI,Web,Bangalore,Delivered,No
ac62406a-f76a-49f2-b9c3-e1a5b2a49958,14:14.3,9877dc4a-edc5-4f73-9385-7145874106d4,SKU-7270,Fashion,4478,3,13434,COD,iOS,Mumbai,Pending,No
ea6d3ed1-ae09-4abe-829e-82dfc52663e9,14:14.3,56b630fd-a999-450f-8755-cbce74de0871,SKU-6140,Home,3290,3,9870,COD,Web,Hyderabad,Shipped,Yes
78884d55-cd60-4010-b155-50651aa1ffe3,14:14.4,4987f1ad-e7ac-47d8-8d18-4af49fc034b3,SKU-3619,Fashion,4258,3,12774,Card,Android,Delhi,Pending,Yes
69476e43-9463-410c-9c64-019c38a4e375,14:14.4,3dc720d3-6003-4397-8462-576d5e33267b,SKU-8717,Home,4285,2,8570,UPI,Web,Delhi,Delivered,No
d93a645e-55e2-40f3-933d-bc9ba11ae9e1,14:14.5,509896a6-d333-4561-ba81-b9293268fc6f,SKU-8646,Electronics,440,2,880,Card,Android,Chennai,Delivered,No
d6c40d65-b7f8-4ce8-be69-225aa5e7c927,14:14.5,deb2c8ae-e26d-4251-bd5f-8de443cccc7c,SKU-3919,Grocery,4828,1,4828,COD,Android,Bangalore,Pending,No
ec5de529-ff4a-43eb-9e76-9eb94704ea24,14:14.6,1b39252a-e341-4ed1-8782-101ed5461ad8,SKU-1235,Home,4674,1,4674,Card,Web,Hyderabad,Pending,No
b5961d15-3ded-4ed2-99ab-5aa2ace86c74,14:14.6,608db4c7-23b9-4b12-9c7a-68fd958404d6,SKU-6273,Electronics,3099,1,3099,Card,Android,Mumbai,Pending,No
fe0269f2-37a8-4a7e-905e-f4319684fc46,14:14.7,7d378eda-28bc-484b-9c02-ca4959a28303,SKU-0011,Electronics,588,2,1176,COD,iOS,Bangalore,Delivered,Yes
8ceb5c13-df77-4157-9eb9-71c7754da251,14:14.7,d78f3e97-2d4d-457f-9e5a-a32553d65d54,SKU-3960,Electronics,1852,2,3704,UPI,iOS,Chennai,Pending,Yes
33555c1c-ee5c-4a93-a033-3d17f7fe3eb5,14:14.8,7e4af9c0-337b-40fc-bb86-4a6f4914002b,SKU-7219,Fashion,435,1,435,COD,Web,Chennai,Delivered,No
920866ce-6214-4724-8d6e-e4db77cfbe0e,14:14.8,4a9639c3-3164-41dc-a34d-16e814e56452,SKU-0407,Grocery,4855,1,4855,UPI,Web,Bangalore,Delivered,Yes
d1db0f8f-03a7-4145-bea5-775168a5d92b,14:14.9,58fb1ab3-6dcd-48f5-aa0d-0b2df3772895,SKU-7876,Home,4703,1,4703,COD,iOS,Mumbai,Shipped,Yes
c8eef593-d232-4a88-9628-64fd3463ec04,14:14.9,7c7de9f9-ec71-4abc-83c5-309fe448fcd6,SKU-6132,Fashion,1987,2,3974,UPI,Android,Hyderabad,Delivered,No
c8066e3b-1ef5-4137-b5c7-d143eba947da,14:15.0,5f79a9c7-097d-4b78-8163-067d6245c329,SKU-0514,Fashion,4945,1,4945,COD,Android,Bangalore,Delivered,No
b1393a5a-d527-447d-b488-fe5b93902de4,14:15.0,d8f61354-b2bd-404b-b48f-b3e898f8aab3,SKU-2738,Home,3404,1,3404,Card,Android,Bangalore,Shipped,No
308c1d72-2ea0-4f11-9bad-fcd8d81fe118,14:15.1,a111d7ae-0622-48c1-bf28-ef9e4acd8e10,SKU-5852,Home,4917,1,4917,UPI,Web,Mumbai,Shipped,No
1444c9fc-9e8b-4a2e-b8f3-b1d8eb72327a,14:15.1,e790248e-ebe8-496b-a8fd-e12227619e0a,SKU-6744,Fashion,4982,3,14946,UPI,Web,Hyderabad,Delivered,Yes
5d2c67d5-1517-41f8-b2ab-6727b46db269,14:15.2,e216cb48-8f99-4c7a-b232-6258d4bfc249,SKU-3546,Electronics,4958,2,9916,COD,Android,Delhi,Pending,Yes
a1619d08-1e32-4722-9f12-d8f89aed7d73,14:15.2,a4f05499-b622-4a00-ba95-964906bf51b5,SKU-8601,Fashion,4732,3,14196,COD,Android,Hyderabad,Shipped,Yes
d2e194d4-b322-43dd-9bfd-97371a31af59,14:15.3,e884bae3-0ea5-4fe3-92c8-b8bf434079de,SKU-9957,Home,2146,2,4292,UPI,iOS,Chennai,Delivered,No
6a161123-18e8-4aa5-97e1-471af99963a2,14:15.3,b59229fa-f2e4-4f9b-91d9-3f680bf0068a,SKU-5922,Fashion,387,3,1161,Card,Web,Delhi,Delivered,No
46490504-24e4-4fe4-bdf7-38671601571d,14:15.4,181e5f85-a4e2-4da7-a313-08a4f87b0954,SKU-8032,Home,2809,2,5618,COD,Android,Bangalore,Shipped,Yes
dc353023-94bc-4b50-8dbb-d08c02774f0c,14:15.4,e3660bb6-bdb7-4c74-938d-dbb7eb54e465,SKU-0779,Electronics,4708,1,4708,Card,iOS,Hyderabad,Pending,No
a3b02a9d-f8fc-42e6-b7ee-3d263ecd6601,14:15.5,0d2016a1-9f69-492c-a348-df4610c0f6a7,SKU-0453,Home,1701,1,1701,COD,Android,Bangalore,Delivered,Yes
8744e8a5-5b36-4130-abcd-a00c635830b5,14:15.5,14a5ab46-c0ce-4bf2-9458-503d5f04bfd4,SKU-2127,Home,2786,3,8358,UPI,Android,Bangalore,Shipped,Yes
9f9319d0-de22-4a65-b9b2-5dc282068b44,14:15.6,fdfd63b9-97ff-4f1b-8580-707bd481faf5,SKU-1028,Grocery,1863,1,1863,Card,iOS,Bangalore,Delivered,No
82f629d7-669c-4d0d-a537-1e218ec75f73,14:15.6,c038c582-7b4c-4fa4-a28a-482b41ada8ab,SKU-0382,Fashion,3035,2,6070,COD,Web,Chennai,Pending,Yes
e9965939-6170-4e14-856c-5c53729794be,14:15.7,e90c1343-ee7d-4394-bc8a-19ba232b9b4f,SKU-1341,Fashion,3584,1,3584,UPI,Android,Bangalore,Pending,Yes
e1403580-9030-42e3-9995-36cc8e0188be,14:15.7,2af78490-15b9-421a-a151-c9186989bfa7,SKU-0156,Home,715,2,1430,UPI,Web,Bangalore,Pending,Yes
99230f6c-eed4-40f7-9e98-d12e31650b9d,14:15.8,fb2c0897-8720-4a6f-96a4-d672cf7aa252,SKU-5419,Grocery,2642,1,2642,COD,Web,Bangalore,Shipped,No
84fe32e7-1b14-4cd4-8409-37d5b2f619de,14:15.8,615c384b-0a83-475e-b83f-66e79a12095d,SKU-3357,Home,4557,2,9114,Card,Web,Mumbai,Shipped,Yes
ca0cc6cc-8a7b-419b-9df5-b3c392f6af8e,14:15.9,54c5178d-b494-4d23-8065-10586ef5ff66,SKU-2165,Home,3524,1,3524,Card,Web,Hyderabad,Pending,Yes
b3f06c35-396d-43c4-9b44-ccbee4cabedb,14:15.9,e041d796-d5df-427a-a238-1861f1cd7ac0,SKU-4418,Fashion,4250,1,4250,Card,iOS,Bangalore,Delivered,No
9d41cd42-6ebf-436f-9c20-f985179420ea,14:16.0,dcec5f5b-a864-45e4-9506-470bd011f344,SKU-0883,Fashion,4166,1,4166,COD,iOS,Mumbai,Shipped,No
0b811a93-69c5-426f-8e33-d6f6f812a9a5,14:16.0,e02d8c11-bb62-47ec-a523-55077157fcac,SKU-6012,Home,725,2,1450,Card,Android,Delhi,Shipped,No
d2ce585c-57ea-45a1-9944-f207fb107df3,14:16.1,f77959d1-ed27-4e86-bdb5-4ccbfe6984e7,SKU-4287,Fashion,4411,2,8822,UPI,Android,Hyderabad,Shipped,Yes
8b908268-75bf-405c-ad68-105629739af5,14:16.1,5ea94d7f-e26c-4d1d-812a-ffbfad10f541,SKU-2220,Home,3539,1,3539,Card,Android,Chennai,Pending,No
e441401b-701a-457d-8e00-2f0fcb8b8a5d,14:16.2,3fc085f7-403b-487f-8eee-aba73ac8d142,SKU-6662,Fashion,4744,1,4744,COD,Web,Mumbai,Shipped,Yes
4f96c925-0ca6-4ae1-af01-d591c749cfa7,14:16.2,d211114d-2e52-4bec-895b-f277c3eabb7b,SKU-3426,Grocery,4287,1,4287,COD,Web,Delhi,Shipped,No
afa20e70-96b5-410d-ac29-9a3d85c80138,14:16.3,2b1f29ac-ee6f-415b-bd48-33384aa7639c,SKU-3861,Fashion,3475,3,10425,Card,Android,Bangalore,Delivered,No
c98824f4-f314-4a2e-a46a-6356df416a40,14:16.3,424a50dd-da7b-457a-b411-c7d67d3221a6,SKU-1735,Grocery,313,3,939,COD,Android,Hyderabad,Delivered,No
41ea3da4-bdc3-4402-bb9f-5b89710a6953,14:16.4,67854f31-6681-49da-abe5-136fec65b83b,SKU-2209,Home,877,2,1754,COD,iOS,Mumbai,Delivered,Yes
2732a983-0bae-4d32-be19-1f0c5aa11376,14:16.4,33d79040-2de6-4d53-a3f4-d2de2ff3b584,SKU-4423,Fashion,327,1,327,UPI,iOS,Mumbai,Shipped,Yes
a126cac8-1d66-4e06-b67f-3ff6ded9aee4,14:16.5,46c2149d-c88a-46e0-8f35-af53c3963dd2,SKU-5065,Home,1745,2,3490,Card,iOS,Hyderabad,Pending,No
9792e19d-0a14-4f45-b461-4a2d76c4acf2,14:16.5,800f0b67-69fb-4344-8e4e-1a3cca86f66e,SKU-5896,Electronics,880,1,880,UPI,iOS,Chennai,Shipped,No
1f02b254-9974-4436-8250-76da3f97d953,14:16.6,b41eb881-4d53-4e82-a072-7e0a6bf2bdef,SKU-5660,Home,1087,1,1087,Card,Web,Mumbai,Shipped,Yes
efd231f0-adea-43c6-9a8b-503003e6ea1b,14:16.7,f03edc03-70e4-4c2e-8dc8-bff8696c8b5f,SKU-6600,Grocery,2965,2,5930,COD,Web,Bangalore,Shipped,No
5aa9db62-7643-487a-9ec4-0df64aa8582e,14:16.7,d74c0634-eacc-4507-8d32-a406f14b2070,SKU-9007,Electronics,1532,1,1532,Card,Android,Delhi,Pending,No
336704dc-297f-459b-9b46-2275c8a90223,14:16.8,ad936b8d-4084-4659-ad74-c953f28fcf4d,SKU-6104,Electronics,693,2,1386,Card,Android,Mumbai,Delivered,No
65e280e3-edf6-4afe-9ebf-ac905d86fe79,14:16.8,818f0530-b4a6-4f34-9efc-f588349383af,SKU-9473,Home,2697,1,2697,UPI,iOS,Hyderabad,Delivered,Yes
f5eb870e-5eac-439c-9310-22cb2d222914,14:16.9,7b097597-63b6-4953-8a5a-00e87cd8416c,SKU-1387,Grocery,3984,3,11952,COD,iOS,Chennai,Shipped,Yes
aeb1d975-a204-4c62-9406-e43683bc956e,14:16.9,278fd1d6-ca64-42b8-a468-29ce49216645,SKU-5586,Fashion,207,1,207,UPI,Android,Chennai,Delivered,Yes
4ec078a5-b327-463c-92ea-051ae2c6f3d8,14:17.0,7f70c344-2cd3-487d-b974-bd532bacbee6,SKU-9499,Grocery,4991,3,14973,UPI,iOS,Delhi,Pending,Yes
ca58429e-addd-4734-a4be-3c9d4098653b,14:17.0,6f1359cb-8fb2-4efb-a50a-361fd12c9dba,SKU-9577,Electronics,347,3,1041,COD,iOS,Delhi,Shipped,No
b676d028-4674-48d6-b002-85b06fb22806,14:17.1,358de076-63ac-4a5e-9eb3-be4252b67025,SKU-3541,Fashion,4136,2,8272,UPI,iOS,Bangalore,Shipped,No
fccd3f03-042a-4bcc-a3f0-6a6eb6f01100,14:17.1,2b555a6b-758d-4339-8d83-f29669d16d7b,SKU-6209,Home,1272,3,3816,UPI,iOS,Mumbai,Delivered,No
f1caee6e-7b85-423b-b9a4-64fa5ae3438b,14:17.2,dd772a1f-7101-49e0-a7a4-db97105a3941,SKU-3525,Fashion,625,1,625,UPI,iOS,Mumbai,Delivered,No
7b07fb3d-64a9-44f2-89a5-8a95c5001726,14:17.2,8ca8f920-aed9-4301-858a-be9587577315,SKU-1734,Fashion,3899,2,7798,UPI,Android,Bangalore,Shipped,No
3b181570-f704-4c5c-8053-74f6ecca81f0,14:17.3,a2e21701-d404-43cc-b16f-2ddd06b8f978,SKU-3781,Electronics,443,1,443,UPI,Web,Hyderabad,Shipped,Yes
d20a6ded-c827-4e71-8f37-8f7c2215837f,14:17.3,e8197009-0e53-4702-b74a-f14faededb31,SKU-8609,Electronics,4171,2,8342,Card,Web,Chennai,Delivered,Yes
67dac5a9-c776-4e2e-8473-743e39ab0b2c,14:17.4,dbbf8d16-f27c-4f20-af61-5da3f8bca180,SKU-2079,Fashion,1912,1,1912,UPI,Web,Hyderabad,Pending,Yes
dc0554a5-e400-4c77-9c01-6fcc0ba3c288,14:17.4,35e55ac5-b9dc-4a52-b19e-63f28f0c4149,SKU-1822,Home,3579,3,10737,Card,iOS,Delhi,Shipped,Yes
6ed154ed-30a0-4efc-9cfe-ac1672c55b88,14:17.5,d7cbe299-0f13-4e5e-8e73-e64fe72999db,SKU-6302,Home,419,2,838,UPI,Android,Bangalore,Delivered,No
fa4d735c-9a5e-4287-8587-6bca50b8a9da,14:17.5,c6dc3619-35c3-45b1-b749-1280200753d4,SKU-9184,Grocery,634,1,634,COD,iOS,Hyderabad,Delivered,Yes
f2a72634-f3bd-4638-b967-5e88620c68c8,14:17.6,8a3ecf5f-b46f-47c2-a560-222cdee09b9b,SKU-0121,Home,3662,1,3662,UPI,Web,Chennai,Shipped,No
48d49963-0ad2-442d-94c1-bdc9b9989a1b,14:17.6,d680b257-0ca7-4d61-ba5f-1ecf812ec317,SKU-6656,Fashion,3283,3,9849,Card,iOS,Chennai,Delivered,Yes
9eafe67f-08d1-45b3-8959-118209d1f2c2,14:17.7,a5ebe131-f9b8-4e0d-89b5-f4a54d926153,SKU-8656,Electronics,1006,2,2012,UPI,Android,Mumbai,Pending,Yes
4f91efc3-fe5c-47fc-abf5-08953938f0c8,14:17.7,0eca8aa4-6a7a-46a2-9fc1-a705abc9ee76,SKU-4519,Electronics,1094,1,1094,UPI,Web,Chennai,Shipped,No
2f00f85f-b540-4d96-bd39-280e97839897,14:17.8,54edf019-2ffd-4e08-8dd5-70c431cd41c6,SKU-1892,Home,645,2,1290,UPI,Android,Bangalore,Shipped,Yes
73d88e6f-94d1-4935-bac2-38b50594adf0,14:17.8,2b5dcb13-a4bc-4e3e-80ad-7cd78c5abfa0,SKU-0557,Fashion,2612,1,2612,UPI,Web,Mumbai,Shipped,No
481d2cb8-b770-4ab9-8918-e01c55abfe5d,14:17.9,891fb153-046c-4e18-a962-b8bb1b560eeb,SKU-6106,Home,3890,2,7780,COD,Web,Delhi,Shipped,No
06e93bd4-1015-43d7-8ede-63a3a0cf7fbe,14:17.9,bbf2c8a1-af86-4fa3-9d45-850e104cdb77,SKU-6682,Grocery,1024,2,2048,UPI,Web,Delhi,Delivered,No
329e3687-4ca6-40b1-a895-ec30761b1f74,14:18.0,3940a128-98ad-4b19-9982-79e4e50083ce,SKU-7110,Electronics,1502,2,3004,COD,Web,Bangalore,Pending,No
8de6bdc6-cff5-458a-95ab-638af6b6a8e3,14:18.0,dc09efd3-a68d-4dbd-9020-a42f40003b47,SKU-1723,Electronics,4271,1,4271,Card,Android,Chennai,Shipped,No
6b118624-49e2-4665-843b-0baa4ea90178,14:18.1,c2583e42-7177-4aeb-82e2-2d4863b79d67,SKU-0889,Electronics,885,2,1770,Card,iOS,Delhi,Shipped,Yes
870190b7-02b5-4507-9c22-44f40dab65bb,14:18.1,f1051059-d08e-4b76-ade5-1e2de6d77f90,SKU-1485,Fashion,1857,2,3714,Card,Web,Hyderabad,Pending,Yes
71640268-9a61-47da-bd4f-16cda14ea43a,14:18.2,6dba8d43-abfd-4e07-bbb3-b797708e7c8e,SKU-7411,Grocery,3490,1,3490,COD,Android,Delhi,Pending,No
f3db9a51-a41d-48ba-8647-ed174b36069f,14:18.2,df934424-d10b-4890-803b-90a46b91749e,SKU-8769,Electronics,1190,2,2380,COD,Android,Chennai,Pending,Yes
c08be89c-2608-4223-9260-3f48c770df6a,14:18.3,3ff44329-6238-4fe5-b409-065c552784c2,SKU-5477,Grocery,411,2,822,COD,iOS,Hyderabad,Delivered,No
2a018730-d75d-4710-8bb5-fec43e012129,14:18.3,1cae25a9-6956-429c-be48-178b5bd21ad8,SKU-0462,Electronics,4544,3,13632,COD,Android,Delhi,Pending,No
b14e952d-4325-4a72-9d37-8b958f308ffc,14:18.4,91017984-2878-43c1-be5e-77176dd74487,SKU-8799,Electronics,4339,2,8678,COD,Web,Delhi,Delivered,Yes
652840d2-4d4f-411c-98a4-ea795ebbbc05,14:18.4,2250c66d-d65a-4d6f-98aa-2f7e11fd975e,SKU-9221,Electronics,1358,3,4074,Card,iOS,Chennai,Shipped,No
c54b694f-c8a2-4703-8071-5c9b0b133f64,14:18.5,13969779-c2da-4580-8a59-c0c1ab6bdbb1,SKU-0196,Grocery,935,3,2805,COD,iOS,Mumbai,Delivered,Yes
f04970ed-37ba-42fa-993f-a321b42feb04,14:18.5,1ca6340a-1b0c-43c2-a9aa-9c1c04dfe6ba,SKU-0679,Electronics,2578,1,2578,COD,Android,Chennai,Delivered,No
cab10792-457b-4b90-811b-45326d1debc3,14:18.6,8f463ac9-36b3-4f64-a9b5-b6dc60588363,SKU-6997,Home,4184,3,12552,COD,iOS,Delhi,Pending,Yes
1e8f5d2c-05d8-41b3-8461-8bcf1982f26a,14:18.6,447f5c96-963f-4866-8cfd-524adfe10209,SKU-5378,Electronics,3170,2,6340,UPI,iOS,Mumbai,Shipped,No
2b64d78b-0c20-49dd-abf0-748874941d4d,14:18.7,f3ac102e-5ed3-4069-a2aa-7ac313e041a7,SKU-6674,Grocery,1108,1,1108,COD,Web,Chennai,Delivered,Yes
41b39561-ccf9-4b17-b552-ba4d4fc60f3d,14:18.7,67394bb4-24cc-40fb-b966-5f2d77095f96,SKU-5591,Electronics,1251,2,2502,Card,Android,Chennai,Pending,No
c6e71e86-041c-468b-b825-b0ab4dec70b1,14:18.8,2a3c3297-1da1-484d-b39a-57bc1dd9fd19,SKU-9627,Electronics,1244,2,2488,Card,iOS,Hyderabad,Pending,Yes
24a5abea-2e41-4fa6-af44-8e99c3395801,14:18.8,6b3f3ab8-d025-4743-b89e-b8cf475a140e,SKU-0809,Home,3899,2,7798,UPI,iOS,Bangalore,Pending,Yes
31f27151-614f-4b18-b668-6653da6a9c13,14:18.9,48fdf14c-dcfe-4c93-bcd3-ad39ec6abf4e,SKU-0815,Grocery,1929,1,1929,COD,Web,Mumbai,Delivered,Yes
60232069-150b-465c-b505-a2ae4312fbd1,14:18.9,396c97d2-b239-4f34-816a-b9c63f14ba49,SKU-6346,Fashion,2105,3,6315,Card,iOS,Delhi,Shipped,Yes
2ad74282-43b6-450e-9cfe-9b29382fdf81,14:19.0,9b045b53-66b9-4f9d-9be8-62f6f44da7c0,SKU-9213,Grocery,478,3,1434,Card,Android,Mumbai,Delivered,No
94533459-77c8-4717-b10c-f6e1ad761d8a,14:19.0,346b3902-9536-4156-8cbc-be788431542e,SKU-1776,Grocery,2190,2,4380,Card,Web,Hyderabad,Pending,Yes
f0f2f834-6b6e-4e56-88c6-8176d1e1eb33,14:19.1,ae12be4a-0eaf-4256-83b6-2c102cbe2ce7,SKU-0382,Fashion,3760,2,7520,COD,iOS,Bangalore,Shipped,Yes
3ea0afab-0dcd-41d9-849b-2cf30679a5cb,14:19.1,73dba49c-d932-453a-a948-75ec4a07039c,SKU-0482,Electronics,3920,3,11760,Card,Android,Chennai,Delivered,Yes
b1d8d3cf-d461-4277-8c8e-0f0e246fb506,14:19.2,34225b96-9326-4426-b146-71e5452d0d5c,SKU-1497,Home,976,2,1952,Card,Web,Chennai,Delivered,No
8ae27f5a-6412-47a7-b914-8bbbe4f4ee4b,14:19.2,7da3dda2-0869-4f31-b254-439e07197d96,SKU-1785,Grocery,4156,2,8312,UPI,iOS,Mumbai,Shipped,No
c0f6142e-9ea7-4dc6-9455-d4167542e405,14:19.3,f7aa7dbe-c020-4f95-a4cc-141fce7c61a3,SKU-9490,Fashion,3184,2,6368,UPI,Web,Chennai,Pending,Yes
2ff725a0-9395-4eee-ae78-0413fc9fe530,14:19.4,71a14836-e2d1-4047-9345-b4a9d5226d37,SKU-3742,Home,3245,3,9735,COD,Web,Mumbai,Pending,No
b6a80d8c-54a2-498a-92ad-6ee6c350680c,14:19.4,59bbae58-9ff2-4be6-b674-27491847a35a,SKU-1602,Electronics,2942,3,8826,COD,Web,Mumbai,Shipped,No
e5c2bde1-dbe6-495b-bed2-46b57f1608fc,14:19.5,79160f3d-fc94-4c3f-ab56-9f777cda3967,SKU-8083,Home,3166,1,3166,UPI,Web,Hyderabad,Delivered,No
9fa03269-d4c5-4633-9947-04a17973b52b,14:19.5,48191bf6-ac69-4de1-898f-2e4e385f9875,SKU-3253,Fashion,3746,3,11238,Card,iOS,Delhi,Pending,Yes
37fb7eb4-174e-4d35-84eb-8eec2265ff6d,14:19.6,4cde3d6b-f89f-4126-826b-8cdbbb3f7394,SKU-9682,Grocery,2402,3,7206,Card,Android,Chennai,Delivered,Yes
bed50046-5420-4537-91f1-50d92a207430,14:19.6,0b9f45f9-1643-4bb3-8f2b-2f9a39b354e5,SKU-2187,Fashion,2293,1,2293,COD,iOS,Bangalore,Shipped,No
1e694f04-11c5-47a5-932c-2a141babd382,14:19.7,77877547-f1df-4660-8fd0-70c68ff973d6,SKU-6520,Home,1537,3,4611,COD,iOS,Hyderabad,Shipped,No
f619cd4e-5027-460d-84b3-845d410e6167,14:19.7,93c69ca2-805b-42bd-a7e5-07e550a7a089,SKU-5994,Electronics,3947,2,7894,Card,iOS,Hyderabad,Delivered,Yes
6ebd3663-ca29-48b1-9faa-1532cc2879d3,14:19.8,e4447d7e-c395-4b6f-bbd2-d3c814e9ea24,SKU-5338,Fashion,460,1,460,COD,Android,Chennai,Shipped,Yes
b786dabb-2f95-482d-9e77-1b76fd5c1608,14:19.8,38e964ba-4e8a-4a73-b3c1-d3266c830256,SKU-6986,Home,4356,3,13068,Card,Android,Mumbai,Pending,No
3d6b0fa8-f647-4bba-ae66-14310358c720,14:19.9,79b1b3f5-db95-4cac-a553-bc4b207e1278,SKU-5428,Fashion,354,1,354,UPI,Android,Mumbai,Delivered,No
75d20760-3150-4615-ab9f-ee0e149ed7c2,14:19.9,1d98a93d-5caa-443e-a057-bdf1ad37fcb6,SKU-2350,Fashion,1093,3,3279,Card,Android,Delhi,Pending,Yes
5a51cbdf-ab99-4024-9dbc-8319f72fb07a,14:20.0,30d9f0a0-9fc8-4be5-a92a-4e61c6d36a75,SKU-3707,Grocery,4640,1,4640,UPI,Web,Mumbai,Delivered,Yes
08f17d7f-92c5-46fd-9b09-a58eb5c37eb1,14:20.0,0b0f6fe6-b42a-4cd2-b43b-8395594d2c6d,SKU-5905,Home,1360,3,4080,UPI,Web,Chennai,Shipped,No
f028939d-f078-4637-9cab-8100b23c485b,14:20.1,93a4de63-264f-4770-b629-6c5958eab869,SKU-7014,Electronics,3468,1,3468,UPI,Web,Bangalore,Pending,No
cd63edc9-2b2b-4124-bdab-97e2a789482e,14:20.1,20d5246a-371e-4cf2-8aaf-77b5bcd4c6e7,SKU-3748,Electronics,1374,2,2748,UPI,iOS,Delhi,Shipped,No
6af5d741-f8c4-41e5-86ce-84184d0d02f8,14:20.2,6f7d3cda-a930-4e23-a024-ef0ce3e4c280,SKU-2732,Fashion,4949,1,4949,COD,iOS,Bangalore,Pending,No
dfc6209e-3944-45a6-b552-31c818d3c1db,14:20.2,f7c103b4-b3e6-492a-b990-c08782b99aa2,SKU-5449,Home,4321,1,4321,Card,iOS,Delhi,Pending,No
304c9b29-df0a-46bf-977a-b10c7d8f997f,14:20.3,3438fb16-5e41-427e-baac-a799fdfe310e,SKU-4214,Fashion,208,1,208,COD,Android,Chennai,Pending,Yes
190ab1a2-559e-4f79-90b2-6e17290c8444,14:20.3,bcbdd717-67b2-4d65-be0f-207636e1edcf,SKU-7806,Grocery,2645,1,2645,UPI,iOS,Bangalore,Delivered,No
ad329800-8507-45f3-90fa-18cd6cc5ba7f,14:20.4,6b629cc4-2512-4bdd-aaf4-7163f9c935b5,SKU-9908,Fashion,4145,2,8290,UPI,Web,Delhi,Pending,No
ab67f5f1-b7dc-430b-ace7-171060bcb9fb,14:20.4,72f098ec-e8da-4ead-a65b-0829f92c6e0b,SKU-1548,Home,836,1,836,Card,Web,Hyderabad,Shipped,No
5f54dccd-a49d-4088-8745-3df626906ba9,14:20.5,b1888f3b-737d-47e9-bd9f-1fb1808ea9de,SKU-0520,Electronics,3797,3,11391,COD,iOS,Chennai,Shipped,Yes
243f4815-ff46-4267-be65-0d077a4c4643,14:20.5,7eb86ac5-4b6c-42d9-b169-0392f71a57fd,SKU-7943,Fashion,3818,1,3818,UPI,Android,Mumbai,Pending,No
9dfc8cb3-16c5-4075-a3bb-a3bb7ef907d6,14:20.6,395f6e3d-8641-4ae3-848e-4f55b9005956,SKU-9652,Home,3008,1,3008,COD,Web,Mumbai,Delivered,No
8a6f60fe-b1f7-44fe-9497-c49238ebb065,14:20.6,998937ff-2f11-4367-bfaa-218fddd02e6d,SKU-0827,Fashion,996,1,996,Card,Android,Delhi,Shipped,Yes
cb2febf9-6b5c-47ad-b840-db44ef39d1a0,14:20.7,b8c4d6c3-0afb-4045-a163-3936169236e6,SKU-4928,Grocery,4818,3,14454,UPI,iOS,Delhi,Pending,Yes
d0529a5d-15ee-4dcd-855a-1a7bdb12a9b3,14:20.7,b9dba859-e982-4b17-874c-7b537a4f9852,SKU-1273,Home,4630,2,9260,UPI,Android,Chennai,Delivered,No
00fa8566-e9b2-4210-a855-be95d1ea153e,14:20.8,10bb2fb5-72d4-4453-8351-02f3841644d3,SKU-8874,Grocery,334,3,1002,UPI,Web,Bangalore,Shipped,Yes
dbbb1d16-cfa2-4bec-bcbb-6859eb98a354,14:20.8,38d9581b-8420-43b5-adb2-01268de60888,SKU-5792,Grocery,2549,2,5098,COD,Web,Bangalore,Pending,Yes
7b3c58d0-8e25-47f5-a2b3-532636336e23,14:20.9,9e185808-9d9d-47d8-ac5b-a713b0aed3d5,SKU-8538,Grocery,3088,1,3088,UPI,Web,Bangalore,Pending,No
7bbd0464-0414-4286-8be7-df0e0e34177c,14:20.9,450611ca-ae9c-41af-b454-1b48232b398a,SKU-8106,Electronics,3408,3,10224,UPI,Android,Hyderabad,Shipped,No
c40ea9a8-b3e8-46eb-a1bc-57552c08eb60,14:21.0,776c0c4e-9b3d-47f7-a329-7a49e33e3e6b,SKU-8347,Fashion,3120,3,9360,COD,Android,Delhi,Pending,No
d4765e5d-5128-4101-85b9-291492dfd9f5,14:21.0,b4ec3468-e601-4ca5-9be3-a160be4b38e2,SKU-4151,Home,2485,3,7455,COD,Android,Bangalore,Delivered,Yes
e08a91da-bbe5-4c6e-998d-9d1c759c3945,14:21.1,1d82761d-4020-4805-8d68-194dc11fbed7,SKU-1797,Home,3805,2,7610,UPI,Web,Delhi,Shipped,No
58186503-1eb7-47d4-9630-4c19bfd97b2a,14:21.1,d52a9248-fc4f-4dea-8ee1-710aca623478,SKU-7540,Fashion,4367,2,8734,UPI,Web,Bangalore,Delivered,No
ffb73df0-277a-4299-94a6-008baf8db1f6,14:21.2,f97c80d5-253e-44cc-a744-a0ffd6d2de77,SKU-9695,Fashion,3718,1,3718,UPI,iOS,Delhi,Pending,Yes
2298939d-1d6e-4d26-8351-bbe75a5cce51,14:21.2,5be2aca9-c03a-4db1-b075-46d7f0dae13d,SKU-3853,Fashion,4868,3,14604,Card,iOS,Hyderabad,Delivered,No
a7058938-772a-486d-abeb-6d397e9782e1,14:21.3,fb0b1429-92a5-47f8-8fe3-44d6d498aaf6,SKU-9639,Grocery,3961,3,11883,UPI,iOS,Bangalore,Shipped,Yes
d4b51db3-8005-443d-b7ff-2e7e9a1d550c,14:21.3,d4425eed-58d6-4bf2-9e42-71671425077c,SKU-1951,Home,4796,1,4796,Card,Web,Delhi,Pending,No
a23b935c-f613-43cf-bcc7-dd17f3f20d5d,14:21.4,d76a3f80-e82b-48b8-be01-16c5e71684c1,SKU-1856,Electronics,4164,2,8328,Card,iOS,Bangalore,Pending,Yes
911349c5-a4ab-4c8f-afff-0b299d37ccfa,14:21.4,94be5b0c-9fa1-40b2-9635-acc9bf6b9255,SKU-8259,Grocery,3268,3,9804,UPI,iOS,Mumbai,Shipped,No
3700c712-8a65-45d7-82d5-ed8a8c14bb55,14:21.5,419c4b1b-2929-43c9-ba21-2d68da34d136,SKU-4937,Fashion,2486,3,7458,Card,iOS,Delhi,Shipped,No
86f67a57-c733-4449-a5f4-295bdfd774c8,14:21.5,7c9efeb5-72f4-4b0c-8010-4dfc4bcea9b2,SKU-4790,Fashion,2094,1,2094,UPI,Android,Chennai,Delivered,Yes
55f5252a-c874-43cc-93bb-862f98fc30ca,14:21.6,0e1c1e08-644f-43d5-9841-29e20d6c9cea,SKU-5856,Electronics,2265,2,4530,Card,Web,Hyderabad,Pending,No
345b2dfa-874b-4cf0-871c-a977b415c4e5,14:21.6,ce92bf58-f786-4710-8ee7-815534c73e11,SKU-4831,Home,3046,2,6092,Card,iOS,Bangalore,Delivered,No
2e108773-0b44-4bac-877f-9313c5b8be6e,14:21.7,161d429e-d167-4a12-b74c-d57de7e00cf6,SKU-9026,Home,3960,3,11880,COD,iOS,Mumbai,Shipped,Yes
8a6ccd82-a731-4fbd-89b9-f7a0b9b18dc4,14:21.7,fb800dc7-f442-4622-80db-74c0a757cb9c,SKU-2087,Fashion,917,1,917,Card,iOS,Mumbai,Delivered,No
5472039d-bd5d-4f34-b2a6-c5aa5763eabb,14:21.8,1a03f761-e473-4571-a494-ba34da2181f2,SKU-8034,Grocery,271,2,542,COD,Web,Bangalore,Pending,Yes
5e25acce-b9f2-4c0b-a7d7-67a0e79daffc,14:21.8,eb3b7b6e-292a-4f54-83ea-acccf1fb53b0,SKU-6475,Grocery,3604,3,10812,Card,Web,Chennai,Pending,No
22df1540-ef0d-452c-b6a0-66fe26dac6c9,14:21.9,34857ee4-7588-4137-9b37-8e3463fcb3a4,SKU-5611,Home,238,1,238,COD,Web,Delhi,Delivered,Yes
5a7e0ff8-f305-4c6e-af5c-93a6be3cf6f4,14:21.9,a8ef8293-57c2-4cab-a131-555ca27edfcd,SKU-2776,Home,3993,1,3993,COD,Web,Mumbai,Delivered,No
9aec4d7e-c22a-4117-bb31-c272eab1ca98,14:22.0,88e93208-c38a-42f6-b5b0-6257b7a8ccb8,SKU-0732,Fashion,3880,1,3880,UPI,Web,Bangalore,Pending,Yes
747b87c2-d6ef-4796-84b8-14ec50ac5e38,14:22.0,8b947654-f639-4692-9bdf-064e8c96da4d,SKU-3567,Home,979,1,979,Card,iOS,Hyderabad,Pending,Yes
1483d259-d7f7-471d-af76-d0fce5311e13,14:22.1,e48d4607-2b95-451c-9852-54d932f44928,SKU-4989,Grocery,510,3,1530,UPI,Web,Hyderabad,Delivered,Yes
d50e4266-b383-470d-b134-97f089efac24,14:22.1,0580ad01-4405-4166-a397-153ecaabe53e,SKU-3066,Fashion,4793,1,4793,Card,iOS,Delhi,Delivered,No
df866c02-3b5a-4d7c-ab10-d48133b938a4,14:22.2,14a49cca-fdd8-4e9b-b3fe-c6f984a24a05,SKU-5101,Fashion,2218,2,4436,Card,iOS,Chennai,Shipped,Yes
63ed978f-5125-4278-abc9-a508dd1746fb,14:22.2,1817b83b-d01c-48c8-b499-764195785d06,SKU-1065,Home,291,2,582,UPI,Android,Delhi,Delivered,No
077cd3ef-830c-47ac-8790-83c02f820ac4,14:22.3,e366fd1e-b053-4b5b-a606-b426aa654fa4,SKU-7099,Electronics,612,3,1836,COD,Web,Chennai,Pending,No
c6e8f13c-e6f3-449b-a0bc-5559c99f11ef,14:22.3,3810fab0-dc54-4124-afcc-731e56fa8c5b,SKU-3489,Grocery,2245,2,4490,COD,Web,Bangalore,Delivered,Yes
5d2e78b3-c092-42d9-bcc8-cec70043f0df,14:22.4,c9352de2-59b3-48ee-8842-b613a0ffb408,SKU-8068,Grocery,1793,2,3586,COD,Android,Mumbai,Delivered,No
f94ed71f-1ac1-45fa-a6c6-9e7d63c46922,14:22.4,46004912-1abf-436a-81ec-c0a3242394cd,SKU-5246,Electronics,4798,1,4798,UPI,iOS,Delhi,Shipped,Yes
434c7f5e-d517-42d9-b82c-ba6d8d045620,14:22.5,7c3e4961-bb7e-498b-b817-08f3db007a8d,SKU-0354,Grocery,4934,2,9868,Card,Web,Mumbai,Shipped,No
a53cfdf4-bef1-4746-831a-719f7046f85a,14:22.6,b99683e1-03b4-4ed0-81fc-a55531fd1a1d,SKU-6473,Fashion,2029,2,4058,UPI,Web,Mumbai,Delivered,Yes
d8041f4a-96b5-418a-a3f9-4af162989fce,14:22.6,bf9c83cd-220a-4aaa-a36e-2451332b5d31,SKU-4341,Fashion,4130,1,4130,Card,Android,Bangalore,Pending,Yes
86056241-3f37-493f-ac5d-102dddfcd76e,14:22.7,e5bd06b5-49ed-4dd1-a731-56791c9d39ae,SKU-2793,Electronics,3956,3,11868,COD,Web,Chennai,Shipped,No
e4654de4-20cc-4ca2-b6ca-514150252566,14:22.7,0d974f19-51f7-4b14-8b72-e5b94c2eb8f5,SKU-5172,Electronics,3839,1,3839,UPI,iOS,Hyderabad,Shipped,No
4bcf76f3-fc99-43b5-ab84-a7eeb6a4322a,14:22.8,9375bb84-c99e-480d-a259-62e965535d00,SKU-3995,Home,1828,1,1828,Card,Web,Bangalore,Shipped,Yes
436e2601-493f-48a5-aacd-b6591173204d,14:22.8,4c35afa3-728e-430b-8806-bfb1829db635,SKU-6080,Fashion,663,3,1989,COD,Web,Delhi,Shipped,Yes
2a431f45-310c-466e-8d8c-62be0bb69474,14:22.9,d958ed83-50de-4f16-99f7-9b681935cc05,SKU-6039,Grocery,2929,1,2929,Card,Web,Mumbai,Pending,Yes
c0180880-ac9c-4d30-bd55-632d9eb896df,14:22.9,b9efed2d-c060-4b99-a7fa-ab2a2add6d61,SKU-2328,Fashion,1841,2,3682,Card,Web,Bangalore,Pending,Yes
deba618f-a0ee-4cb7-83ca-4a1255148c03,14:23.0,5404b472-76e0-4091-8472-79b3b63458d5,SKU-4745,Home,475,2,950,COD,Android,Mumbai,Shipped,Yes
1f35a54c-41fa-442e-b0a4-21854e2a6e2a,14:23.0,ecf77d14-8898-45d9-ad93-09e0e35459a1,SKU-4935,Electronics,388,1,388,COD,Android,Chennai,Shipped,Yes
62272761-a47e-44d9-8ced-7c5890f45350,14:23.1,e577b529-fa30-4513-ad11-ece48da37fa7,SKU-9446,Grocery,4055,2,8110,COD,Android,Mumbai,Shipped,Yes
cbe04156-133f-4010-a9d7-a3ccc99f8ac1,14:23.1,195bae25-ebdc-4614-99f7-bd5dc8354efc,SKU-6843,Fashion,2067,1,2067,COD,Android,Delhi,Shipped,Yes
1a6355fd-2928-458a-a47d-373aa9dbf750,14:23.2,6fad4e95-7bda-4b3c-a400-11c30c55a48b,SKU-6103,Electronics,3940,2,7880,UPI,iOS,Mumbai,Shipped,Yes
cd1be34d-d3ac-4390-8394-7aea38f0d792,14:23.2,d41cffad-8bcd-4539-8d3f-1f1b1ae70a5d,SKU-3980,Grocery,1820,2,3640,Card,iOS,Hyderabad,Pending,No
bd6e57a8-efb9-4303-a931-c5189f10b572,14:23.3,bb8dd5d5-804c-4e6a-af34-6a8fea0355e0,SKU-6648,Grocery,2074,3,6222,COD,Web,Hyderabad,Pending,Yes
16acde4e-0606-4fe0-a6a7-9b9c5bc1c5d3,14:23.3,5b639d94-695f-4ac8-ad30-c51fa6b221ab,SKU-6295,Electronics,800,3,2400,UPI,iOS,Bangalore,Shipped,No
940d4863-861a-4581-830d-557efeb10449,14:23.4,da26e751-63ee-4f53-bb57-427b80804105,SKU-9609,Grocery,3650,1,3650,UPI,Android,Hyderabad,Delivered,No
6e4d0707-537f-45fa-9b07-90a35d15dbef,14:23.4,9fe06ffc-91c2-4c4e-ac7f-943ba25d6acc,SKU-4955,Grocery,1634,1,1634,UPI,Android,Delhi,Pending,Yes
82e96592-ff1f-432e-9978-2191f45d1a1d,14:23.5,2c71d327-910b-4abd-83ba-d30b9d4c2c3a,SKU-2076,Fashion,1169,1,1169,UPI,Web,Chennai,Shipped,Yes
7d0b9504-b1f5-49a7-8e69-89c63e55df8e,14:23.5,5acc6f7d-8df0-47e3-8feb-cc8e1432bbfd,SKU-6303,Grocery,1564,1,1564,Card,Android,Chennai,Pending,Yes
865907fa-c75f-4962-b089-aa4ec55720df,14:23.6,27e8b584-9af1-4762-9ba7-2d40e342b2d5,SKU-1963,Fashion,3060,1,3060,COD,Android,Hyderabad,Delivered,No
6e7d5610-cf54-4c70-8a9d-e32aab8d70e6,14:23.6,fa577bcb-ed40-4096-9608-6780f1b60a5d,SKU-5965,Home,4774,2,9548,Card,iOS,Hyderabad,Pending,No
f4a3e7ce-9057-4b88-919b-d82301f870d1,14:23.7,497ea8ff-07b8-483e-9089-10f3bd340789,SKU-5396,Fashion,609,3,1827,UPI,iOS,Hyderabad,Pending,Yes
54f376d5-d81e-42cf-8018-4ace501b867d,14:23.7,5e29fa20-5482-4d06-9f9c-dcb1921e5212,SKU-4812,Electronics,1664,2,3328,COD,Android,Delhi,Shipped,Yes
ab6a8c8b-b2cf-4c67-bf44-c88aa89c442d,14:23.8,7c004746-6dc3-4967-ae8e-613793e29d3b,SKU-4251,Electronics,4892,3,14676,COD,Android,Delhi,Delivered,Yes
54bd6ecf-df52-4204-abc8-58f20b323488,14:23.8,2afe86a3-c8a8-4c24-a336-2b3f0a5213df,SKU-8175,Home,1774,3,5322,UPI,iOS,Chennai,Delivered,No
e2103ca2-29d8-4303-95b6-d1bbe90a9ac9,14:23.9,5bc61c2b-6141-4574-9c82-2d2a88c754c1,SKU-6491,Electronics,4488,3,13464,Card,Web,Chennai,Shipped,No
60c37269-e77e-4c9e-8c36-5d47f1c15134,14:23.9,357b156d-7731-4751-b3ff-00e4a6e645dd,SKU-9018,Fashion,3148,1,3148,Card,iOS,Bangalore,Delivered,Yes
34ca106a-da9d-4060-a333-c1270e0f2134,14:24.0,1dd9f11c-70ba-4f42-9686-60b21e61406a,SKU-9009,Grocery,2964,1,2964,COD,Web,Bangalore,Shipped,No
097565ec-3bb8-49af-be3b-f2c5aa748563,14:24.0,d87c0cac-e059-4ea6-a717-df440e678964,SKU-4593,Grocery,1900,2,3800,Card,Web,Chennai,Pending,Yes
9fea9e45-20ad-4cdd-91e7-91f040e8ad74,14:24.1,4293e269-2640-4c29-9897-540efec5dd3e,SKU-7877,Grocery,1238,1,1238,UPI,Android,Mumbai,Shipped,Yes
3d1ec971-f79a-43e4-b890-3a24f2c7cc19,14:24.1,a19ea03c-7fa3-41bc-8136-24fa77f0e19d,SKU-7034,Home,4344,1,4344,COD,Web,Delhi,Shipped,Yes
0d6f8ffa-dbf6-4b2e-894e-039203830cd9,14:24.2,f4833279-d2df-4b7b-a07f-74bf5f119105,SKU-0427,Home,1926,1,1926,UPI,Android,Chennai,Delivered,Yes
b9d0be81-2457-437d-9983-a9977b8e5ee3,14:24.2,39581787-2e19-458b-aa75-1fb1f9254542,SKU-2031,Electronics,3046,3,9138,UPI,Web,Delhi,Delivered,Yes
9893781d-fde1-4589-bafc-04b745896f3d,14:24.3,4de85fef-0fa4-448e-b3d6-2ed80eea2458,SKU-6837,Home,2825,3,8475,COD,Web,Delhi,Delivered,Yes
7b322988-d398-4d67-bd3d-7cd169d322f1,14:24.3,6481056b-32c4-42e5-a258-b45590bba39f,SKU-2982,Electronics,1590,1,1590,COD,Android,Hyderabad,Delivered,Yes
425d3c4d-719c-4d36-a81c-bac3ee4b3d28,14:24.4,653e9797-705d-4b2b-af8e-0c80c066d48c,SKU-2756,Fashion,3336,2,6672,Card,Android,Mumbai,Delivered,Yes
0e389bdc-43ba-4657-a1cf-02cdbd7ab9a3,14:24.4,78059982-3ef4-4377-a087-4b98da4b5564,SKU-6720,Electronics,4052,1,4052,COD,Web,Hyderabad,Delivered,Yes
c17f90b6-c9d0-4f44-9dad-ea1874943513,14:24.5,7d5e2325-04ec-4b43-b944-5ed3a9fad119,SKU-1692,Electronics,4670,2,9340,UPI,Android,Bangalore,Shipped,No
fd03bece-4149-46c0-bd2f-aa5d2806282b,14:24.5,67590a37-092d-4c66-aa84-33fb20e398c7,SKU-5821,Fashion,4507,1,4507,COD,Android,Hyderabad,Pending,No
d52e6a55-6d1e-4c66-aa70-55baa2d7d0b5,14:24.6,85c3dbbe-b338-41ea-907a-97c8af4c7ba8,SKU-7645,Fashion,2181,1,2181,Card,Android,Mumbai,Shipped,No
ca39f937-9c78-40af-82fc-cf748a532ddf,14:24.6,12e338cc-ef3c-490f-a824-dd74b841373c,SKU-1874,Home,2116,3,6348,COD,iOS,Bangalore,Pending,No
fa53c0b4-498d-4a41-ab58-39081a79e783,14:24.7,cbb084f9-54ec-4999-b7fe-d060beda62d1,SKU-1241,Fashion,747,2,1494,UPI,Android,Bangalore,Pending,Yes
e1d6bba5-0c50-423b-867c-2ae2387314fe,14:24.7,aeec4c24-bca6-4649-916e-2bc378fd496c,SKU-1171,Grocery,3528,2,7056,Card,Android,Delhi,Delivered,Yes
8f2c97ff-7ebb-439e-aba7-290288ab0345,14:24.8,d6e2d01b-1577-4b68-9ae1-94a336a70a06,SKU-8637,Fashion,4176,3,12528,UPI,Android,Chennai,Delivered,Yes
cec989c6-bc35-4209-ab5b-20fa8c7bf87e,14:24.8,5f4e7e28-d535-479d-b6e5-1f54782a06fd,SKU-0603,Fashion,4528,3,13584,UPI,Web,Bangalore,Shipped,No
1da5ca2b-0ffb-482e-8192-9195717d45d0,14:24.9,87dcf343-7419-49dc-9273-90479b82fa9c,SKU-8696,Electronics,1067,1,1067,COD,Web,Bangalore,Delivered,Yes
7cc99d6d-7dc1-4fcd-b8d3-b8e32ef51974,14:24.9,389eab70-f918-47ab-9446-111165a74163,SKU-6964,Electronics,2528,1,2528,UPI,iOS,Chennai,Delivered,Yes
4ce8d609-e241-4e0a-b595-13c0609bcc23,14:25.0,a6564618-cdd1-47c0-b8ee-65be68b74dbf,SKU-6044,Grocery,2972,2,5944,COD,Android,Delhi,Shipped,No
42a91260-90cb-4132-b8d5-f058cffdc0f9,14:25.0,50c16dfe-6366-4498-8171-55583dc18b8a,SKU-9652,Electronics,4799,2,9598,UPI,iOS,Mumbai,Shipped,No
ee6e9f75-2c0c-4c96-b11e-c0cf5e37ce40,14:25.1,1f27b6c9-6f2f-47f8-a48e-a45bc66f19ab,SKU-2457,Home,4587,3,13761,Card,iOS,Bangalore,Pending,No
e4ca82b0-2693-4f27-9c9e-9f670cad0356,14:25.1,c04becec-b4ac-4429-a95b-482076d6cafd,SKU-8849,Fashion,4895,1,4895,Card,iOS,Mumbai,Pending,Yes
a21e4c8b-2833-4a84-bc32-3fadcefd0a30,14:25.2,3c8bffd2-aaae-4a0a-9d56-daa7c119843d,SKU-3079,Fashion,553,3,1659,COD,Web,Chennai,Pending,No
7759a1fb-427c-4389-bb57-2f464c72709b,14:25.3,a25edc03-9142-46dc-b474-bc5a3322cce6,SKU-5754,Electronics,4192,3,12576,UPI,Web,Delhi,Pending,Yes
f6a73766-e17e-4182-8c89-d45fc66e8fcf,14:25.3,30e2fdef-c73d-424e-9cdd-82ff3a0f0ce1,SKU-9491,Fashion,1443,1,1443,COD,iOS,Hyderabad,Pending,No
36dd506a-35cd-471f-bbd5-951d0955db34,14:25.4,1170ae76-5f41-4d4f-b8e9-a19667c036ec,SKU-7821,Home,2421,2,4842,COD,iOS,Delhi,Shipped,Yes
e2c03d5b-dc95-4c82-bf80-396a62133e8d,14:25.4,4ad08dbb-abbc-4ca0-a2ce-a7ffc9296f03,SKU-7038,Home,3067,3,9201,COD,iOS,Delhi,Shipped,No
354b3fc5-9934-4bf3-86de-46297412c39d,14:25.5,10519eca-0930-4aa8-afb3-86665096c762,SKU-4484,Home,1387,3,4161,Card,Web,Chennai,Shipped,Yes
755007dd-47ec-4ba0-a32f-9e632a4fbe33,14:25.5,ee4b5b37-c5a5-4842-8bfa-93e324117e5d,SKU-9638,Fashion,1586,3,4758,COD,Android,Mumbai,Pending,No
e8db5d5a-458c-4235-aa7f-3d0fdfb6ee22,14:25.6,2da646bb-8715-4e0e-b29f-f14b5034e696,SKU-7588,Grocery,3881,2,7762,COD,iOS,Delhi,Pending,Yes
4181a7b6-1f8c-4696-8a79-00e05dfca74c,14:25.6,f909837b-d07c-4131-a14d-c70f6e3dd1ca,SKU-1749,Grocery,4408,3,13224,COD,iOS,Bangalore,Pending,Yes
ffd35c43-2276-4b3d-beaa-8cdd44258a26,14:25.7,0f27dd20-2bd1-4014-9206-b5a9565fd095,SKU-5348,Fashion,2603,2,5206,COD,Android,Chennai,Shipped,No
94b7d43d-29ac-4202-bd9a-179e179a2768,14:25.7,4093c0b5-de78-4214-a395-b00378fc5540,SKU-2266,Fashion,4083,2,8166,COD,Web,Hyderabad,Delivered,Yes
9e32d02a-428c-4fe1-a46e-e6d2c0bf5ddc,14:25.8,3f9c03fe-5915-495e-82c2-090da4d61a37,SKU-0335,Electronics,1085,1,1085,COD,Android,Delhi,Pending,Yes
b6e38c4f-9c45-4965-9fc7-ea59b5d1bcaa,14:25.8,dea41046-567b-46ed-aca1-c4ceadc7e252,SKU-4676,Electronics,404,2,808,Card,iOS,Delhi,Shipped,No
7969fb6a-f470-4219-8858-044b4a01b00e,14:25.9,8139962b-7b53-4ae0-812a-d2bdb7a4ef6b,SKU-3178,Home,708,2,1416,Card,Android,Mumbai,Shipped,No
f722ccbe-d5bc-49bb-9fae-474f11951f15,14:25.9,b75f5f29-475a-417c-a6b9-e5188c85c585,SKU-5854,Grocery,1188,1,1188,Card,iOS,Hyderabad,Delivered,No
3ce26c97-0045-4250-8a05-5dd9fe56fc31,14:26.0,28de28b0-6579-4b9d-8c52-0abdc1e0fa22,SKU-5292,Grocery,1532,3,4596,Card,Android,Mumbai,Shipped,No
a5f8e3d1-f566-45e5-9d2e-75f002d7ef56,14:26.0,b4c47b4a-c72c-43d3-acd0-cfa8e03607e5,SKU-8414,Grocery,1302,3,3906,COD,Android,Hyderabad,Shipped,Yes
f8f189cd-f317-45aa-9bed-8cd3fba52ddf,14:26.1,79f23f9a-3d3a-4c39-ab04-aa5906f7743b,SKU-9961,Electronics,3367,3,10101,Card,iOS,Chennai,Delivered,Yes
5301cfb8-9736-4566-9fd7-08ef68935f7e,14:26.1,5beee821-dcdf-4e38-bce0-b2d7bdb09b71,SKU-7827,Fashion,4833,2,9666,Card,iOS,Chennai,Delivered,Yes
bd399f13-efa6-48e8-8111-f358bb34d9a8,14:26.2,4694dfac-2401-4eec-9699-532cf75cc416,SKU-1121,Electronics,1217,2,2434,Card,iOS,Chennai,Shipped,No
aec7d076-b83a-4083-9173-00fffdea1184,14:26.2,a55041c1-a57c-4481-9647-5f3a05b1a632,SKU-2150,Home,3785,1,3785,COD,iOS,Chennai,Shipped,Yes
82dee9f0-54a8-47e9-b3a3-b5db3a5d33c2,14:26.3,beb7ba4d-d41c-4ce0-804a-166d7b1b2984,SKU-6910,Home,2103,1,2103,UPI,iOS,Hyderabad,Shipped,Yes
e6c96b53-e05d-4a79-8ffb-d6f1277022ab,14:26.3,79ece045-d9d3-4b38-84fa-4249ffd1b897,SKU-9993,Fashion,1095,1,1095,COD,Web,Delhi,Shipped,No
47ef2d36-94bd-4996-8f54-6b2a2ee77f9c,14:26.4,e19c7cc0-0c3c-46a2-894f-be96b62a98fb,SKU-1976,Grocery,1867,2,3734,Card,Web,Delhi,Delivered,No
495aa7bb-2028-433a-9fb1-ebdf4ec8394a,14:26.4,4525a6f5-cb22-41ee-901d-f673adea7b47,SKU-1521,Home,2124,1,2124,Card,Android,Bangalore,Pending,No
0d7a59d8-c4af-4af7-a12a-a35661a4917c,14:26.5,796bad3b-922f-4365-92e3-c98b0d96ee31,SKU-5623,Home,2757,3,8271,COD,iOS,Mumbai,Delivered,No
86d418fb-c1b9-49c0-882d-0a02401414d3,14:26.5,8c688e5f-e862-40ff-899c-202e70b2131f,SKU-7816,Home,3753,2,7506,UPI,Android,Mumbai,Shipped,Yes
83bf099c-abb6-4472-9710-9f20ce9a44bf,14:26.6,f36b20fe-5f8e-4d44-95d0-e07c63651abe,SKU-3381,Home,4108,2,8216,COD,iOS,Hyderabad,Delivered,No
ffe35911-0689-469d-bc3a-6b137fcdfa01,14:26.6,6486a47e-c3f0-4a05-81ee-ab7cea2c0a73,SKU-0323,Grocery,1194,1,1194,COD,iOS,Bangalore,Delivered,Yes
652cec88-a6ba-41db-a2fd-0737cfd41d26,14:26.7,3f22ae9e-94c2-4e2b-bcef-042bc8662548,SKU-1852,Grocery,3996,1,3996,COD,Android,Chennai,Pending,Yes
77f10db0-9dc7-458f-8660-2316a62a9b16,14:26.7,8bdfb880-eb95-40b7-b162-02464a7566d0,SKU-5586,Home,522,1,522,COD,Web,Bangalore,Pending,No
6f6840a5-450b-4401-8c22-a32b68b57c2e,14:26.8,a9babf54-2f33-48b6-89d6-c8c6c62d5907,SKU-1203,Fashion,772,1,772,UPI,iOS,Chennai,Delivered,No
e43555c2-5535-473b-bd47-6696114b5a00,14:26.8,f3278940-09d9-43dd-b8bb-d0443f68cc2b,SKU-4877,Home,2385,1,2385,UPI,iOS,Mumbai,Pending,No
9fc6bc63-165b-4a66-8ba2-620e8bbbe31f,14:26.9,b7e8ee25-e83d-4557-b581-52fba33267dc,SKU-2284,Fashion,1412,2,2824,Card,iOS,Hyderabad,Shipped,Yes
84d5912d-b3f1-42a4-b2cb-968d66b1ff81,14:26.9,45e05131-aea1-4704-8c42-2f0f2ba6bb69,SKU-5598,Fashion,2917,3,8751,UPI,Web,Chennai,Shipped,Yes
7f5889ba-e75b-4aaf-8ead-fbb0d149f26b,14:27.0,1685963b-264f-4792-af1b-507f8b11fc30,SKU-2890,Home,3230,3,9690,COD,iOS,Bangalore,Pending,No
99d44b61-4d22-4441-91b3-52033f0d56af,14:27.0,8c64aba3-dfd5-4817-966e-1ce9eca714e4,SKU-5009,Home,4281,2,8562,Card,iOS,Chennai,Pending,No
1676d950-73f5-4315-bb3f-efc9777febd7,14:27.1,e6893ce2-50c0-4110-b448-45e8c81c4e40,SKU-0447,Electronics,2333,2,4666,UPI,Android,Chennai,Shipped,No
2e62c9c0-fcb8-41fc-90b7-73846f133479,14:27.1,9e4229bf-4ee2-49a3-b110-3c8653d0ee45,SKU-4879,Grocery,3356,3,10068,COD,iOS,Delhi,Delivered,Yes
5058931e-14e7-48cd-b83a-1d70203f96b0,14:27.2,f5283b72-7155-4ab4-870d-6e7c64584568,SKU-2225,Home,1162,1,1162,COD,iOS,Hyderabad,Pending,Yes
07cef00c-1ef3-44a8-b0c9-8d3875767d80,14:27.2,5d1b497e-0fee-443e-b99a-5f17bbc6d1cd,SKU-2936,Home,3819,2,7638,UPI,Android,Delhi,Pending,Yes
00dfbf0f-1a53-4e85-8e6f-693b9a6ff2e3,14:27.3,dae34360-e582-484e-af74-b10de56afa79,SKU-5455,Electronics,2769,2,5538,COD,iOS,Chennai,Shipped,Yes
57bf885c-21db-4cbb-a8bd-f310cb40f407,14:27.3,88e75396-ff6e-4c56-b586-1b79a4d62306,SKU-7905,Grocery,4137,2,8274,Card,Web,Bangalore,Delivered,Yes
6cc0526c-fb85-4468-858c-400213da00c2,14:27.4,8aa7005f-5b93-4227-89e9-d76321b52569,SKU-0560,Home,1362,3,4086,Card,Web,Chennai,Pending,No
7b0b2b20-e1ed-46df-8d10-376a0a4f9f02,14:27.4,ff69ed28-c177-4bcb-85d6-ae95d73d0492,SKU-7368,Home,3653,1,3653,Card,iOS,Bangalore,Shipped,No
92726c84-3038-4277-b64d-49c9996e214c,14:27.5,043c5984-e972-4fef-a18e-09075a7657f2,SKU-9965,Electronics,4565,3,13695,Card,Android,Chennai,Delivered,No
4988507e-5de4-456c-b90b-5d90991c8abd,14:27.5,243984d4-eb1a-4167-8ac2-7385ffc0c99e,SKU-8840,Electronics,1910,3,5730,COD,iOS,Bangalore,Shipped,Yes
aeba37e0-3cce-41ac-b914-1266bf68e775,14:27.6,f870569d-a8d4-4708-9951-c6f8005ef3b6,SKU-3184,Fashion,1850,2,3700,Card,Web,Delhi,Pending,No
c180491c-ad46-4718-84b1-c2f751373129,14:27.6,d1a5fcbc-ae88-4026-a7b4-45ee7dbcbb40,SKU-2930,Electronics,1741,1,1741,UPI,Android,Bangalore,Delivered,No
1b5e372a-8e7c-45bd-92dd-d649383274e5,14:27.7,7c3af950-9ec7-41c6-bb67-7fe0b77dabfc,SKU-7601,Electronics,3580,2,7160,Card,Android,Bangalore,Shipped,No
9488592f-a439-4b20-9d41-571472163150,14:27.7,3196e64a-442f-4a88-9b6f-e032373138a5,SKU-1707,Home,1752,2,3504,UPI,Android,Hyderabad,Pending,No
cb47101e-1af2-46e7-935c-51c094e8a5ad,14:27.8,736c3d75-7fdf-4187-9ada-dd57b3e756b9,SKU-6039,Home,3334,1,3334,COD,iOS,Mumbai,Pending,No
df46a052-1f26-4feb-8886-801ac1a25d48,14:27.9,076d487c-5fcc-41d3-a07a-a8f0dca74d49,SKU-2094,Electronics,3826,2,7652,UPI,iOS,Hyderabad,Pending,Yes
8116b371-66e8-470a-9f90-30351a9cf735,14:27.9,4e238cb0-c9cd-46c8-b453-633a30a1be13,SKU-2301,Electronics,4672,2,9344,Card,Android,Hyderabad,Shipped,No
cbc6f144-7cad-4972-a27a-a8de8a683392,14:28.0,f8c3d542-30e5-4e8f-8212-01295c230120,SKU-0262,Electronics,2853,1,2853,Card,Android,Hyderabad,Delivered,No
0970c575-a8d3-4cd0-ad9a-0d02313931c8,14:28.0,2c91143a-e970-4ed8-bee7-a34a1f046bf8,SKU-9366,Fashion,3894,2,7788,Card,Android,Delhi,Pending,No
2cfa2e24-5f02-4c58-926e-3d4b23973a34,14:28.1,10657e15-71e2-4500-b543-dfb75ba1fc52,SKU-5607,Home,2373,3,7119,COD,iOS,Bangalore,Pending,No
8ecd674d-b624-409c-90ed-c4526c2399e6,14:28.1,c3e8aab8-6827-4c12-ba62-7e680943124f,SKU-4633,Home,2337,1,2337,COD,Web,Bangalore,Shipped,No
7bf4580c-51e1-40aa-afe6-634697693fc6,14:28.2,d6f8e454-3553-4858-a9f8-32ad1ded1743,SKU-1133,Grocery,4990,1,4990,Card,Android,Hyderabad,Pending,No
c8cd9b59-0889-44e2-878e-9cf3c581633c,14:28.2,80a4c8e7-ec83-4e94-970e-13de2f0a2b0e,SKU-0295,Fashion,4700,3,14100,UPI,iOS,Bangalore,Delivered,No
6742bbe3-4283-4099-aa24-9a85bf2445c7,14:28.3,1159983d-3a74-4471-bc50-41077aa24cbe,SKU-2974,Grocery,1971,1,1971,Card,iOS,Delhi,Shipped,Yes
d2fbf507-d47b-41a8-991c-dc603e951c3b,14:28.3,a947642b-a1a7-4504-a54c-fd1bc3388c64,SKU-9425,Fashion,2874,3,8622,Card,Web,Chennai,Shipped,No
fe162ab1-609f-4b59-8c39-08a192f96abc,14:28.4,31e3f0d3-6d9c-4a73-ad4a-909f1da75f38,SKU-0119,Grocery,2394,1,2394,UPI,Web,Hyderabad,Pending,No
de496e45-6bc3-4299-8539-70b8ab399d26,14:28.4,c86cb7c4-0e58-439f-a263-2a50ab172381,SKU-9689,Grocery,3760,1,3760,Card,Android,Delhi,Pending,No
5b9c0a56-6967-43ee-ae23-4681beea25b3,14:28.5,c79790f8-09f9-4770-aaa6-6af6adeed09f,SKU-2998,Electronics,1924,2,3848,COD,iOS,Bangalore,Pending,No
3523d5e5-857d-411c-a382-41eb820e948b,14:28.5,b9a9eeee-0889-48e7-ac92-82eaec9bdf8f,SKU-1556,Electronics,1482,3,4446,Card,Web,Mumbai,Delivered,Yes
67228567-6f64-42a4-a82e-1e2696e52ced,14:28.6,3d229f4b-416b-4aa9-a12d-fcad1ccb2f7f,SKU-8960,Electronics,2621,3,7863,Card,iOS,Delhi,Delivered,Yes
8b255e6b-5035-4052-9b45-328ef399d673,14:28.6,e49f4639-f6f4-498d-9157-c0df2be29d36,SKU-9226,Electronics,4786,1,4786,Card,iOS,Bangalore,Pending,No
4da3a521-f1a6-4ce3-87f2-5fd6a79d646f,14:28.7,4986ad25-f20d-4329-a5aa-316a1a0ab925,SKU-7140,Grocery,1044,3,3132,Card,iOS,Chennai,Pending,Yes
53ace08a-f9ec-47e7-a4d4-ea4c15a51b16,14:28.7,20b90d3d-c194-40b4-849e-d7d1fb2af184,SKU-0783,Fashion,3315,1,3315,UPI,iOS,Chennai,Pending,Yes
98d7c8ac-7648-42eb-af7c-7401ada3e571,14:28.8,ef603ce6-9ad5-4f1c-9fda-92830bab8943,SKU-6397,Electronics,4007,1,4007,COD,iOS,Delhi,Pending,No
3c2accee-3f48-4aac-a34c-bff211543e75,14:28.8,76d4fe7b-fb4e-40a6-aeec-991f12fdfc65,SKU-4710,Home,2431,1,2431,Card,Web,Hyderabad,Shipped,Yes
21dd53d0-dcd3-43b6-887a-6f9001690fca,14:28.9,263ba15f-4b58-4ae8-98ed-3a56ecd26052,SKU-6443,Home,1913,3,5739,COD,Web,Mumbai,Shipped,Yes
3ccd4b6c-1d1f-4fd4-93d1-3f3ea0c9df3f,14:28.9,404c515b-925b-4f95-8b13-d36d766e2cfb,SKU-1403,Grocery,1981,1,1981,Card,Web,Bangalore,Delivered,No
a2acb495-2bc7-4f84-a91e-d178ed535466,14:29.0,45a29673-c3d7-4392-890b-9636f711d8d6,SKU-9280,Grocery,3218,3,9654,UPI,iOS,Bangalore,Shipped,Yes
ab7be769-477b-4a03-bc3f-ef858f72cda8,14:29.0,c8f3362b-60f3-474f-b451-fada89a81c0a,SKU-2293,Grocery,4004,1,4004,Card,Android,Chennai,Pending,Yes
163332a1-5350-407d-ac75-f8fca808273a,14:29.1,a47d789e-de4a-4c7e-b341-cea2028defe1,SKU-7446,Fashion,1322,3,3966,UPI,iOS,Bangalore,Pending,No
0827cabe-9d17-4d77-a928-a83137170a26,14:29.1,5178d8b9-8e3b-495f-bf60-b442837f808a,SKU-7801,Home,4043,2,8086,Card,Android,Chennai,Delivered,No
49bb0d24-2a4a-4aff-b233-4f736e9d889a,14:29.2,f2450aef-c235-404f-a57b-989a430b8133,SKU-1876,Home,753,3,2259,COD,iOS,Hyderabad,Delivered,No
aab34425-1e96-4e2b-974c-4b35d81f4f84,14:29.2,9e28118f-d369-4f9b-b6b6-879d54155375,SKU-8015,Electronics,1286,2,2572,COD,Web,Delhi,Pending,Yes
5557a1ea-b64b-4679-9034-8b8d3a7f75b9,14:29.3,2af83c0f-1699-4602-ac67-1114a3822f7a,SKU-3916,Grocery,3462,1,3462,COD,Android,Mumbai,Delivered,No
21ff52c2-693a-4468-99e2-6fa738d77d8a,14:29.3,89ebc6b3-974d-44d4-9992-3e01ca3c86c7,SKU-4985,Grocery,4448,1,4448,UPI,Web,Mumbai,Shipped,No
d10626ad-c649-4f38-b174-ae21b9ebcaab,14:29.4,d262c66b-7184-44f9-b55e-724a75ae7ff9,SKU-0269,Grocery,4026,3,12078,COD,Web,Hyderabad,Delivered,No
267048d4-d83d-44d2-96ce-59063800bb9c,14:29.4,c97a2bfc-e770-48e7-b5ae-71dfea388770,SKU-9257,Electronics,2087,3,6261,Card,Android,Delhi,Shipped,No
167ea281-9939-4c65-870c-87e8f77e8cb4,14:29.5,7096ae7b-d6a3-4d6f-8485-d2d4b09c73cd,SKU-7278,Fashion,1743,1,1743,UPI,iOS,Delhi,Delivered,No
5eb5b3b3-1c32-4d17-9f6e-9107ee068553,14:29.5,ae129ce1-128f-47df-ac24-05a40bc84e20,SKU-8697,Home,3604,3,10812,COD,iOS,Hyderabad,Delivered,No
86b9bbc6-19b2-4fcb-8f5e-46c41da00eda,14:29.6,5d5e23d1-2f76-4b83-94e9-c1ca9a181d79,SKU-6972,Grocery,2141,1,2141,UPI,iOS,Bangalore,Delivered,Yes
094d2a7f-d84d-44df-a9da-9f7a11d5a429,14:29.6,8a86be40-386f-41cb-acb6-d3f8de8f3241,SKU-6507,Fashion,4665,2,9330,COD,iOS,Bangalore,Delivered,Yes
0d372bcf-dcbf-4ac3-b2f1-2b2790e721c6,14:29.7,72bf581d-a5c1-48d6-84ff-f90d82e737a8,SKU-6246,Home,3077,2,6154,Card,iOS,Bangalore,Delivered,Yes
343b4171-86cf-43dd-9a07-36b5a0c69f6d,14:29.7,c5a03dfa-925d-486a-bec2-ca17d79910cc,SKU-4282,Grocery,341,1,341,UPI,Web,Chennai,Pending,Yes
cb5509fd-722d-418c-8159-3ed1639763c8,14:29.8,6c3634eb-4c5a-46ca-afa1-e714d2c3de6c,SKU-6976,Fashion,3942,1,3942,Card,Web,Hyderabad,Pending,No
835742a3-0746-44f2-977c-8940e0208350,14:29.8,23436bf9-6f33-44e6-8bb1-794be67e62c6,SKU-8436,Fashion,4034,1,4034,COD,Web,Delhi,Delivered,No
853b8902-108a-4d38-a712-1ae39be99142,14:29.9,a0cf5e4b-9990-4de5-aa6a-816e41ba1e90,SKU-3635,Grocery,4168,2,8336,UPI,iOS,Delhi,Pending,No
ac1ef7b6-a837-4032-8e06-24cef9d36ff6,14:29.9,bb613cea-b766-4c64-b1d6-37014c5ed8e1,SKU-1514,Electronics,4236,2,8472,COD,Android,Mumbai,Pending,No
1b6db5e8-ba6c-480b-bb7e-64e0de3f916a,14:30.0,1cf967c3-e254-443d-b5e0-4f06f05b7ae6,SKU-4308,Electronics,4464,3,13392,Card,Android,Chennai,Delivered,Yes
3a1a2262-1cde-4328-9116-27e280a1ff0e,14:30.0,c8d476af-08e6-49e6-9b04-fb8796c288c2,SKU-5172,Electronics,3634,3,10902,COD,iOS,Chennai,Delivered,No
4d52f893-504b-421b-9847-86d0b760b58e,14:30.1,517ae69d-1381-40eb-ade5-e06f59387b56,SKU-6924,Fashion,2364,2,4728,Card,iOS,Hyderabad,Pending,No
b8e4ba12-d165-4b28-84d1-38a5059b35e8,14:30.1,8c9dfce7-69b9-4f1f-ba7a-47477b70b7d1,SKU-6313,Fashion,1567,1,1567,Card,Android,Delhi,Pending,No
113314df-f15f-477c-82ab-9d98330b8cce,14:30.2,052f435c-97ef-493e-9ea7-a58a4405b05d,SKU-5015,Electronics,4260,3,12780,UPI,Android,Delhi,Shipped,Yes
8945d43c-dfe3-4399-b6d9-9db404197112,14:30.2,0fd1e6ba-b7ee-4e18-b109-f96e2e30c7b8,SKU-9080,Grocery,4796,2,9592,UPI,Web,Delhi,Delivered,Yes
640c6730-0d8a-40b7-88c5-22f3426c0b5a,14:30.3,96702e78-2a75-4409-9b51-25bf38bb7cb9,SKU-9430,Grocery,4907,1,4907,UPI,iOS,Mumbai,Shipped,No
433894f1-26ac-4a51-bad5-c893b2f6deab,14:30.3,632fac7c-b857-455b-8137-4ce04a8a1299,SKU-1289,Fashion,2647,1,2647,UPI,iOS,Mumbai,Delivered,Yes
e27d8d03-99c0-4ccc-a066-ca5be62ac7ef,14:30.4,e4bbf6fe-d7b5-43b0-b359-2b5836a09f7a,SKU-2137,Grocery,3952,2,7904,COD,iOS,Hyderabad,Shipped,No
5cf51bca-3476-4437-a013-4b06844de0c2,14:30.4,9df40c11-a57f-433e-95eb-e62187e3a4f4,SKU-8395,Home,3760,3,11280,UPI,Android,Chennai,Pending,No
a9e6629b-6d44-4068-90ee-2ebd16cc7227,14:30.5,8a522af5-3061-44b8-951d-ea0232b01b4b,SKU-4504,Fashion,911,3,2733,Card,Android,Delhi,Pending,Yes
7e630014-9517-4cf1-ba0f-b880720424aa,14:30.5,218e62ea-ffb6-417e-97e5-54da0e6d124b,SKU-0322,Electronics,2536,1,2536,UPI,Web,Mumbai,Pending,No
d75bcc08-a043-41e2-9d50-9c676fb0f2a9,14:30.6,027dc201-9d24-4269-b3a5-ed9d6de9b359,SKU-7583,Electronics,1348,3,4044,UPI,iOS,Delhi,Delivered,No
567539f4-e598-479f-ae24-f8957a0c9a28,14:30.6,788d8f3d-d407-4a15-b4d8-8d9347abd500,SKU-9008,Electronics,4280,2,8560,COD,Android,Mumbai,Pending,Yes
dbbe3718-4e17-4a39-a76b-5047ac383667,14:30.7,3dc8c247-35fd-408c-bcb0-addef9ceea4e,SKU-5214,Home,1484,3,4452,Card,Android,Hyderabad,Delivered,Yes
83cee529-e0a5-4f71-b1db-c12d1d4e668e,14:30.7,03bf5ce5-c84b-47b1-9da8-5fc42814d5f8,SKU-3663,Home,4411,1,4411,Card,Android,Chennai,Shipped,No
0730ae85-fe25-4a00-9805-60be26b3c14d,14:30.8,409e3a8b-b936-412c-b888-501b1716ea33,SKU-7095,Fashion,3322,1,3322,COD,iOS,Chennai,Shipped,Yes
d20753cf-0175-413f-ba89-dbe3cb654735,14:30.8,0054f696-8a3c-4971-9bc1-81e64d1d10e5,SKU-6054,Fashion,2962,3,8886,Card,iOS,Bangalore,Shipped,Yes
981ad355-07b1-4f00-b7ec-3821c84febf4,14:30.9,2fb01e46-d112-44b9-8d54-a11860922aaa,SKU-4429,Grocery,1350,2,2700,Card,Web,Hyderabad,Delivered,No
e8f7d807-5877-4ff8-aea5-26926b92cb69,14:30.9,e9d0e83c-0334-4593-893e-b6befd61198c,SKU-3793,Home,4614,2,9228,Card,iOS,Chennai,Delivered,No
49547559-8c43-40ba-97fb-baf4dfed959e,14:31.0,047a630e-a488-443d-b2f8-6399e4db3c17,SKU-6313,Home,3067,1,3067,COD,iOS,Chennai,Shipped,Yes
8714e327-7aff-413d-af2a-32aaed176588,14:31.0,2f94f960-adcf-4f2a-b70f-0a18e2a00886,SKU-4999,Fashion,2525,2,5050,Card,iOS,Chennai,Shipped,No
49702aae-b25e-4555-87e9-84c1d6b5598b,14:31.1,5c2543e4-a79a-4149-82b5-e0114aac27e2,SKU-6799,Electronics,2964,2,5928,COD,Web,Chennai,Shipped,No
d10e09d5-b5f1-480b-8db8-9bd8ae1f3faa,14:31.2,8fb34b3c-b8c5-4a99-a971-2e71557143ea,SKU-6052,Grocery,4610,3,13830,UPI,iOS,Mumbai,Delivered,Yes
81f6d50c-ecd3-4362-aa6c-95e2978e34b9,14:31.2,f955e6a0-f3af-493f-8ad1-e3f286207968,SKU-7406,Fashion,2881,2,5762,UPI,Android,Mumbai,Pending,Yes
6298b158-8e1d-4a81-a7db-f051743932df,14:31.3,2c9ed0ab-1b48-43ba-9465-b40b933d7938,SKU-6286,Grocery,2832,1,2832,COD,Android,Bangalore,Shipped,Yes
de8a669e-baaa-49df-be9f-b84be954fbd1,14:31.3,8bfcbdc5-120f-434f-af50-877344574d44,SKU-0592,Fashion,1953,3,5859,UPI,Android,Delhi,Delivered,No
cfc395ca-7d19-4e47-9e85-9a82982a8caa,14:31.4,88ad6b77-0b98-45f9-bf03-837886c7b605,SKU-8418,Electronics,4387,1,4387,UPI,Android,Mumbai,Pending,No
a9ac3bb7-0e5a-45de-9b46-b06d55bb5184,14:31.4,159700fb-c0ab-40c2-afed-6bd991f42988,SKU-4013,Electronics,637,3,1911,COD,Android,Bangalore,Delivered,Yes
e3278682-8a5f-4024-9c39-ebc1ae92d547,14:31.5,ebf48c59-ef91-48ed-b18d-c638963d6b65,SKU-9366,Electronics,4110,2,8220,COD,Web,Hyderabad,Delivered,Yes
91bd8dc1-f16e-443f-b460-20176af9d40a,14:31.5,ae5991fa-8975-4771-8c91-9adc789e48c1,SKU-2049,Fashion,1890,1,1890,Card,iOS,Chennai,Delivered,Yes
797a452f-8aab-497f-946a-e09a1af9a028,14:31.6,63515a1b-a0bb-4918-8618-619854aaacc7,SKU-5018,Electronics,3157,1,3157,COD,Web,Hyderabad,Shipped,No
49913ebc-ad4e-47e1-8762-c4d17639d54e,14:31.6,ee44639e-8428-4690-b617-483717e8b54c,SKU-2054,Fashion,2704,3,8112,Card,iOS,Hyderabad,Pending,No
ea725219-2534-48a0-af07-c5f4f1ff7dad,14:31.7,863c79cd-6f22-4e18-b75d-a065e141b143,SKU-5615,Grocery,2210,3,6630,Card,Web,Bangalore,Pending,No
ba8e7d7b-800f-4191-9955-b358eedad9dd,14:31.7,39609e17-9625-46a0-9ae2-d9e1063032e9,SKU-5567,Electronics,1655,1,1655,Card,iOS,Chennai,Delivered,Yes
e79904d4-402c-4b96-a595-0666ff97d2cf,14:31.8,95a0176b-4008-4ccc-b9c8-9ce23b1d0795,SKU-8597,Fashion,3954,3,11862,COD,Web,Delhi,Shipped,Yes
bfab388d-f10d-4cf2-926e-3672c9e43807,14:31.8,a6bec21d-37ed-450e-b1e6-44d33ada7b5c,SKU-2058,Grocery,2141,3,6423,UPI,Web,Mumbai,Pending,Yes
a94a658a-0d49-4c7b-92b9-023ad1112024,14:31.9,d206503e-6f7f-427c-a554-bc0df4fdffa0,SKU-7027,Home,3720,3,11160,COD,Android,Chennai,Delivered,No
102422ae-7f99-4708-9fe0-e0b8bb4b12ae,14:31.9,9100eefb-57c7-4e6b-bee6-cffcfe561ad0,SKU-9353,Electronics,1541,2,3082,COD,Web,Hyderabad,Delivered,No
29aee50b-a5df-47b6-b6fb-7d8e64dfa170,14:32.0,9463c2e3-ae33-4431-b8d8-b490740b8f6f,SKU-4993,Home,2633,2,5266,COD,Android,Chennai,Shipped,No
3f7bf41a-ad5e-4047-91ea-874dab20ba2b,14:32.0,f416b57d-1c01-4d63-ba2e-615cd5c9bd5d,SKU-6158,Home,4987,3,14961,Card,Web,Chennai,Pending,Yes
5f842e6e-311d-4064-b3f4-ce136a8e5333,14:32.1,b24968c0-cb17-4a18-9f6e-269274664fa1,SKU-5747,Home,588,2,1176,UPI,iOS,Delhi,Shipped,Yes
6ac14650-e38a-4808-8237-37e4da63b8d7,14:32.1,9a88cd7a-b267-434d-a065-3f571c8627b8,SKU-0937,Fashion,3138,1,3138,COD,Web,Delhi,Delivered,No
adef2363-f448-4b3b-b38c-a9d5e0331a2c,14:32.2,fb6907cb-764e-4546-b59e-fb62f134452c,SKU-3005,Home,4329,2,8658,UPI,Android,Chennai,Delivered,No
ed8f5b46-05e1-4780-bd1b-31831378121e,14:32.2,8e52a324-6804-4aa9-ae25-ede5583ada33,SKU-1242,Fashion,1137,1,1137,COD,Web,Bangalore,Shipped,No
cd4cb5c7-b45e-4dbf-9961-05a5274da827,14:32.3,46dee6f6-f3b7-4c6e-b5f8-135469ea9792,SKU-2126,Grocery,2028,2,4056,Card,Web,Hyderabad,Shipped,Yes
67b3b68f-c0ca-4079-b50e-ca26d476f190,14:32.3,a5dbbbfe-5f0a-4cc0-bba4-de9834db322a,SKU-4831,Fashion,2575,3,7725,Card,Android,Delhi,Delivered,Yes
c8516529-6c6d-4117-8c7c-2d82f62cd78e,14:32.4,bb2b9236-3963-46b2-9e42-25be51d2b515,SKU-4380,Electronics,2360,3,7080,Card,Web,Bangalore,Pending,Yes
28e558da-4183-454a-ab4e-aef1ad2661a0,14:32.4,5c1ef8a8-c7bf-49ad-8a19-9131090eed0f,SKU-9190,Home,1264,3,3792,Card,iOS,Delhi,Shipped,Yes
4fa1ec79-6b79-4c37-bf94-8a3b7f1e25d7,14:32.5,b10f322d-576f-41d9-8c18-85424861485e,SKU-6786,Grocery,1106,3,3318,COD,iOS,Hyderabad,Delivered,No
4e95dcf4-315f-4098-ba88-8394fe0dae2d,14:32.5,83887bb4-58e6-4582-abc8-5461256eef7a,SKU-6523,Fashion,604,3,1812,Card,Web,Mumbai,Shipped,No
29b5bfb4-4dd9-4d9d-a654-36a26c8fb4c1,14:32.6,b8c4efd9-0f3c-4877-a592-12a98b305929,SKU-0669,Grocery,1185,3,3555,UPI,iOS,Mumbai,Shipped,No
